건축년도,년,단지,법정동,보증금,시군구,월,월세,일,전용면적,지번,지역코드,층
2003,2011,목인트라움오피스텔,번동,"4,500",강북구,1,0,3,20.31,446-68,11305,4
2003,2011,북한산드림캐슬,번동,"5,500",강북구,1,0,5,24.09,448-2,11305,14
2004,2011,포르텔오피스텔,번동,"1,500",강북구,1,50,6,25.6,417-6,11305,6
2010,2011,삼보힐,번동,"6,500",강북구,1,0,8,37.8,449-22,11305,10
2005,2011,효성네오인텔리안,번동,500,강북구,1,50,11,31.71,418-3,11305,5
2010,2011,삼보힐,번동,"10,000",강북구,1,0,11,18.9,449-22,11305,15
2003,2011,목인트라움오피스텔,번동,"4,500",강북구,1,0,12,20.31,446-68,11305,4
2010,2011,삼보힐,번동,"6,300",강북구,1,0,12,39.2,449-22,11305,13
2003,2011,강북중앙드림빌,번동,"5,500",강북구,1,0,17,32.49,448-7,11305,7
2004,2011,포르텔오피스텔,번동,"1,500",강북구,1,50,18,25.6,417-6,11305,6
2010,2011,삼보힐,번동,"3,000",강북구,1,35,18,19.6,449-22,11305,5
2005,2011,효성 인텔리안 오피스텔,수유동,"2,000",강북구,1,40,4,30.19,230-7,11305,20
2005,2011,효성 인텔리안 오피스텔,수유동,"3,500",강북구,1,35,18,30.49,230-7,11305,17
2005,2011,수유동이테크밸리오피스텔,수유동,"1,000",강북구,1,65,20,40.15,95-7,11305,11
2005,2011,효성 인텔리안 오피스텔,수유동,500,강북구,1,65,27,30.19,230-7,11305,10
2005,2011,효성 인텔리안 오피스텔,수유동,"1,000",강북구,1,55,31,27.76,230-7,11305,20
2004,2011,포르텔오피스텔,번동,"7,000",강북구,2,0,7,25.6,417-6,11305,4
2010,2011,삼보힐,번동,"6,000",강북구,2,0,10,37.45,449-22,11305,11
2003,2011,강북중앙드림빌,번동,"3,000",강북구,2,25,12,32.49,448-7,11305,4
2004,2011,포르텔오피스텔,번동,500,강북구,2,60,12,25.6,417-6,11305,5
2010,2011,삼보힐,번동,"10,000",강북구,2,0,15,19.6,449-22,11305,15
2003,2011,북한산드림캐슬,번동,500,강북구,2,50,15,24.09,448-2,11305,6
2010,2011,삼보힐,번동,"10,500",강북구,2,0,19,18.9,449-22,11305,15
2010,2011,삼보힐,번동,"3,000",강북구,2,30,25,37.45,449-22,11305,10
2010,2011,삼보힐,번동,"6,500",강북구,2,0,25,18.9,449-22,11305,7
2010,2011,삼보힐,번동,"5,500",강북구,2,0,27,37.45,449-22,11305,8
2004,2011,포르텔오피스텔,번동,"1,000",강북구,2,55,27,25.6,417-6,11305,4
2004,2011,포르텔오피스텔,번동,"7,000",강북구,2,0,27,25.6,417-6,11305,8
2003,2011,북한산드림캐슬,번동,"2,000",강북구,2,35,28,24.09,448-2,11305,11
2005,2011,수유동이테크밸리오피스텔,수유동,"2,000",강북구,2,50,16,34.23,95-7,11305,10
2005,2011,수유동이테크밸리오피스텔,수유동,"1,000",강북구,2,50,21,27.81,95-7,11305,17
2003,2011,목인트라움오피스텔,번동,"4,800",강북구,3,0,15,17.7,446-68,11305,7
2003,2011,강북중앙드림빌,번동,"4,500",강북구,3,0,21,28.71,448-7,11305,6
2003,2011,목인트라움오피스텔,번동,"6,000",강북구,3,0,23,31.23,446-68,11305,5
2001,2011,밀레니엄 오피스텔,번동,"1,500",강북구,3,40,26,24.47,465-4,11305,7
2010,2011,삼보힐,번동,"6,500",강북구,3,0,28,18.9,449-22,11305,6
2002,2011,두온,수유동,"4,000",강북구,3,0,2,30.29,46-5,11305,3
2010,2011,태솔타워,수유동,"12,000",강북구,3,0,5,59.74,51-7,11305,3
2005,2011,수유동이테크밸리오피스텔,수유동,"4,000",강북구,3,20,15,27.81,95-7,11305,12
2003,2011,두온오피스텔,수유동,"3,000",강북구,3,35,30,33.2,223-1,11305,9
2010,2011,태솔타워,수유동,"13,000",강북구,3,0,30,59.89,51-7,11305,4
2010,2011,삼보힐,번동,"6,500",강북구,4,0,2,37.8,449-22,11305,12
2005,2011,효성네오인텔리안,번동,"7,000",강북구,4,0,26,29.1,418-3,11305,6
2003,2011,목인트라움오피스텔,번동,"6,500",강북구,4,0,30,31.23,446-68,11305,5
2005,2011,수유동이테크밸리오피스텔,수유동,"6,500",강북구,4,0,6,27.81,95-7,11305,12
2005,2011,효성 인텔리안 오피스텔,수유동,"2,500",강북구,4,35,6,30.49,230-7,11305,13
2005,2011,수유동이테크밸리오피스텔,수유동,"3,000",강북구,4,30,12,27.81,95-7,11305,6
2005,2011,수유동이테크밸리오피스텔,수유동,"1,000",강북구,4,50,12,27.81,95-7,11305,8
2005,2011,효성 인텔리안 오피스텔,수유동,"7,500",강북구,4,0,23,30.49,230-7,11305,6
2003,2011,북한산드림캐슬,번동,"6,000",강북구,5,0,6,24.09,448-2,11305,14
2010,2011,삼보힐,번동,"3,000",강북구,5,30,7,18.9,449-22,11305,5
2004,2011,포르텔오피스텔,번동,"1,000",강북구,5,55,21,25.6,417-6,11305,11
2010,2011,삼보힐,번동,"1,500",강북구,5,45,31,19.6,449-22,11305,6
2010,2011,삼보힐,번동,"6,000",강북구,5,0,31,39.2,449-22,11305,10
2005,2011,효성 인텔리안 오피스텔,수유동,500,강북구,5,60,4,30.49,230-7,11305,14
2005,2011,효성 인텔리안 오피스텔,수유동,"1,000",강북구,5,55,5,28.82,230-7,11305,8
2005,2011,수유동이테크밸리오피스텔,수유동,"1,000",강북구,5,50,7,27.81,95-7,11305,8
2005,2011,수유동이테크밸리오피스텔,수유동,"2,000",강북구,5,45,23,31.63,95-7,11305,13
2005,2011,수유동이테크밸리오피스텔,수유동,"3,000",강북구,5,40,30,29.61,95-7,11305,15
2010,2011,삼보힐,번동,"6,000",강북구,6,0,3,37.45,449-22,11305,8
2004,2011,포르텔오피스텔,번동,"2,000",강북구,6,45,9,25.6,417-6,11305,6
2003,2011,북한산드림캐슬,번동,"1,000",강북구,6,45,13,24.09,448-2,11305,13
2001,2011,밀레니엄 오피스텔,번동,"5,000",강북구,6,0,14,24.95,465-4,11305,4
2004,2011,포르텔오피스텔,번동,"7,500",강북구,6,0,15,25.6,417-6,11305,11
2003,2011,목인트라움오피스텔,번동,"5,500",강북구,6,0,25,25.9,446-68,11305,6
2010,2011,삼보힐,번동,"6,000",강북구,7,0,4,39.2,449-22,11305,12
2004,2011,포르텔오피스텔,번동,"2,000",강북구,7,45,17,25.6,417-6,11305,7
2001,2011,밀레니엄 오피스텔,번동,"6,000",강북구,7,0,22,24.47,465-4,11305,6
2004,2011,포르텔오피스텔,번동,"2,000",강북구,7,45,23,25.6,417-6,11305,4
2004,2011,포르텔오피스텔,번동,"5,000",강북구,7,20,28,25.6,417-6,11305,7
2005,2011,수유동이테크밸리오피스텔,수유동,"3,000",강북구,7,30,5,27.98,95-7,11305,13
2005,2011,수유동이테크밸리오피스텔,수유동,"4,000",강북구,7,30,5,34.23,95-7,11305,7
2005,2011,효성 인텔리안 오피스텔,수유동,"1,000",강북구,7,55,16,30.49,230-7,11305,17
2005,2011,수유동이테크밸리오피스텔,수유동,500,강북구,7,55,30,27.81,95-7,11305,9
2010,2011,삼보힐,번동,"6,500",강북구,8,0,9,37.8,449-22,11305,9
2010,2011,삼보힐,번동,"6,000",강북구,8,0,9,18.9,449-22,11305,7
2010,2011,삼보힐,번동,"6,500",강북구,8,0,13,37.8,449-22,11305,14
2010,2011,삼보힐,번동,"10,000",강북구,8,0,13,19.6,449-22,11305,15
2005,2011,효성네오인텔리안,번동,"8,500",강북구,8,0,18,32.97,418-3,11305,5
2004,2011,포르텔오피스텔,번동,"1,000",강북구,8,55,18,25.6,417-6,11305,12
2003,2011,북한산드림캐슬,번동,500,강북구,8,50,22,24.09,448-2,11305,3
2005,2011,효성네오인텔리안,번동,"3,000",강북구,8,40,27,29.1,418-3,11305,4
2001,2011,밀레니엄 오피스텔,번동,500,강북구,8,45,27,24.95,465-4,11305,3
2003,2011,목인트라움오피스텔,번동,500,강북구,8,45,29,19.38,446-68,11305,8
2010,2011,삼보힐,번동,"6,500",강북구,8,0,29,37.8,449-22,11305,12
2011,2011,태솔타운,수유동,"3,000",강북구,8,65,31,61.11,77-9,11305,2
2004,2011,포르텔오피스텔,번동,"3,000",강북구,9,35,3,25.6,417-6,11305,12
2001,2011,밀레니엄 오피스텔,번동,"6,000",강북구,9,0,15,24.47,465-4,11305,6
2003,2011,북한산드림캐슬,번동,"1,000",강북구,9,45,26,24.09,448-2,11305,14
2010,2011,삼보힐,번동,"2,500",강북구,9,35,27,39.2,449-22,11305,8
2010,2011,삼보힐,번동,"5,000",강북구,9,10,29,39.2,449-22,11305,8
2003,2011,목인트라움오피스텔,번동,"5,500",강북구,9,0,29,25.9,446-68,11305,6
2005,2011,수유동이테크밸리오피스텔,수유동,500,강북구,9,60,1,27.98,95-7,11305,17
2005,2011,수유동이테크밸리오피스텔,수유동,500,강북구,9,65,3,34.23,95-7,11305,9
2010,2011,쏠라리움타워,수유동,"2,000",강북구,9,55,15,35,45-1,11305,9
2005,2011,효성 인텔리안 오피스텔,수유동,"1,000",강북구,9,50,16,28.82,230-7,11305,7
2005,2011,효성 인텔리안 오피스텔,수유동,"3,000",강북구,9,40,27,34.95,230-7,11305,18
2005,2011,효성네오인텔리안,번동,"8,000",강북구,10,0,11,32.97,418-3,11305,4
2004,2011,포르텔오피스텔,번동,"7,500",강북구,10,0,21,25.6,417-6,11305,8
2005,2011,효성네오인텔리안,번동,"7,000",강북구,10,0,25,29.1,418-3,11305,6
2010,2011,삼보힐,번동,"2,000",강북구,10,35,25,37.45,449-22,11305,14
2004,2011,포르텔오피스텔,번동,"1,500",강북구,10,50,27,25.6,417-6,11305,4
2005,2011,효성 인텔리안 오피스텔,수유동,"2,000",강북구,10,50,6,30.49,230-7,11305,10
2010,2011,삼보힐,번동,"6,500",강북구,11,0,8,37.45,449-22,11305,14
2010,2011,삼보힐,번동,500,강북구,11,55,13,37.8,449-22,11305,11
2010,2011,삼보힐,번동,"5,000",강북구,11,10,15,18.9,449-22,11305,6
2004,2011,포르텔오피스텔,번동,"2,000",강북구,11,45,25,25.6,417-6,11305,9
2005,2011,효성 인텔리안 오피스텔,수유동,"8,000",강북구,11,0,8,34.13,230-7,11305,20
2005,2011,수유동이테크밸리오피스텔,수유동,"1,000",강북구,11,55,12,29.61,95-7,11305,14
2005,2011,효성 인텔리안 오피스텔,수유동,"2,000",강북구,11,45,12,30.19,230-7,11305,19
2002,2011,두온,수유동,"8,500",강북구,11,0,29,36.42,46-5,11305,3
2010,2011,삼보힐,번동,"6,500",강북구,12,0,2,19.6,449-22,11305,7
2010,2011,삼보힐,번동,"6,500",강북구,12,0,3,39.2,449-22,11305,10
2004,2011,포르텔오피스텔,번동,"1,500",강북구,12,50,19,25.6,417-6,11305,12
2001,2011,밀레니엄 오피스텔,번동,"1,000",강북구,12,40,22,24.95,465-4,11305,4
2010,2011,삼보힐,번동,"6,500",강북구,12,0,24,18.9,449-22,11305,5
2010,2011,삼보힐,번동,"6,500",강북구,12,0,26,19.6,449-22,11305,6
2010,2011,삼보힐,번동,"6,500",강북구,12,0,28,39.2,449-22,11305,12
2010,2011,삼보힐,번동,"6,500",강북구,12,0,28,39.2,449-22,11305,11
2005,2011,효성 인텔리안 오피스텔,수유동,"3,000",강북구,12,30,10,30.19,230-7,11305,6
2010,2011,쏠라리움타워,수유동,"1,000",강북구,12,55,17,24.92,45-1,11305,8
2010,2012,삼보힐,번동,"6,500",강북구,1,0,6,39.2,449-22,11305,8
2003,2012,북한산드림캐슬,번동,"2,500",강북구,1,30,14,24.09,448-2,11305,10
2005,2012,효성네오인텔리안,번동,"8,000",강북구,1,0,16,32.97,418-3,11305,4
2004,2012,포르텔오피스텔,번동,500,강북구,1,60,19,25.6,417-6,11305,9
2005,2012,수유동이테크밸리오피스텔,수유동,"1,000",강북구,1,60,3,34.23,95-7,11305,16
2010,2012,쏠라리움타워,수유동,"1,000",강북구,1,55,17,26.78,45-1,11305,9
2005,2012,수유동이테크밸리오피스텔,수유동,"2,000",강북구,1,50,30,34.23,95-7,11305,17
2001,2012,밀레니엄 오피스텔,번동,"6,000",강북구,2,0,1,24.47,465-4,11305,4
2004,2012,포르텔오피스텔,번동,"7,500",강북구,2,0,7,25.6,417-6,11305,4
2003,2012,북한산드림캐슬,번동,"6,000",강북구,2,0,16,24.09,448-2,11305,14
2010,2012,삼보힐,번동,"6,500",강북구,2,0,21,37.45,449-22,11305,12
2010,2012,삼보힐,번동,"6,500",강북구,2,0,28,37.8,449-22,11305,14
2010,2012,태솔타워,수유동,"13,000",강북구,2,0,10,59.89,51-7,11305,3
2005,2012,수유동이테크밸리오피스텔,수유동,"1,000",강북구,2,73,11,40.93,95-7,11305,10
2010,2012,FIRST VIEW,수유동,"2,500",강북구,2,30,15,19.2,274-3,11305,2
2005,2012,효성 인텔리안 오피스텔,수유동,"2,500",강북구,2,40,19,30.49,230-7,11305,13
2005,2012,효성 인텔리안 오피스텔,수유동,"7,500",강북구,2,0,19,34.51,230-7,11305,5
2010,2012,한일그랑빌,수유동,"11,000",강북구,2,0,20,57.4,252-143,11305,2
2005,2012,효성 인텔리안 오피스텔,수유동,"1,000",강북구,2,60,29,34.13,230-7,11305,12
2010,2012,쏠라리움타워,수유동,500,강북구,2,70,29,25.62,45-1,11305,14
2004,2012,포르텔오피스텔,번동,"2,000",강북구,3,45,4,25.6,417-6,11305,12
2005,2012,효성네오인텔리안,번동,"1,000",강북구,3,58,5,32.97,418-3,11305,6
2004,2012,포르텔오피스텔,번동,"1,500",강북구,3,50,10,25.6,417-6,11305,9
2003,2012,목인트라움오피스텔,번동,"4,800",강북구,3,0,16,17.7,446-68,11305,7
2005,2012,효성네오인텔리안,번동,500,강북구,3,60,16,32.97,418-3,11305,4
2003,2012,북한산드림캐슬,번동,"2,000",강북구,3,35,21,24.09,448-2,11305,6
2005,2012,효성네오인텔리안,번동,"3,000",강북구,3,40,22,29.1,418-3,11305,4
2003,2012,북한산드림캐슬,번동,"2,000",강북구,3,35,27,24.09,448-2,11305,14
2010,2012,삼보힐,번동,"3,300",강북구,3,25,30,37.45,449-22,11305,13
2005,2012,효성 인텔리안 오피스텔,수유동,"2,000",강북구,3,45,2,30.49,230-7,11305,13
2003,2012,두온오피스텔,수유동,500,강북구,3,60,9,33.2,223-1,11305,10
2012,2012,(77-8),수유동,500,강북구,3,50,11,20.9,77-8,11305,6
2005,2012,수유동이테크밸리오피스텔,수유동,500,강북구,3,55,12,27.98,95-7,11305,16
2010,2012,한일그랑빌,수유동,"12,000",강북구,3,0,14,47.52,252-143,11305,5
2005,2012,수유동이테크밸리오피스텔,수유동,"1,000",강북구,3,75,15,40.93,95-7,11305,5
2010,2012,쏠라리움타워,수유동,"3,000",강북구,3,55,24,36.61,45-1,11305,13
2010,2012,삼보힐,번동,"6,500",강북구,4,0,10,37.8,449-22,11305,13
2001,2012,밀레니엄 오피스텔,번동,"6,000",강북구,4,0,10,24.95,465-4,11305,4
2010,2012,삼보힐,번동,"6,500",강북구,4,0,13,39.2,449-22,11305,14
2010,2012,삼보힐,번동,"6,500",강북구,4,0,19,37.8,449-22,11305,10
2010,2012,삼보힐,번동,"6,000",강북구,4,5,27,19.6,449-22,11305,7
2005,2012,효성네오인텔리안,번동,"2,000",강북구,4,45,28,29.1,418-3,11305,5
2005,2012,수유동이테크밸리오피스텔,수유동,"9,000",강북구,4,0,2,40.15,95-7,11305,12
2005,2012,효성 인텔리안 오피스텔,수유동,"7,500",강북구,4,0,7,30.49,230-7,11305,8
2002,2012,두온,수유동,"5,500",강북구,4,0,19,30.29,46-5,11305,2
2005,2012,효성 인텔리안 오피스텔,수유동,"1,000",강북구,4,55,27,30.49,230-7,11305,9
2010,2012,삼보힐,번동,"6,500",강북구,5,0,1,37.8,449-22,11305,13
2010,2012,삼보힐,번동,"6,500",강북구,5,0,14,39.2,449-22,11305,14
2003,2012,두온오피스텔,수유동,"7,000",강북구,5,0,18,33.2,223-1,11305,6
2010,2012,한일그랑빌,수유동,"11,000",강북구,5,0,30,57.38,252-143,11305,2
2002,2012,두온,수유동,"6,000",강북구,5,0,30,30.29,46-5,11305,2
2004,2012,포르텔오피스텔,번동,"5,000",강북구,6,20,12,25.6,417-6,11305,10
2010,2012,삼보힐,번동,"6,500",강북구,6,0,20,18.9,449-22,11305,7
2003,2012,북한산드림캐슬,번동,"2,000",강북구,6,35,21,24.09,448-2,11305,13
2010,2012,삼보힐,번동,"6,500",강북구,6,0,28,19.6,449-22,11305,6
2012,2012,제네스타워,수유동,"7,000",강북구,6,0,8,29.41,48-1,11305,15
2005,2012,수유동이테크밸리오피스텔,수유동,500,강북구,6,65,16,34.23,95-7,11305,11
2012,2012,제네스타워,수유동,"8,000",강북구,6,0,20,29.41,48-1,11305,10
2012,2012,제네스타워,수유동,"11,500",강북구,6,0,22,37.8,48-1,11305,15
2012,2012,제네스타워,수유동,"9,000",강북구,6,0,22,31.65,48-1,11305,18
2012,2012,제네스타워,수유동,"8,000",강북구,6,0,25,29.41,48-1,11305,9
2012,2012,제네스타워,수유동,"7,500",강북구,6,0,28,29.25,48-1,11305,15
2012,2012,제네스타워,수유동,"7,500",강북구,6,0,29,29.25,48-1,11305,19
2012,2012,제네스타워,수유동,"8,500",강북구,6,0,29,29.25,48-1,11305,16
2012,2012,제네스타워,수유동,"7,500",강북구,6,0,30,29.41,48-1,11305,13
2010,2012,삼보힐,번동,"6,500",강북구,7,0,2,37.45,449-22,11305,11
2004,2012,포르텔오피스텔,번동,"2,500",강북구,7,40,20,25.6,417-6,11305,3
2003,2012,북한산드림캐슬,번동,"1,500",강북구,7,40,21,24.09,448-2,11305,10
2010,2012,삼보힐,번동,"6,500",강북구,7,0,27,19.6,449-22,11305,7
2010,2012,삼보힐,번동,"6,500",강북구,7,0,30,39.2,449-22,11305,13
2010,2012,삼보힐,번동,"5,500",강북구,7,0,31,37.45,449-22,11305,14
2012,2012,제네스타워,수유동,"8,000",강북구,7,0,4,29.41,48-1,11305,12
2005,2012,수유동이테크밸리오피스텔,수유동,"1,000",강북구,7,65,4,40.15,95-7,11305,11
2012,2012,제네스타워,수유동,"9,000",강북구,7,0,7,33.73,48-1,11305,7
2012,2012,제네스타워,수유동,"4,000",강북구,7,40,9,29.25,48-1,11305,5
2012,2012,제네스타워,수유동,"1,000",강북구,7,65,10,33.1,48-1,11305,14
2012,2012,제네스타워,수유동,"3,000",강북구,7,40,10,29.41,48-1,11305,11
2012,2012,제네스타워,수유동,"2,000",강북구,7,50,11,29.41,48-1,11305,6
2012,2012,(46-6),수유동,"10,000",강북구,7,12,12,40.44,46-6,11305,4
2012,2012,제네스타워,수유동,"9,000",강북구,7,0,13,33.1,48-1,11305,15
2012,2012,제네스타워,수유동,"10,000",강북구,7,0,20,38.23,48-1,11305,6
2010,2012,쏠라리움타워,수유동,"11,000",강북구,7,0,21,35,45-1,11305,14
2012,2012,제네스타워,수유동,"2,000",강북구,7,50,24,29.41,48-1,11305,18
2012,2012,제네스타워,수유동,"10,000",강북구,7,0,26,37.8,48-1,11305,18
2012,2012,제네스타워,수유동,"3,500",강북구,7,35,30,29.25,48-1,11305,6
2010,2012,삼보힐,번동,"4,000",강북구,8,20,7,37.45,449-22,11305,10
2010,2012,삼보힐,번동,"4,000",강북구,8,25,8,37.8,449-22,11305,14
2004,2012,포르텔오피스텔,번동,500,강북구,8,55,10,25.6,417-6,11305,7
2010,2012,삼보힐,번동,"6,500",강북구,8,0,13,37.8,449-22,11305,11
2010,2012,삼보힐,번동,"6,500",강북구,8,0,25,37.8,449-22,11305,10
2012,2012,제네스타워,수유동,"2,000",강북구,8,55,1,29.25,48-1,11305,11
2012,2012,제네스타워,수유동,"4,000",강북구,8,40,1,31.65,48-1,11305,10
2012,2012,(46-6),수유동,"11,500",강북구,8,0,3,40.44,46-6,11305,4
2012,2012,제네스타워,수유동,500,강북구,8,60,3,29.41,48-1,11305,5
2012,2012,제네스타워,수유동,"2,000",강북구,8,50,4,29.25,48-1,11305,13
2012,2012,제네스타워,수유동,500,강북구,8,65,11,29.25,48-1,11305,11
2012,2012,제네스타워,수유동,"5,000",강북구,8,50,16,38.23,48-1,11305,10
2012,2012,제네스타워,수유동,"2,000",강북구,8,55,18,31.65,48-1,11305,7
2005,2012,효성 인텔리안 오피스텔,수유동,"7,000",강북구,8,0,20,30.49,230-7,11305,18
2005,2012,수유동이테크밸리오피스텔,수유동,"7,500",강북구,8,0,22,29.61,95-7,11305,7
2012,2012,제네스타워,수유동,"2,000",강북구,8,55,24,29.25,48-1,11305,16
2005,2012,수유동이테크밸리오피스텔,수유동,500,강북구,8,55,28,27.81,95-7,11305,15
2012,2012,제네스타워,수유동,"5,000",강북구,8,40,31,37.8,48-1,11305,16
2012,2012,제네스타워,수유동,"2,000",강북구,8,55,31,29.41,48-1,11305,16
2003,2012,북한산드림캐슬,번동,"1,500",강북구,9,40,5,24.09,448-2,11305,11
2010,2012,삼보힐,번동,"4,000",강북구,9,25,21,37.8,449-22,11305,12
2010,2012,삼보힐,번동,"6,500",강북구,9,0,24,37.8,449-22,11305,12
2012,2012,제네스타워,수유동,"5,000",강북구,9,35,1,33.73,48-1,11305,9
2005,2012,수유동이테크밸리오피스텔,수유동,"1,000",강북구,9,50,1,27.81,95-7,11305,9
2005,2012,수유동이테크밸리오피스텔,수유동,500,강북구,9,55,3,29.61,95-7,11305,6
2012,2012,제네스타워,수유동,"2,000",강북구,9,60,4,33.1,48-1,11305,12
2003,2012,두온오피스텔,수유동,"1,500",강북구,9,50,6,33.2,223-1,11305,6
2002,2012,두온,수유동,"6,000",강북구,9,0,7,30.29,46-5,11305,2
2010,2012,쏠라리움타워,수유동,"2,000",강북구,9,50,8,29.31,45-1,11305,6
2012,2012,제네스타워,수유동,"2,000",강북구,9,60,10,29.25,48-1,11305,16
2003,2012,두온오피스텔,수유동,500,강북구,9,60,10,33.2,223-1,11305,4
2011,2012,태솔타운,수유동,"2,000",강북구,9,50,10,61.11,77-9,11305,3
2010,2012,태솔타워,수유동,"12,500",강북구,9,0,11,59.74,51-7,11305,3
2012,2012,제네스타워,수유동,"2,000",강북구,9,60,11,33.73,48-1,11305,19
2012,2012,제네스타워,수유동,"1,000",강북구,9,80,15,38.23,48-1,11305,14
2005,2012,효성 인텔리안 오피스텔,수유동,"7,500",강북구,9,10,17,30.49,230-7,11305,10
2010,2012,쏠라리움타워,수유동,"3,000",강북구,9,35,21,26.78,45-1,11305,10
2012,2012,제네스타워,수유동,"1,000",강북구,9,75,22,33.1,48-1,11305,13
2005,2012,효성 인텔리안 오피스텔,수유동,"2,000",강북구,9,45,24,30.49,230-7,11305,18
2010,2012,삼보힐,번동,"6,500",강북구,10,0,2,37.8,449-22,11305,8
2004,2012,포르텔오피스텔,번동,"3,000",강북구,10,40,17,25.6,417-6,11305,8
2005,2012,효성네오인텔리안,번동,"8,000",강북구,10,0,26,32.97,418-3,11305,4
2005,2012,수유동이테크밸리오피스텔,수유동,"8,000",강북구,10,0,3,27.81,95-7,11305,7
2010,2012,한일그랑빌,수유동,"5,000",강북구,10,17,9,45.4,252-143,11305,6
2012,2012,제네스타워,수유동,500,강북구,10,70,13,33.1,48-1,11305,18
2005,2012,효성 인텔리안 오피스텔,수유동,"6,000",강북구,10,25,16,30.49,230-7,11305,15
2005,2012,수유동이테크밸리오피스텔,수유동,"1,000",강북구,10,65,17,36.78,95-7,11305,12
2005,2012,수유동이테크밸리오피스텔,수유동,"1,000",강북구,10,55,19,31.63,95-7,11305,11
2012,2012,제네스타워,수유동,"9,000",강북구,10,0,31,33.73,48-1,11305,12
2005,2012,효성네오인텔리안,번동,"3,000",강북구,11,40,1,29.1,418-3,11305,5
2010,2012,삼보힐,번동,"6,500",강북구,11,0,12,37.8,449-22,11305,8
1991,2012,가든타워오피스텔,번동,500,강북구,11,50,21,36.9,446-13,11305,11
2010,2012,삼보힐,번동,"6,500",강북구,11,0,22,37.8,449-22,11305,11
2003,2012,강북중앙드림빌,번동,"6,500",강북구,11,0,24,28.97,448-7,11305,6
2004,2012,포르텔오피스텔,번동,"3,000",강북구,11,35,27,25.6,417-6,11305,12
2005,2012,효성 인텔리안 오피스텔,수유동,"3,000",강북구,11,35,9,29.32,230-7,11305,15
2005,2012,수유동이테크밸리오피스텔,수유동,"2,000",강북구,11,40,10,27.81,95-7,11305,16
2012,2012,제네스타워,수유동,"5,000",강북구,11,60,14,38.23,48-1,11305,16
2005,2012,수유동이테크밸리오피스텔,수유동,"1,000",강북구,11,50,14,27.81,95-7,11305,16
2005,2012,효성 인텔리안 오피스텔,수유동,"8,500",강북구,11,0,15,34.13,230-7,11305,20
2012,2012,제네스타워,수유동,"2,000",강북구,11,50,24,29.41,48-1,11305,18
2010,2012,삼보힐,번동,"5,500",강북구,12,0,11,37.45,449-22,11305,10
2010,2012,삼보힐,번동,"6,500",강북구,12,0,13,39.2,449-22,11305,9
2001,2012,밀레니엄 오피스텔,번동,500,강북구,12,45,21,24.47,465-4,11305,3
2005,2012,수유동이테크밸리오피스텔,수유동,"2,000",강북구,12,40,1,27.81,95-7,11305,11
2005,2012,수유동이테크밸리오피스텔,수유동,"3,000",강북구,12,50,3,40.15,95-7,11305,7
2005,2012,수유동이테크밸리오피스텔,수유동,"1,000",강북구,12,50,11,27.98,95-7,11305,9
2010,2013,삼보힐,번동,"6,500",강북구,1,0,2,18.9,449-22,11305,7
2005,2013,효성네오인텔리안,번동,"2,000",강북구,1,50,2,32.97,418-3,11305,5
2004,2013,포르텔오피스텔,번동,"3,000",강북구,1,40,3,25.6,417-6,11305,5
2003,2013,강북중앙드림빌,번동,"3,000",강북구,1,35,12,28.97,448-7,11305,4
2004,2013,포르텔오피스텔,번동,500,강북구,1,60,21,25.6,417-6,11305,5
2010,2013,삼보힐,번동,"6,500",강북구,1,0,24,19.6,449-22,11305,5
2005,2013,효성 인텔리안 오피스텔,수유동,"3,000",강북구,1,30,3,30.19,230-7,11305,6
2005,2013,수유동이테크밸리오피스텔,수유동,"2,500",강북구,1,40,10,31.63,95-7,11305,6
2010,2013,쏠라리움타워,수유동,"4,000",강북구,1,25,18,24.92,45-1,11305,6
2005,2013,효성 인텔리안 오피스텔,수유동,"1,000",강북구,1,50,26,29.32,230-7,11305,9
2005,2013,효성 인텔리안 오피스텔,수유동,"1,500",강북구,1,45,26,30.49,230-7,11305,6
2005,2013,수유동이테크밸리오피스텔,수유동,500,강북구,1,65,26,34.23,95-7,11305,6
2003,2013,북한산드림캐슬,번동,"2,000",강북구,2,30,4,24.09,448-2,11305,12
2004,2013,포르텔오피스텔,번동,"5,000",강북구,2,20,19,25.6,417-6,11305,10
2005,2013,수유동이테크밸리오피스텔,수유동,500,강북구,2,65,2,36.78,95-7,11305,8
2012,2013,제네스타워,수유동,"4,000",강북구,2,45,2,33.73,48-1,11305,9
2005,2013,수유동이테크밸리오피스텔,수유동,500,강북구,2,55,4,27.81,95-7,11305,12
2005,2013,효성 인텔리안 오피스텔,수유동,"6,000",강북구,2,25,15,30.49,230-7,11305,15
2012,2013,제네스타워,수유동,"5,000",강북구,2,30,16,33.1,48-1,11305,17
2010,2013,쏠라리움타워,수유동,"1,000",강북구,2,60,16,29.31,45-1,11305,12
2010,2013,쏠라리움타워,수유동,"2,000",강북구,2,45,18,24.92,45-1,11305,14
2010,2013,쏠라리움타워,수유동,"2,000",강북구,2,45,18,26.78,45-1,11305,7
2010,2013,쏠라리움타워,수유동,"2,000",강북구,2,55,20,25.62,45-1,11305,14
2010,2013,쏠라리움타워,수유동,"1,000",강북구,2,60,20,29.31,45-1,11305,6
2012,2013,제네스타워,수유동,"3,000",강북구,2,40,23,29.25,48-1,11305,12
2003,2013,두온오피스텔,수유동,"1,500",강북구,2,50,23,33.2,223-1,11305,7
2012,2013,제네스타워,수유동,"2,500",강북구,2,55,25,33.73,48-1,11305,8
2005,2013,수유동이테크밸리오피스텔,수유동,"1,000",강북구,2,50,25,31.63,95-7,11305,8
2012,2013,제네스타워,수유동,"8,000",강북구,2,0,26,29.41,48-1,11305,10
2012,2013,제네스타워,수유동,"5,000",강북구,2,50,28,37,48-1,11305,13
2004,2013,포르텔오피스텔,번동,"1,500",강북구,3,50,1,25.6,417-6,11305,11
2010,2013,삼보힐,번동,"6,500",강북구,3,0,11,39.2,449-22,11305,10
2001,2013,밀레니엄 오피스텔,번동,"1,000",강북구,3,40,15,24.47,465-4,11305,4
2003,2013,강북중앙드림빌,번동,"6,500",강북구,3,0,16,28.97,448-7,11305,6
2003,2013,강북중앙드림빌,번동,"5,500",강북구,3,7,16,32.49,448-7,11305,7
2010,2013,삼보힐,번동,"6,500",강북구,3,0,16,18.9,449-22,11305,7
2001,2013,밀레니엄 오피스텔,번동,"1,000",강북구,3,40,18,24.95,465-4,11305,6
2002,2013,두온,수유동,500,강북구,3,45,3,30.29,46-5,11305,2
2005,2013,수유동이테크밸리오피스텔,수유동,"7,500",강북구,3,0,12,27.81,95-7,11305,17
2005,2013,수유동이테크밸리오피스텔,수유동,"2,500",강북구,3,35,16,27.81,95-7,11305,6
2012,2013,제네스타워,수유동,"11,500",강북구,3,0,22,31.65,48-1,11305,15
2005,2013,효성 인텔리안 오피스텔,수유동,"1,500",강북구,3,50,25,30.49,230-7,11305,12
2003,2013,북한산드림캐슬,번동,"3,000",강북구,4,30,2,24.09,448-2,11305,10
2005,2013,효성네오인텔리안,번동,"8,500",강북구,4,0,4,32.97,418-3,11305,5
2004,2013,포르텔오피스텔,번동,"1,000",강북구,4,55,12,25.6,417-6,11305,10
2010,2013,삼보힐,번동,"6,500",강북구,4,0,24,18.9,449-22,11305,6
2010,2013,삼보힐,번동,"3,000",강북구,4,30,27,39.2,449-22,11305,9
2003,2013,북한산드림캐슬,번동,"1,000",강북구,4,45,30,24.09,448-2,11305,9
2012,2013,제네스타워,수유동,"4,000",강북구,4,55,1,37,48-1,11305,9
2010,2013,쏠라리움타워,수유동,"8,000",강북구,4,0,2,20.36,45-1,11305,12
2010,2013,쏠라리움타워,수유동,"8,000",강북구,4,0,6,24.92,45-1,11305,5
2012,2013,태솔캡슬,수유동,"2,000",강북구,4,105,14,61.92,50-20,11305,2
2005,2013,수유동이테크밸리오피스텔,수유동,"1,000",강북구,4,50,15,27.81,95-7,11305,6
2010,2013,쏠라리움타워,수유동,"1,000",강북구,4,75,19,36.61,45-1,11305,11
2005,2013,효성 인텔리안 오피스텔,수유동,"2,000",강북구,4,50,26,30.49,230-7,11305,15
2012,2013,제네스타워,수유동,"6,000",강북구,4,10,26,29.41,48-1,11305,15
2003,2013,목인트라움오피스텔,번동,"6,500",강북구,5,0,1,31.23,446-68,11305,5
2004,2013,포르텔오피스텔,번동,"2,000",강북구,5,45,3,25.6,417-6,11305,9
2010,2013,삼보힐,번동,"6,500",강북구,5,0,11,39.2,449-22,11305,10
2003,2013,목인트라움오피스텔,번동,"5,500",강북구,5,0,18,25.9,446-68,11305,6
2003,2013,목인트라움오피스텔,번동,"6,000",강북구,5,0,22,31.23,446-68,11305,5
2003,2013,강북중앙드림빌,번동,"1,000",강북구,5,55,27,28.71,448-7,11305,2
2010,2013,삼보힐,번동,"3,000",강북구,5,35,29,37.8,449-22,11305,9
2010,2013,쏠라리움타워,수유동,"2,000",강북구,5,40,2,24.92,45-1,11305,12
2005,2013,수유동이테크밸리오피스텔,수유동,500,강북구,5,55,3,27.81,95-7,11305,15
2012,2013,제네스타워,수유동,800,강북구,5,72,6,33.73,48-1,11305,11
2010,2013,태솔타워,수유동,"12,000",강북구,5,0,14,47.55,51-7,11305,2
2005,2013,수유동이테크밸리오피스텔,수유동,"10,000",강북구,5,0,28,40.15,95-7,11305,14
2003,2013,목인트라움오피스텔,번동,"3,000",강북구,6,10,25,17.7,446-68,11305,7
2003,2013,목인트라움오피스텔,번동,"2,000",강북구,6,20,28,17.7,446-68,11305,7
2010,2013,삼보힐,번동,"6,500",강북구,6,0,29,37.8,449-22,11305,13
2005,2013,효성 인텔리안 오피스텔,수유동,"2,500",강북구,6,40,1,28.82,230-7,11305,9
2005,2013,효성 인텔리안 오피스텔,수유동,"8,000",강북구,6,0,7,27.76,230-7,11305,18
2003,2013,두온오피스텔,수유동,"7,000",강북구,6,0,8,33.2,223-1,11305,6
2012,2013,(77-8),수유동,"6,000",강북구,6,0,15,20.9,77-8,11305,6
2005,2013,효성 인텔리안 오피스텔,수유동,500,강북구,6,50,18,31.18,230-7,11305,11
2012,2013,(77-8),수유동,"6,000",강북구,6,0,21,20.9,77-8,11305,6
2012,2013,제네스타워,수유동,"12,000",강북구,6,0,24,37.8,48-1,11305,15
2005,2013,효성 인텔리안 오피스텔,수유동,500,강북구,6,55,26,30.49,230-7,11305,5
2005,2013,수유동이테크밸리오피스텔,수유동,"1,000",강북구,6,55,28,31.63,95-7,11305,11
2010,2013,삼보힐,번동,"6,500",강북구,7,0,2,39.2,449-22,11305,14
2004,2013,포르텔오피스텔,번동,"8,000",강북구,7,0,6,25.6,417-6,11305,5
2010,2013,삼보힐,번동,"6,500",강북구,7,0,15,39.2,449-22,11305,10
2010,2013,삼보힐,번동,"5,500",강북구,7,0,17,37.45,449-22,11305,9
2003,2013,목인트라움오피스텔,번동,"2,000",강북구,7,25,20,20.31,446-68,11305,5
2010,2013,삼보힐,번동,"6,500",강북구,7,0,27,18.9,449-22,11305,5
2003,2013,목인트라움오피스텔,번동,"2,000",강북구,7,25,27,19.38,446-68,11305,7
2005,2013,효성네오인텔리안,번동,"1,000",강북구,7,55,27,29.1,418-3,11305,6
2010,2013,삼보힐,번동,"6,500",강북구,7,0,27,37.45,449-22,11305,11
2005,2013,효성 인텔리안 오피스텔,수유동,"8,500",강북구,7,0,6,34.95,230-7,11305,6
2012,2013,제네스타워,수유동,"8,000",강북구,7,0,6,29.41,48-1,11305,10
2005,2013,효성 인텔리안 오피스텔,수유동,500,강북구,7,65,10,34.95,230-7,11305,19
2005,2013,수유동이테크밸리오피스텔,수유동,"3,000",강북구,7,35,13,29.61,95-7,11305,7
2013,2013,(50-89),수유동,"14,000",강북구,7,0,15,56.28,50-89,11305,3
2012,2013,제네스타워,수유동,"12,000",강북구,7,0,17,37.8,48-1,11305,18
2012,2013,제네스타워,수유동,"9,000",강북구,7,0,18,29.25,48-1,11305,6
2005,2013,수유동이테크밸리오피스텔,수유동,"2,000",강북구,7,40,18,27.81,95-7,11305,17
2005,2013,효성 인텔리안 오피스텔,수유동,"2,000",강북구,7,40,19,30.49,230-7,11305,11
2012,2013,제네스타워,수유동,"11,500",강북구,7,0,20,38.23,48-1,11305,6
2005,2013,효성 인텔리안 오피스텔,수유동,"1,000",강북구,7,50,20,30.49,230-7,11305,6
2012,2013,제네스타워,수유동,"10,000",강북구,7,0,26,31.65,48-1,11305,5
2010,2013,쏠라리움타워,수유동,"2,500",강북구,7,45,26,26.78,45-1,11305,13
2012,2013,제네스타워,수유동,"12,000",강북구,7,0,31,37,48-1,11305,18
2003,2013,북한산드림캐슬,번동,"1,000",강북구,8,45,2,24.09,448-2,11305,7
2003,2013,북한산드림캐슬,번동,"1,000",강북구,8,45,2,24.09,448-2,11305,13
2010,2013,삼보힐,번동,"6,500",강북구,8,0,7,39.2,449-22,11305,12
2005,2013,효성네오인텔리안,번동,"1,500",강북구,8,45,19,29.1,418-3,11305,5
2004,2013,포르텔오피스텔,번동,"3,000",강북구,8,40,24,25.6,417-6,11305,5
2005,2013,효성네오인텔리안,번동,"1,000",강북구,8,60,28,32.97,418-3,11305,5
2005,2013,효성 인텔리안 오피스텔,수유동,"1,000",강북구,8,60,2,34.95,230-7,11305,18
2012,2013,제네스타워,수유동,"4,000",강북구,8,30,3,29.25,48-1,11305,18
2005,2013,효성 인텔리안 오피스텔,수유동,500,강북구,8,60,5,34.51,230-7,11305,9
2005,2013,효성 인텔리안 오피스텔,수유동,500,강북구,8,65,6,34.51,230-7,11305,10
2013,2013,(50-89),수유동,500,강북구,8,50,10,22.71,50-89,11305,3
2012,2013,제네스타워,수유동,"4,500",강북구,8,35,13,33.1,48-1,11305,8
2010,2013,FIRST VIEW,수유동,"4,000",강북구,8,18,14,19.2,274-3,11305,2
2012,2013,제네스타워,수유동,"1,000",강북구,8,80,14,37.8,48-1,11305,12
2005,2013,효성 인텔리안 오피스텔,수유동,"1,000",강북구,8,50,17,27.76,230-7,11305,5
2005,2013,수유동이테크밸리오피스텔,수유동,500,강북구,8,55,24,27.81,95-7,11305,13
2012,2013,제네스타워,수유동,"3,000",강북구,8,50,30,31.65,48-1,11305,16
2012,2013,제네스타워,수유동,"4,000",강북구,8,35,30,31.65,48-1,11305,9
2005,2013,효성 인텔리안 오피스텔,수유동,500,강북구,8,55,30,28.82,230-7,11305,7
2010,2013,삼보힐,번동,"6,500",강북구,9,0,2,37.8,449-22,11305,11
2003,2013,목인트라움오피스텔,번동,"6,000",강북구,9,0,6,31.23,446-68,11305,4
2003,2013,강북중앙드림빌,번동,500,강북구,9,55,6,25.53,448-7,11305,5
2003,2013,목인트라움오피스텔,번동,"5,500",강북구,9,0,17,25.9,446-68,11305,6
2012,2013,태솔캡슬,수유동,"18,000",강북구,9,0,11,61.92,50-20,11305,3
2005,2013,효성 인텔리안 오피스텔,수유동,"1,000",강북구,9,55,23,30.49,230-7,11305,8
2003,2013,두온오피스텔,수유동,500,강북구,9,55,27,33.2,223-1,11305,7
2005,2013,효성 인텔리안 오피스텔,수유동,"2,000",강북구,9,40,27,29.32,230-7,11305,18
2010,2013,삼보힐,번동,"6,500",강북구,10,0,10,37.8,449-22,11305,11
2010,2013,삼보힐,번동,"5,500",강북구,10,0,21,37.45,449-22,11305,10
2005,2013,수유동이테크밸리오피스텔,수유동,500,강북구,10,80,4,40.93,95-7,11305,12
2005,2013,수유동이테크밸리오피스텔,수유동,500,강북구,10,60,4,31.63,95-7,11305,12
2005,2013,수유동이테크밸리오피스텔,수유동,"1,000",강북구,10,60,8,36.78,95-7,11305,7
2003,2013,두온오피스텔,수유동,500,강북구,10,55,10,33.2,223-1,11305,7
2012,2013,제네스타워,수유동,500,강북구,10,60,11,29.41,48-1,11305,5
2005,2013,수유동이테크밸리오피스텔,수유동,"2,000",강북구,10,50,14,34.23,95-7,11305,12
2012,2013,제네스타워,수유동,"1,000",강북구,10,73,14,33.73,48-1,11305,9
2005,2013,수유동이테크밸리오피스텔,수유동,"7,000",강북구,10,0,18,27.81,95-7,11305,5
2012,2013,제네스타워,수유동,500,강북구,10,65,19,31.65,48-1,11305,13
2012,2013,제네스타워,수유동,"10,000",강북구,10,0,30,38.23,48-1,11305,10
2010,2013,삼보힐,번동,"6,500",강북구,11,0,2,37.8,449-22,11305,10
2005,2013,효성네오인텔리안,번동,"3,000",강북구,11,35,9,29.1,418-3,11305,6
2012,2013,제네스타워,수유동,"3,000",강북구,11,50,1,33.73,48-1,11305,14
2005,2013,수유동이테크밸리오피스텔,수유동,"10,000",강북구,11,0,6,40.93,95-7,11305,6
2005,2013,효성 인텔리안 오피스텔,수유동,"8,500",강북구,11,0,11,30.49,230-7,11305,9
2012,2013,제네스타워,수유동,"12,000",강북구,11,0,11,37,48-1,11305,8
2012,2013,제네스타워,수유동,"9,000",강북구,11,0,11,29.41,48-1,11305,18
2010,2013,쏠라리움타워,수유동,"1,000",강북구,11,85,19,36.61,45-1,11305,13
2002,2013,두온,수유동,"2,000",강북구,11,35,26,30.29,46-5,11305,3
2012,2013,제네스타워,수유동,"2,000",강북구,11,50,30,29.25,48-1,11305,12
2005,2013,효성네오인텔리안,번동,"2,000",강북구,12,50,23,31.71,418-3,11305,5
2010,2013,삼보힐,번동,"5,000",강북구,12,11,24,37.45,449-22,11305,13
2004,2013,포르텔오피스텔,번동,"1,000",강북구,12,55,31,25.6,417-6,11305,12
2010,2013,한일그랑빌,수유동,"1,000",강북구,12,50,1,45.4,252-143,11305,6
2012,2013,태솔캡슬,수유동,300,강북구,12,20,14,61.34,50-20,11305,2
2012,2013,제네스타워,수유동,"12,000",강북구,12,0,16,37,48-1,11305,19
2005,2013,수유동이테크밸리오피스텔,수유동,"10,000",강북구,12,0,17,40.15,95-7,11305,14
2005,2013,수유동이테크밸리오피스텔,수유동,500,강북구,12,55,24,27.81,95-7,11305,9
2012,2013,제네스타워,수유동,"12,000",강북구,12,0,25,37.8,48-1,11305,14
2012,2013,제네스타워,수유동,"3,000",강북구,12,40,26,29.25,48-1,11305,5
2010,2014,삼보힐,번동,"6,500",강북구,1,0,10,39.2,449-22,11305,8
2004,2014,포르텔오피스텔,번동,"8,000",강북구,1,0,14,25.6,417-6,11305,4
2010,2014,삼보힐,번동,"6,500",강북구,1,0,23,37.8,449-22,11305,14
2003,2014,북한산드림캐슬,번동,"4,000",강북구,1,20,25,24.09,448-2,11305,10
2010,2014,태솔타워,수유동,"14,500",강북구,1,0,4,59.89,51-7,11305,3
2005,2014,효성 인텔리안 오피스텔,수유동,"1,000",강북구,1,50,4,30.49,230-7,11305,10
2005,2014,효성 인텔리안 오피스텔,수유동,"8,000",강북구,1,0,6,28.82,230-7,11305,10
2005,2014,수유동이테크밸리오피스텔,수유동,"1,000",강북구,1,73,9,40.93,95-7,11305,10
2005,2014,수유동이테크밸리오피스텔,수유동,500,강북구,1,50,15,40.93,95-7,11305,5
2005,2014,효성 인텔리안 오피스텔,수유동,"2,000",강북구,1,40,17,29.32,230-7,11305,16
2012,2014,제네스타워,수유동,"12,000",강북구,1,0,25,37,48-1,11305,6
2010,2014,삼보힐,번동,"6,500",강북구,2,0,4,19.6,449-22,11305,5
2010,2014,삼보힐,번동,"6,500",강북구,2,0,8,18.9,449-22,11305,7
2010,2014,삼보힐,번동,"5,000",강북구,2,10,13,19.6,449-22,11305,7
2003,2014,강북중앙드림빌,번동,"1,000",강북구,2,55,19,32.49,448-7,11305,7
2010,2014,삼보힐,번동,"6,500",강북구,2,0,28,37.45,449-22,11305,10
2005,2014,수유동이테크밸리오피스텔,수유동,"2,000",강북구,2,40,3,27.98,95-7,11305,15
2005,2014,수유동이테크밸리오피스텔,수유동,"1,000",강북구,2,60,8,34.23,95-7,11305,10
2005,2014,효성 인텔리안 오피스텔,수유동,500,강북구,2,55,10,30.49,230-7,11305,4
2005,2014,수유동이테크밸리오피스텔,수유동,500,강북구,2,55,14,27.81,95-7,11305,15
2010,2014,한일그랑빌,수유동,"12,000",강북구,2,0,15,47.52,252-143,11305,5
2010,2014,FIRST VIEW,수유동,"2,500",강북구,2,40,17,19.2,274-3,11305,2
2005,2014,효성 인텔리안 오피스텔,수유동,"2,000",강북구,2,45,28,30.49,230-7,11305,9
2003,2014,목인트라움오피스텔,번동,"4,000",강북구,3,20,27,19.04,446-68,11305,8
2003,2014,강북중앙드림빌,번동,"1,000",강북구,3,55,27,28.97,448-7,11305,6
2001,2014,밀레니엄 오피스텔,번동,"6,000",강북구,3,0,30,24.95,465-4,11305,4
2004,2014,포르텔오피스텔,번동,500,강북구,3,60,31,25.6,417-6,11305,11
2012,2014,제네스타워,수유동,"12,000",강북구,3,0,8,37.8,48-1,11305,10
2005,2014,효성 인텔리안 오피스텔,수유동,"2,000",강북구,3,40,11,30.49,230-7,11305,11
2005,2014,효성 인텔리안 오피스텔,수유동,"2,000",강북구,3,40,15,31.18,230-7,11305,16
2012,2014,제네스타워,수유동,"1,000",강북구,3,63,17,33.1,48-1,11305,10
2014,2014,라온재,수유동,"9,000",강북구,3,0,24,31.48,77-62,11305,6
2010,2014,태솔타워,수유동,"15,000",강북구,3,0,26,59.89,51-7,11305,4
2012,2014,제네스타워,수유동,"12,000",강북구,3,0,26,37,48-1,11305,13
2014,2014,라온재,수유동,"9,000",강북구,3,0,28,31.48,77-62,11305,5
2005,2014,수유동이테크밸리오피스텔,수유동,"1,000",강북구,3,60,31,34.23,95-7,11305,16
2005,2014,수유동이테크밸리오피스텔,수유동,"1,000",강북구,4,50,1,27.81,95-7,11305,6
2005,2014,효성 인텔리안 오피스텔,수유동,500,강북구,4,60,3,30.19,230-7,11305,19
2014,2014,라온재,수유동,"4,500",강북구,4,35,12,26.91,77-62,11305,4
2014,2014,라온재,수유동,"2,000",강북구,4,55,12,26.91,77-62,11305,5
2012,2014,제네스타워,수유동,"3,000",강북구,4,40,12,29.25,48-1,11305,6
2014,2014,라온재,수유동,"8,000",강북구,4,0,16,26.91,77-62,11305,6
2014,2014,라온재,수유동,"9,000",강북구,4,0,17,31.48,77-62,11305,6
2014,2014,라온재,수유동,"8,500",강북구,4,0,21,31.48,77-62,11305,3
2005,2014,효성 인텔리안 오피스텔,수유동,"4,000",강북구,4,20,21,30.19,230-7,11305,15
2012,2014,제네스타워,수유동,"12,000",강북구,4,0,22,37.8,48-1,11305,19
2005,2014,효성 인텔리안 오피스텔,수유동,"3,000",강북구,4,40,28,30.49,230-7,11305,18
2010,2014,쏠라리움타워,수유동,"10,000",강북구,4,0,29,35,45-1,11305,6
2012,2014,제네스타워,수유동,"1,000",강북구,4,70,30,33.73,48-1,11305,10
2005,2014,효성 인텔리안 오피스텔,수유동,"8,500",강북구,4,0,30,34.13,230-7,11305,10
2012,2014,제네스타워,수유동,"11,400",강북구,5,0,19,31.65,48-1,11305,15
2012,2014,제네스타워,수유동,"10,000",강북구,5,0,19,33.1,48-1,11305,15
2012,2014,제네스타워,수유동,"2,000",강북구,5,60,24,33.1,48-1,11305,14
2012,2014,제네스타워,수유동,"9,000",강북구,5,0,27,29.41,48-1,11305,12
2010,2014,쏠라리움타워,수유동,"10,000",강북구,5,0,29,35,45-1,11305,7
2010,2014,쏠라리움타워,수유동,"2,500",강북구,5,40,31,24.92,45-1,11305,14
2012,2014,제네스타워,수유동,"12,000",강북구,6,0,5,37.8,48-1,11305,6
2014,2014,라온재,수유동,"7,500",강북구,6,0,11,26.91,77-62,11305,3
2012,2014,제네스타워,수유동,"11,000",강북구,6,0,11,31.65,48-1,11305,18
2003,2014,목인트라움오피스텔,번동,"1,500",강북구,7,45,1,31.91,446-68,11305,4
2003,2014,목인트라움오피스텔,번동,500,강북구,7,40,2,20.31,446-68,11305,7
2010,2014,삼보힐,번동,"6,500",강북구,7,0,17,37.8,449-22,11305,13
2003,2014,강북중앙드림빌,번동,500,강북구,7,50,21,28.97,448-7,11305,5
2005,2014,효성네오인텔리안,번동,"7,500",강북구,7,0,29,29.1,418-3,11305,4
2012,2014,제네스타워,수유동,"12,000",강북구,7,0,3,38.23,48-1,11305,5
2012,2014,제네스타워,수유동,"12,000",강북구,7,0,10,37,48-1,11305,18
2012,2014,제네스타워,수유동,"13,000",강북구,7,0,14,37,48-1,11305,10
2003,2014,두온오피스텔,수유동,500,강북구,7,55,15,33.2,223-1,11305,8
2005,2014,수유동이테크밸리오피스텔,수유동,"1,500",강북구,7,65,16,40.15,95-7,11305,16
2003,2014,두온오피스텔,수유동,500,강북구,7,55,16,33.2,223-1,11305,7
2012,2014,(46-6),수유동,"12,000",강북구,7,0,20,40.44,46-6,11305,4
2005,2014,수유동이테크밸리오피스텔,수유동,500,강북구,7,55,23,27.98,95-7,11305,16
2005,2014,효성 인텔리안 오피스텔,수유동,500,강북구,7,60,28,30.49,230-7,11305,15
2005,2014,효성 인텔리안 오피스텔,수유동,"9,000",강북구,7,0,28,34.95,230-7,11305,18
2012,2014,제네스타워,수유동,"13,000",강북구,7,0,29,37.8,48-1,11305,15
2003,2014,북한산드림캐슬,번동,"1,000",강북구,8,45,11,24.09,448-2,11305,13
2003,2014,목인트라움오피스텔,번동,"4,500",강북구,8,0,13,20.31,446-68,11305,4
2010,2014,삼보힐,번동,"6,500",강북구,8,0,13,37.8,449-22,11305,14
2010,2014,삼보힐,번동,"6,500",강북구,8,0,14,37.8,449-22,11305,11
2003,2014,강북중앙드림빌,번동,500,강북구,8,50,16,25.53,448-7,11305,5
2003,2014,북한산드림캐슬,번동,500,강북구,8,50,25,24.09,448-2,11305,3
2010,2014,삼보힐,번동,"6,500",강북구,8,0,26,18.9,449-22,11305,6
2010,2014,삼보힐,번동,"6,500",강북구,8,0,27,37.45,449-22,11305,11
2005,2014,효성 인텔리안 오피스텔,수유동,"1,000",강북구,8,50,5,29.32,230-7,11305,17
2012,2014,제네스타워,수유동,"13,000",강북구,8,0,7,37,48-1,11305,7
2012,2014,제네스타워,수유동,"11,000",강북구,8,0,11,33.73,48-1,11305,18
2010,2014,FIRST VIEW,수유동,"4,000",강북구,8,10,13,19.2,274-3,11305,2
2012,2014,제네스타워,수유동,"13,000",강북구,8,0,19,37.8,48-1,11305,18
2005,2014,수유동이테크밸리오피스텔,수유동,"11,000",강북구,8,0,25,40.15,95-7,11305,11
2004,2014,재원오피스텔,미아동,"2,500",강북구,9,40,16,37.08,459-5,11305,3
2010,2014,삼보힐,번동,"6,500",강북구,9,0,13,37.45,449-22,11305,9
1991,2014,가든타워오피스텔,번동,500,강북구,9,45,18,36.9,446-13,11305,16
2005,2014,효성 인텔리안 오피스텔,수유동,"9,000",강북구,9,0,19,31.18,230-7,11305,8
2005,2014,효성 인텔리안 오피스텔,수유동,"8,500",강북구,9,0,20,30.49,230-7,11305,8
2010,2014,태솔타워,수유동,"15,000",강북구,9,0,22,59.74,51-7,11305,3
2014,2014,수유역푸르지오시티,미아동,"8,000",강북구,10,0,6,22.43,160-3,11305,14
2014,2014,수유역푸르지오시티,미아동,"8,000",강북구,10,0,8,22.43,160-3,11305,5
2014,2014,수유역푸르지오시티,미아동,"3,000",강북구,10,35,8,22.43,160-3,11305,8
2014,2014,수유역푸르지오시티,미아동,"7,000",강북구,10,0,17,22.43,160-3,11305,7
2014,2014,수유역푸르지오시티,미아동,"8,000",강북구,10,0,18,22.43,160-3,11305,5
2014,2014,수유역푸르지오시티,미아동,"9,000",강북구,10,0,20,22.43,160-3,11305,9
2014,2014,수유역푸르지오시티,미아동,"8,000",강북구,10,0,31,22.43,160-3,11305,19
2010,2014,삼보힐,번동,"6,500",강북구,10,0,8,18.9,449-22,11305,7
2003,2014,북한산드림캐슬,번동,"2,000",강북구,10,35,10,24.09,448-2,11305,8
2005,2014,효성네오인텔리안,번동,500,강북구,10,60,12,29.1,418-3,11305,4
2003,2014,북한산드림캐슬,번동,"2,000",강북구,10,30,14,24.09,448-2,11305,12
2010,2014,삼보힐,번동,"6,500",강북구,10,0,17,37.8,449-22,11305,8
2005,2014,효성 인텔리안 오피스텔,수유동,500,강북구,10,55,13,30.49,230-7,11305,14
2005,2014,수유동이테크밸리오피스텔,수유동,"8,000",강북구,10,0,14,27.81,95-7,11305,7
2002,2014,두온,수유동,"8,000",강북구,10,0,23,30.29,46-5,11305,2
2012,2014,제네스타워,수유동,"2,000",강북구,10,60,29,33.1,48-1,11305,19
2012,2014,제네스타워,수유동,"3,000",강북구,10,40,30,29.41,48-1,11305,5
2014,2014,수유역푸르지오시티,미아동,"8,400",강북구,11,0,8,22.43,160-3,11305,3
2014,2014,수유역푸르지오시티,미아동,"8,000",강북구,11,0,10,22.43,160-3,11305,3
2014,2014,수유역푸르지오시티,미아동,"1,000",강북구,11,45,10,22.43,160-3,11305,16
2014,2014,수유역푸르지오시티,미아동,"3,000",강북구,11,30,10,22.43,160-3,11305,13
2014,2014,수유역푸르지오시티,미아동,"3,000",강북구,11,30,11,22.43,160-3,11305,13
2014,2014,수유역푸르지오시티,미아동,"3,500",강북구,11,25,13,22.43,160-3,11305,19
2014,2014,수유역푸르지오시티,미아동,"1,000",강북구,11,40,15,22.43,160-3,11305,5
2014,2014,수유역푸르지오시티,미아동,"2,000",강북구,11,40,15,22.43,160-3,11305,20
2014,2014,수유역푸르지오시티,미아동,"3,000",강북구,11,30,16,22.43,160-3,11305,10
2014,2014,수유역푸르지오시티,미아동,"8,500",강북구,11,0,17,22.43,160-3,11305,7
2014,2014,수유역푸르지오시티,미아동,"3,000",강북구,11,25,17,22.43,160-3,11305,5
2014,2014,수유역푸르지오시티,미아동,500,강북구,11,45,20,22.43,160-3,11305,8
2014,2014,수유역푸르지오시티,미아동,"8,500",강북구,11,0,24,22.43,160-3,11305,13
2014,2014,수유역푸르지오시티,미아동,"3,000",강북구,11,30,24,22.43,160-3,11305,14
2014,2014,수유역푸르지오시티,미아동,"1,000",강북구,11,45,25,22.43,160-3,11305,12
2014,2014,수유역푸르지오시티,미아동,"8,500",강북구,11,0,25,22.43,160-3,11305,15
2014,2014,수유역푸르지오시티,미아동,"3,000",강북구,11,30,26,22.43,160-3,11305,16
2014,2014,수유역푸르지오시티,미아동,"2,000",강북구,11,40,26,22.43,160-3,11305,15
2014,2014,수유역푸르지오시티,미아동,"3,000",강북구,11,30,27,22.43,160-3,11305,12
2014,2014,수유역푸르지오시티,미아동,"9,000",강북구,11,0,29,22.43,160-3,11305,16
2014,2014,수유역푸르지오시티,미아동,"3,000",강북구,11,30,29,22.43,160-3,11305,4
2014,2014,수유역푸르지오시티,미아동,"2,000",강북구,11,35,29,22.43,160-3,11305,13
2014,2014,수유역푸르지오시티,미아동,300,강북구,11,47,30,22.43,160-3,11305,5
2014,2014,수유역푸르지오시티,미아동,"9,000",강북구,11,0,30,22.43,160-3,11305,16
2003,2014,목인트라움오피스텔,번동,500,강북구,11,45,18,19.38,446-68,11305,8
2004,2014,포르텔오피스텔,번동,"1,000",강북구,11,55,21,25.6,417-6,11305,10
2010,2014,삼보힐,번동,"6,500",강북구,11,0,26,37.8,449-22,11305,11
2010,2014,삼보힐,번동,"6,500",강북구,11,0,29,37.8,449-22,11305,8
2014,2014,수유역푸르지오시티,미아동,"1,000",강북구,12,45,1,22.43,160-3,11305,8
2014,2014,수유역푸르지오시티,미아동,"3,000",강북구,12,30,2,22.43,160-3,11305,9
2014,2014,수유역푸르지오시티,미아동,300,강북구,12,47,2,22.43,160-3,11305,9
2014,2014,수유역푸르지오시티,미아동,"3,000",강북구,12,31,5,22.43,160-3,11305,18
2014,2014,수유역푸르지오시티,미아동,"3,000",강북구,12,30,5,22.43,160-3,11305,14
2014,2014,수유역푸르지오시티,미아동,"1,000",강북구,12,40,6,22.43,160-3,11305,3
2014,2014,수유역푸르지오시티,미아동,500,강북구,12,45,6,22.43,160-3,11305,4
2014,2014,수유역푸르지오시티,미아동,"3,000",강북구,12,30,9,22.43,160-3,11305,5
2014,2014,수유역푸르지오시티,미아동,"3,000",강북구,12,30,9,22.43,160-3,11305,20
2014,2014,수유역푸르지오시티,미아동,"9,000",강북구,12,0,10,22.43,160-3,11305,16
2014,2014,수유역푸르지오시티,미아동,"9,000",강북구,12,0,12,22.43,160-3,11305,17
2014,2014,수유역푸르지오시티,미아동,500,강북구,12,48,13,22.43,160-3,11305,19
2014,2014,수유역푸르지오시티,미아동,500,강북구,12,45,13,22.43,160-3,11305,19
2014,2014,수유역푸르지오시티,미아동,"1,000",강북구,12,40,13,22.43,160-3,11305,4
2014,2014,수유역푸르지오시티,미아동,500,강북구,12,45,13,22.43,160-3,11305,8
2014,2014,수유역푸르지오시티,미아동,"1,000",강북구,12,45,15,22.43,160-3,11305,12
2014,2014,수유역푸르지오시티,미아동,"3,500",강북구,12,32,15,22.43,160-3,11305,17
2014,2014,수유역푸르지오시티,미아동,"3,000",강북구,12,35,19,22.43,160-3,11305,8
2014,2014,수유역푸르지오시티,미아동,"1,000",강북구,12,45,20,22.43,160-3,11305,6
2014,2014,수유역푸르지오시티,미아동,"3,000",강북구,12,35,20,22.43,160-3,11305,15
2014,2014,수유역푸르지오시티,미아동,"8,000",강북구,12,0,24,22.43,160-3,11305,5
2014,2014,수유역푸르지오시티,미아동,500,강북구,12,40,24,22.43,160-3,11305,3
2014,2014,수유역푸르지오시티,미아동,"3,000",강북구,12,33,25,22.43,160-3,11305,3
2014,2014,수유역푸르지오시티,미아동,"1,000",강북구,12,47,27,22.43,160-3,11305,9
2014,2014,수유역푸르지오시티,미아동,"1,000",강북구,12,45,29,22.43,160-3,11305,6
2004,2014,포르텔오피스텔,번동,"1,500",강북구,12,65,8,44.76,417-6,11305,3
2004,2014,포르텔오피스텔,번동,"7,500",강북구,12,0,12,25.6,417-6,11305,11
2010,2014,삼보힐,번동,"5,500",강북구,12,0,13,37.45,449-22,11305,14
2001,2014,밀레니엄 오피스텔,번동,"2,000",강북구,12,30,29,24.47,465-4,11305,9
2005,2014,수유동이테크밸리오피스텔,수유동,"10,000",강북구,12,0,2,40.93,95-7,11305,6
2002,2014,두온,수유동,"5,500",강북구,12,0,18,30.29,46-5,11305,2
2012,2014,제네스타워,수유동,"4,000",강북구,12,40,23,29.41,48-1,11305,18
2005,2014,효성 인텔리안 오피스텔,수유동,"4,000",강북구,12,25,25,30.49,230-7,11305,5
2012,2014,제네스타워,수유동,"3,000",강북구,12,40,31,29.25,48-1,11305,11
2014,2015,수유역푸르지오시티,미아동,"2,000",강북구,1,40,2,22.43,160-3,11305,15
2014,2015,수유역푸르지오시티,미아동,500,강북구,1,55,3,22.43,160-3,11305,17
2014,2015,수유역푸르지오시티,미아동,"1,000",강북구,1,50,5,22.43,160-3,11305,5
2014,2015,수유역푸르지오시티,미아동,"1,000",강북구,1,50,5,22.43,160-3,11305,4
2014,2015,수유역푸르지오시티,미아동,"10,500",강북구,1,0,5,22.43,160-3,11305,4
2014,2015,수유역푸르지오시티,미아동,"9,000",강북구,1,0,6,22.43,160-3,11305,18
2014,2015,수유역푸르지오시티,미아동,"2,000",강북구,1,50,10,22.43,160-3,11305,12
2014,2015,수유역푸르지오시티,미아동,"1,000",강북구,1,55,10,22.43,160-3,11305,18
2014,2015,수유역푸르지오시티,미아동,"1,000",강북구,1,52,11,22.43,160-3,11305,16
2014,2015,수유역푸르지오시티,미아동,"10,500",강북구,1,0,13,22.43,160-3,11305,4
2014,2015,수유역푸르지오시티,미아동,"1,000",강북구,1,55,14,22.43,160-3,11305,18
2014,2015,수유역푸르지오시티,미아동,"1,000",강북구,1,60,24,22.43,160-3,11305,12
2014,2015,수유역푸르지오시티,미아동,"1,000",강북구,1,55,24,22.43,160-3,11305,10
2014,2015,수유역푸르지오시티,미아동,500,강북구,1,60,30,22.43,160-3,11305,9
2014,2015,수유역푸르지오시티,미아동,"1,000",강북구,1,55,31,22.43,160-3,11305,18
2005,2015,효성네오인텔리안,번동,"2,000",강북구,1,50,22,32.97,418-3,11305,6
2010,2015,삼보힐,번동,"6,500",강북구,1,0,23,37.8,449-22,11305,12
2010,2015,삼보힐,번동,"6,500",강북구,1,0,24,39.2,449-22,11305,8
2003,2015,북한산드림캐슬,번동,"1,500",강북구,1,40,26,24.09,448-2,11305,8
2010,2015,삼보힐,번동,"6,500",강북구,1,0,27,37.8,449-22,11305,14
2005,2015,효성네오인텔리안,번동,"1,000",강북구,1,55,31,31.71,418-3,11305,4
2005,2015,효성 인텔리안 오피스텔,수유동,500,강북구,1,50,2,27.76,230-7,11305,14
2005,2015,수유동이테크밸리오피스텔,수유동,"10,000",강북구,1,0,2,34.23,95-7,11305,7
2005,2015,수유동이테크밸리오피스텔,수유동,"2,500",강북구,1,45,6,34.23,95-7,11305,5
2005,2015,효성 인텔리안 오피스텔,수유동,"9,000",강북구,1,0,26,30.49,230-7,11305,18
2003,2015,두온오피스텔,수유동,"4,000",강북구,1,30,28,33.2,223-1,11305,6
2012,2015,제네스타워,수유동,"14,000",강북구,1,0,28,37.8,48-1,11305,14
2012,2015,제네스타워,수유동,"12,000",강북구,1,0,29,33.1,48-1,11305,16
2005,2015,효성 인텔리안 오피스텔,수유동,"2,000",강북구,1,40,29,29.32,230-7,11305,12
2012,2015,제네스타워,수유동,"1,000",강북구,1,60,30,33.73,48-1,11305,17
2010,2015,삼보힐,번동,"6,500",강북구,2,0,4,18.9,449-22,11305,7
2005,2015,효성네오인텔리안,번동,"1,500",강북구,2,55,7,32.97,418-3,11305,5
2005,2015,효성네오인텔리안,번동,500,강북구,2,60,9,32.97,418-3,11305,6
2005,2015,효성네오인텔리안,번동,"1,000",강북구,2,50,9,32.97,418-3,11305,6
2005,2015,효성네오인텔리안,번동,500,강북구,2,60,13,32.97,418-3,11305,4
2004,2015,포르텔오피스텔,번동,"2,000",강북구,2,45,14,25.6,417-6,11305,2
2004,2015,포르텔오피스텔,번동,"3,000",강북구,2,35,14,25.6,417-6,11305,8
2010,2015,삼보힐,번동,"6,500",강북구,2,0,28,37.45,449-22,11305,12
2012,2015,제네스타워,수유동,"14,300",강북구,2,0,4,37.8,48-1,11305,8
2003,2015,두온오피스텔,수유동,"1,000",강북구,2,50,5,33.2,223-1,11305,6
2005,2015,수유동이테크밸리오피스텔,수유동,"3,000",강북구,2,35,7,29.61,95-7,11305,7
2005,2015,효성 인텔리안 오피스텔,수유동,"1,000",강북구,2,50,14,31.18,230-7,11305,15
2005,2015,효성 인텔리안 오피스텔,수유동,500,강북구,2,50,23,30.49,230-7,11305,4
2005,2015,효성 인텔리안 오피스텔,수유동,"2,500",강북구,2,45,24,34.13,230-7,11305,13
2010,2015,쏠라리움타워,수유동,"8,000",강북구,2,0,28,24.92,45-1,11305,8
2010,2015,쏠라리움타워,수유동,"3,500",강북구,2,40,28,25.62,45-1,11305,13
2014,2015,수유역푸르지오시티,미아동,"2,000",강북구,3,45,5,22.43,160-3,11305,10
2010,2015,삼보힐,번동,"6,500",강북구,3,0,12,18.9,449-22,11305,6
2003,2015,북한산드림캐슬,번동,500,강북구,3,50,16,24.09,448-2,11305,10
2003,2015,북한산드림캐슬,번동,"7,000",강북구,3,0,18,24.09,448-2,11305,14
2010,2015,삼보힐,번동,"6,500",강북구,3,0,24,19.6,449-22,11305,5
2010,2015,삼보힐,번동,"6,500",강북구,3,0,26,37.8,449-22,11305,12
2010,2015,삼보힐,번동,"6,500",강북구,3,0,26,18.9,449-22,11305,7
2003,2015,강북중앙드림빌,번동,"1,000",강북구,3,61,27,32.49,448-7,11305,5
2001,2015,밀레니엄 오피스텔,번동,"1,000",강북구,3,40,30,24.47,465-4,11305,3
2002,2015,두온,수유동,"9,500",강북구,3,0,2,36.42,46-5,11305,3
2012,2015,제네스타워,수유동,"3,000",강북구,3,60,3,37.8,48-1,11305,17
2005,2015,수유동이테크밸리오피스텔,수유동,"1,000",강북구,3,75,3,40.93,95-7,11305,10
2005,2015,수유동이테크밸리오피스텔,수유동,500,강북구,3,50,5,29.61,95-7,11305,6
2005,2015,수유동이테크밸리오피스텔,수유동,"5,000",강북구,3,20,25,27.98,95-7,11305,11
2014,2015,수유역푸르지오시티,미아동,500,강북구,4,52,16,22.43,160-3,11305,10
2014,2015,수유역푸르지오시티,미아동,"1,000",강북구,4,50,20,22.43,160-3,11305,14
2014,2015,수유역푸르지오시티,미아동,"1,000",강북구,4,60,25,22.43,160-3,11305,19
2014,2015,수유역푸르지오시티,미아동,"1,000",강북구,4,60,28,22.43,160-3,11305,19
2004,2015,포르텔오피스텔,번동,500,강북구,4,45,13,25.6,417-6,11305,3
2003,2015,북한산드림캐슬,번동,500,강북구,4,50,14,24.09,448-2,11305,6
2001,2015,밀레니엄 오피스텔,번동,"5,500",강북구,4,0,15,24.47,465-4,11305,2
2005,2015,효성네오인텔리안,번동,500,강북구,4,60,21,32.97,418-3,11305,5
2010,2015,삼보힐,번동,"6,500",강북구,4,0,23,37.8,449-22,11305,10
2010,2015,삼보힐,번동,"6,500",강북구,4,0,28,18.9,449-22,11305,6
2012,2015,제네스타워,수유동,"14,000",강북구,4,0,6,37,48-1,11305,9
2012,2015,제네스타워,수유동,"12,000",강북구,4,0,6,33.1,48-1,11305,13
2012,2015,제네스타워,수유동,"3,000",강북구,4,50,16,33.1,48-1,11305,14
2005,2015,수유동이테크밸리오피스텔,수유동,"3,000",강북구,4,35,18,31.63,95-7,11305,5
2005,2015,수유동이테크밸리오피스텔,수유동,"2,000",강북구,4,40,20,27.98,95-7,11305,9
2012,2015,제네스타워,수유동,"14,500",강북구,4,0,21,37,48-1,11305,8
2005,2015,수유동이테크밸리오피스텔,수유동,500,강북구,4,50,22,27.81,95-7,11305,10
2005,2015,효성 인텔리안 오피스텔,수유동,500,강북구,4,55,23,30.49,230-7,11305,17
2004,2015,포르텔오피스텔,번동,"1,500",강북구,5,50,5,25.6,417-6,11305,9
2010,2015,삼보힐,번동,"6,500",강북구,5,0,15,39.2,449-22,11305,9
2003,2015,북한산드림캐슬,번동,"2,000",강북구,5,35,16,24.09,448-2,11305,11
2005,2015,효성네오인텔리안,번동,500,강북구,5,50,26,29.1,418-3,11305,4
2014,2015,라온재,수유동,500,강북구,5,55,4,26.91,77-62,11305,4
2010,2015,태솔타워,수유동,"16,000",강북구,5,0,8,59.89,51-7,11305,2
2010,2015,쏠라리움타워,수유동,"1,000",강북구,5,65,11,29.31,45-1,11305,7
2012,2015,제네스타워,수유동,"1,000",강북구,5,55,15,29.25,48-1,11305,17
2002,2015,두온,수유동,"7,000",강북구,5,0,18,30.29,46-5,11305,3
2010,2015,쏠라리움타워,수유동,"8,000",강북구,5,0,26,20.36,45-1,11305,12
2012,2015,제네스타워,수유동,"5,000",강북구,5,30,27,31.65,48-1,11305,7
2012,2015,제네스타워,수유동,"15,000",강북구,6,0,3,37.8,48-1,11305,15
2005,2015,효성 인텔리안 오피스텔,수유동,"2,000",강북구,6,40,22,28.82,230-7,11305,9
2014,2015,수유역푸르지오시티,미아동,500,강북구,7,55,4,22.43,160-3,11305,20
2014,2015,수유역푸르지오시티,미아동,500,강북구,7,58,15,22.43,160-3,11305,4
2014,2015,수유역푸르지오시티,미아동,"1,000",강북구,7,60,17,22.43,160-3,11305,20
2004,2015,포르텔오피스텔,번동,"1,500",강북구,7,50,6,25.6,417-6,11305,6
2004,2015,포르텔오피스텔,번동,500,강북구,7,60,7,25.6,417-6,11305,5
2010,2015,삼보힐,번동,"6,500",강북구,7,0,8,39.2,449-22,11305,11
2010,2015,삼보힐,번동,"6,500",강북구,7,0,10,37.8,449-22,11305,12
1991,2015,가든타워오피스텔,번동,300,강북구,7,40,10,36.9,446-13,11305,14
2010,2015,삼보힐,번동,"6,500",강북구,7,0,14,37.45,449-22,11305,14
2010,2015,삼보힐,번동,"6,500",강북구,7,0,23,37.8,449-22,11305,11
2010,2015,삼보힐,번동,"6,500",강북구,7,0,29,37.8,449-22,11305,14
2010,2015,삼보힐,번동,"6,500",강북구,7,0,29,19.6,449-22,11305,7
2012,2015,제네스타워,수유동,"14,000",강북구,7,0,2,37,48-1,11305,10
2005,2015,효성 인텔리안 오피스텔,수유동,"2,000",강북구,7,45,2,30.49,230-7,11305,20
2012,2015,(46-6),수유동,"13,000",강북구,7,0,11,40.44,46-6,11305,4
2005,2015,수유동이테크밸리오피스텔,수유동,"8,500",강북구,7,0,17,27.81,95-7,11305,13
2010,2015,쏠라리움타워,수유동,"9,000",강북구,7,0,18,29.31,45-1,11305,10
2012,2015,제네스타워,수유동,"12,000",강북구,7,0,20,33.1,48-1,11305,16
2013,2015,(50-89),수유동,"15,000",강북구,7,0,25,56.28,50-89,11305,4
2012,2015,제네스타워,수유동,"12,000",강북구,7,0,27,31.65,48-1,11305,17
2012,2015,제네스타워,수유동,"14,000",강북구,7,0,28,37,48-1,11305,11
2003,2015,두온오피스텔,수유동,500,강북구,7,55,29,33.2,223-1,11305,5
2003,2015,두온오피스텔,수유동,"7,500",강북구,7,0,30,33.2,223-1,11305,4
2005,2015,효성 인텔리안 오피스텔,수유동,500,강북구,7,60,31,34.13,230-7,11305,5
2014,2015,수유역푸르지오시티,미아동,"1,500",강북구,8,50,8,22.43,160-3,11305,17
2014,2015,수유역푸르지오시티,미아동,"1,000",강북구,8,55,29,22.43,160-3,11305,7
2010,2015,삼보힐,번동,"6,500",강북구,8,0,3,39.2,449-22,11305,8
2004,2015,포르텔오피스텔,번동,"8,500",강북구,8,0,7,25.6,417-6,11305,5
2010,2015,삼보힐,번동,"5,500",강북구,8,0,10,37.45,449-22,11305,13
2003,2015,북한산드림캐슬,번동,"1,000",강북구,8,40,14,24.09,448-2,11305,12
2001,2015,밀레니엄 오피스텔,번동,"2,000",강북구,8,30,25,24.47,465-4,11305,4
2010,2015,삼보힐,번동,"6,500",강북구,8,0,27,18.9,449-22,11305,5
2005,2015,수유동이테크밸리오피스텔,수유동,"2,500",강북구,8,40,4,31.63,95-7,11305,6
2014,2015,라온재,수유동,"9,000",강북구,8,0,4,31.48,77-62,11305,6
2005,2015,효성 인텔리안 오피스텔,수유동,"2,000",강북구,8,43,4,29.32,230-7,11305,12
2010,2015,쏠라리움타워,수유동,"2,000",강북구,8,55,11,29.31,45-1,11305,8
2010,2015,쏠라리움타워,수유동,"4,000",강북구,8,40,12,25.62,45-1,11305,14
2012,2015,제네스타워,수유동,"14,000",강북구,8,0,13,37.8,48-1,11305,12
2010,2015,쏠라리움타워,수유동,"5,000",강북구,8,30,17,35,45-1,11305,5
2012,2015,제네스타워,수유동,"14,500",강북구,8,0,17,37,48-1,11305,14
2005,2015,수유동이테크밸리오피스텔,수유동,"1,000",강북구,8,50,17,27.81,95-7,11305,9
2010,2015,쏠라리움타워,수유동,500,강북구,8,60,22,24.92,45-1,11305,11
2005,2015,효성 인텔리안 오피스텔,수유동,500,강북구,8,55,27,30.49,230-7,11305,12
2005,2015,수유동이테크밸리오피스텔,수유동,500,강북구,8,65,28,34.23,95-7,11305,16
2005,2015,수유동이테크밸리오피스텔,수유동,500,강북구,8,55,31,27.81,95-7,11305,12
2005,2015,수유동이테크밸리오피스텔,수유동,"2,000",강북구,8,40,31,27.81,95-7,11305,17
2001,2015,밀레니엄 오피스텔,번동,"2,500",강북구,9,25,1,24.47,465-4,11305,9
2010,2015,삼보힐,번동,"5,500",강북구,9,0,5,37.45,449-22,11305,14
2004,2015,포르텔오피스텔,번동,"1,000",강북구,9,55,8,25.6,417-6,11305,9
2010,2015,삼보힐,번동,"5,500",강북구,9,0,17,37.45,449-22,11305,12
2003,2015,목인트라움오피스텔,번동,500,강북구,9,46,18,18.05,446-68,11305,7
2004,2015,포르텔오피스텔,번동,"1,000",강북구,9,55,25,25.6,417-6,11305,2
2010,2015,한일그랑빌,수유동,"12,000",강북구,9,0,1,57.4,252-143,11305,2
2012,2015,제네스타워,수유동,"4,000",강북구,9,32,3,31.65,48-1,11305,12
2005,2015,효성 인텔리안 오피스텔,수유동,500,강북구,9,55,9,28.82,230-7,11305,15
2005,2015,수유동이테크밸리오피스텔,수유동,500,강북구,9,55,12,29.61,95-7,11305,12
2014,2015,수유역푸르지오시티,미아동,"3,000",강북구,10,35,7,22.43,160-3,11305,16
2014,2015,수유역푸르지오시티,미아동,"5,000",강북구,10,30,12,22.43,160-3,11305,7
2014,2015,수유역푸르지오시티,미아동,"1,000",강북구,10,50,31,22.43,160-3,11305,10
2010,2015,삼보힐,번동,"6,500",강북구,10,0,27,18.9,449-22,11305,5
2005,2015,수유동이테크밸리오피스텔,수유동,"1,000",강북구,10,50,3,34.23,95-7,11305,8
2005,2015,효성 인텔리안 오피스텔,수유동,"1,000",강북구,10,45,6,27.76,230-7,11305,20
2012,2015,제네스타워,수유동,"1,000",강북구,10,60,10,29.41,48-1,11305,7
2005,2015,수유동이테크밸리오피스텔,수유동,500,강북구,10,60,12,31.63,95-7,11305,11
2005,2015,효성 인텔리안 오피스텔,수유동,500,강북구,10,53,12,27.76,230-7,11305,16
2010,2015,쏠라리움타워,수유동,"1,000",강북구,10,70,19,35,45-1,11305,10
2010,2015,쏠라리움타워,수유동,"1,000",강북구,10,65,22,29.31,45-1,11305,11
2012,2015,제네스타워,수유동,"13,000",강북구,10,0,28,38.23,48-1,11305,10
2014,2015,수유역푸르지오시티,미아동,500,강북구,11,55,2,22.43,160-3,11305,11
2014,2015,수유역푸르지오시티,미아동,"3,000",강북구,11,35,14,22.43,160-3,11305,16
2014,2015,수유역푸르지오시티,미아동,"1,000",강북구,11,55,19,22.43,160-3,11305,19
2014,2015,수유역푸르지오시티,미아동,"10,000",강북구,11,0,21,22.43,160-3,11305,13
2003,2015,목인트라움오피스텔,번동,500,강북구,11,45,17,19.38,446-68,11305,8
2010,2015,삼보힐,번동,"6,500",강북구,11,0,17,37.8,449-22,11305,10
2010,2015,삼보힐,번동,"6,500",강북구,11,0,26,37.8,449-22,11305,11
2010,2015,삼보힐,번동,"5,500",강북구,11,0,30,17.85,449-22,11305,5
2005,2015,효성 인텔리안 오피스텔,수유동,500,강북구,11,50,1,27.76,230-7,11305,14
2012,2015,제네스타워,수유동,"16,000",강북구,11,0,10,38.23,48-1,11305,8
2005,2015,효성 인텔리안 오피스텔,수유동,"1,000",강북구,11,45,10,30.49,230-7,11305,17
2005,2015,효성 인텔리안 오피스텔,수유동,"3,000",강북구,11,35,13,34.13,230-7,11305,15
2005,2015,효성 인텔리안 오피스텔,수유동,"1,000",강북구,11,50,16,30.49,230-7,11305,9
2012,2015,제네스타워,수유동,"12,000",강북구,11,0,23,33.1,48-1,11305,12
2014,2015,수유역푸르지오시티,미아동,"1,000",강북구,12,50,3,22.43,160-3,11305,15
2014,2015,수유역푸르지오시티,미아동,500,강북구,12,55,5,22.43,160-3,11305,19
2014,2015,수유역푸르지오시티,미아동,500,강북구,12,55,18,22.43,160-3,11305,15
2014,2015,수유역푸르지오시티,미아동,"3,000",강북구,12,42,26,22.43,160-3,11305,8
2014,2015,수유역푸르지오시티,미아동,"4,000",강북구,12,35,28,22.43,160-3,11305,13
2010,2015,삼보힐,번동,"6,500",강북구,12,0,7,37.8,449-22,11305,14
2004,2015,포르텔오피스텔,번동,"1,000",강북구,12,55,9,25.6,417-6,11305,4
2012,2015,제네스타워,수유동,"5,000",강북구,12,30,7,33.1,48-1,11305,5
2012,2015,제네스타워,수유동,"15,000",강북구,12,0,12,37,48-1,11305,19
2012,2015,제네스타워,수유동,"16,000",강북구,12,0,17,38.23,48-1,11305,9
2005,2015,효성 인텔리안 오피스텔,수유동,500,강북구,12,55,23,30.49,230-7,11305,15
2005,2015,수유동이테크밸리오피스텔,수유동,500,강북구,12,60,28,31.63,95-7,11305,11
2005,2015,효성 인텔리안 오피스텔,수유동,"1,000",강북구,12,55,28,34.95,230-7,11305,16
2010,2015,한일그랑빌,수유동,"10,000",강북구,12,0,30,47.52,252-143,11305,6
2010,2015,쏠라리움타워,수유동,"3,000",강북구,12,60,30,35,45-1,11305,12
2014,2016,수유역푸르지오시티,미아동,500,강북구,1,55,4,22.43,160-3,11305,3
2014,2016,수유역푸르지오시티,미아동,"3,000",강북구,1,40,5,22.43,160-3,11305,3
2014,2016,수유역푸르지오시티,미아동,"1,000",강북구,1,50,7,22.43,160-3,11305,4
2014,2016,수유역푸르지오시티,미아동,"3,000",강북구,1,40,9,22.43,160-3,11305,6
2014,2016,수유역푸르지오시티,미아동,"1,000",강북구,1,55,11,22.43,160-3,11305,6
2014,2016,수유역푸르지오시티,미아동,"1,000",강북구,1,50,13,22.43,160-3,11305,4
2014,2016,수유역푸르지오시티,미아동,"3,000",강북구,1,45,14,22.43,160-3,11305,13
2014,2016,수유역푸르지오시티,미아동,"1,000",강북구,1,55,18,22.43,160-3,11305,18
2014,2016,수유역푸르지오시티,미아동,"3,000",강북구,1,35,19,22.43,160-3,11305,4
2014,2016,수유역푸르지오시티,미아동,"1,000",강북구,1,55,26,22.43,160-3,11305,8
2014,2016,수유역푸르지오시티,미아동,"2,000",강북구,1,50,30,22.43,160-3,11305,12
2003,2016,북한산드림캐슬,번동,"1,000",강북구,1,40,2,24.09,448-2,11305,9
2010,2016,삼보힐,번동,"5,500",강북구,1,0,5,37.45,449-22,11305,9
2003,2016,북한산드림캐슬,번동,"1,500",강북구,1,40,6,24.09,448-2,11305,8
2003,2016,북한산드림캐슬,번동,"6,500",강북구,1,0,11,24.09,448-2,11305,14
2003,2016,목인트라움오피스텔,번동,"3,000",강북구,1,15,18,19.04,446-68,11305,4
2004,2016,포르텔오피스텔,번동,500,강북구,1,60,29,25.6,417-6,11305,8
2003,2016,북한산드림캐슬,번동,"3,000",강북구,1,30,31,24.09,448-2,11305,10
2010,2016,한일그랑빌,수유동,"2,000",강북구,1,60,9,57.38,252-143,11305,3
2010,2016,쏠라리움타워,수유동,"5,000",강북구,1,40,11,35,45-1,11305,12
2012,2016,제네스타워,수유동,"3,500",강북구,1,35,13,29.25,48-1,11305,12
2012,2016,제네스타워,수유동,"16,000",강북구,1,0,15,37.8,48-1,11305,8
2005,2016,효성 인텔리안 오피스텔,수유동,500,강북구,1,53,16,31.18,230-7,11305,8
2002,2016,두온,수유동,"5,500",강북구,1,0,22,30.29,46-5,11305,2
2003,2016,두온오피스텔,수유동,"4,000",강북구,1,30,30,33.2,223-1,11305,6
2014,2016,수유역푸르지오시티,미아동,500,강북구,2,55,1,22.43,160-3,11305,6
2014,2016,수유역푸르지오시티,미아동,500,강북구,2,60,4,22.43,160-3,11305,14
2014,2016,수유역푸르지오시티,미아동,"1,000",강북구,2,55,13,22.43,160-3,11305,18
2014,2016,수유역푸르지오시티,미아동,"1,000",강북구,2,60,15,22.43,160-3,11305,19
2004,2016,포르텔오피스텔,번동,500,강북구,2,60,2,25.6,417-6,11305,7
2015,2016,(454-106),번동,"16,000",강북구,2,0,12,28.14,454-106,11305,8
2003,2016,북한산드림캐슬,번동,"1,000",강북구,2,45,13,24.09,448-2,11305,10
2003,2016,북한산드림캐슬,번동,"2,000",강북구,2,35,16,24.09,448-2,11305,12
2003,2016,목인트라움오피스텔,번동,600,강북구,2,28,17,13.34,446-68,11305,8
2003,2016,목인트라움오피스텔,번동,"3,000",강북구,2,30,17,31.23,446-68,11305,4
2001,2016,밀레니엄 오피스텔,번동,"7,500",강북구,2,0,17,24.95,465-4,11305,5
2003,2016,강북중앙드림빌,번동,"1,000",강북구,2,53,19,28.97,448-7,11305,2
2003,2016,북한산드림캐슬,번동,"1,000",강북구,2,45,22,24.09,448-2,11305,11
2003,2016,목인트라움오피스텔,번동,500,강북구,2,30,26,13.11,446-68,11305,8
2005,2016,효성네오인텔리안,번동,"1,500",강북구,2,55,27,32.97,418-3,11305,5
2004,2016,포르텔오피스텔,번동,"3,000",강북구,2,40,27,25.6,417-6,11305,4
2010,2016,쏠라리움타워,수유동,"3,000",강북구,2,35,2,24.92,45-1,11305,9
2010,2016,쏠라리움타워,수유동,"5,000",강북구,2,25,2,25.11,45-1,11305,12
2012,2016,제네스타워,수유동,"15,500",강북구,2,0,4,37.8,48-1,11305,14
2005,2016,효성 인텔리안 오피스텔,수유동,"1,000",강북구,2,45,12,30.49,230-7,11305,4
2012,2016,제네스타워,수유동,"16,000",강북구,2,0,13,37.8,48-1,11305,11
2010,2016,한일그랑빌,수유동,"2,000",강북구,2,60,13,57.38,252-143,11305,3
2010,2016,FIRST VIEW,수유동,"3,500",강북구,2,30,14,19.2,274-3,11305,2
2005,2016,효성 인텔리안 오피스텔,수유동,"1,000",강북구,2,55,15,34.51,230-7,11305,16
2003,2016,두온오피스텔,수유동,"1,000",강북구,2,50,16,33.2,223-1,11305,9
2005,2016,수유동이테크밸리오피스텔,수유동,500,강북구,2,55,20,29.61,95-7,11305,9
2005,2016,효성 인텔리안 오피스텔,수유동,500,강북구,2,55,20,30.49,230-7,11305,16
2005,2016,효성 인텔리안 오피스텔,수유동,500,강북구,2,55,22,30.49,230-7,11305,8
2005,2016,효성 인텔리안 오피스텔,수유동,"1,000",강북구,2,50,26,30.49,230-7,11305,13
2014,2016,수유역푸르지오시티,미아동,500,강북구,3,60,5,22.43,160-3,11305,19
2014,2016,수유역푸르지오시티,미아동,"1,000",강북구,3,55,12,22.43,160-3,11305,18
2015,2016,(454-106),번동,"21,000",강북구,3,0,2,44.98,454-106,11305,7
2004,2016,포르텔오피스텔,번동,500,강북구,3,60,15,25.6,417-6,11305,12
2012,2016,제네스타워,수유동,"16,000",강북구,3,0,2,37,48-1,11305,9
2005,2016,효성 인텔리안 오피스텔,수유동,500,강북구,3,55,7,30.19,230-7,11305,15
2010,2016,쏠라리움타워,수유동,"7,500",강북구,3,0,7,25.62,45-1,11305,9
2010,2016,쏠라리움타워,수유동,"6,000",강북구,3,20,10,35,45-1,11305,6
2005,2016,효성 인텔리안 오피스텔,수유동,500,강북구,3,55,10,30.49,230-7,11305,14
2010,2016,쏠라리움타워,수유동,"5,000",강북구,3,30,11,35,45-1,11305,6
2005,2016,수유동이테크밸리오피스텔,수유동,"8,000",강북구,3,0,14,27.81,95-7,11305,17
2012,2016,제네스타워,수유동,"16,000",강북구,3,0,25,37.8,48-1,11305,19
2010,2016,삼보힐,번동,"5,500",강북구,4,0,3,37.45,449-22,11305,11
2001,2016,밀레니엄 오피스텔,번동,700,강북구,4,43,14,24.47,465-4,11305,3
2003,2016,강북중앙드림빌,번동,"1,000",강북구,4,60,18,32.49,448-7,11305,7
1991,2016,가든타워오피스텔,번동,500,강북구,4,55,28,40.02,446-13,11305,12
2003,2016,목인트라움오피스텔,번동,500,강북구,4,30,29,13.34,446-68,11305,8
2003,2016,북한산드림캐슬,번동,500,강북구,4,50,29,24.09,448-2,11305,6
2005,2016,효성 인텔리안 오피스텔,수유동,"1,000",강북구,4,55,2,30.49,230-7,11305,6
2010,2016,쏠라리움타워,수유동,"3,000",강북구,4,45,2,29.31,45-1,11305,14
2012,2016,제네스타워,수유동,"11,200",강북구,4,0,11,29.25,48-1,11305,9
2005,2016,효성 인텔리안 오피스텔,수유동,"1,000",강북구,4,50,11,30.49,230-7,11305,20
2005,2016,수유동이테크밸리오피스텔,수유동,500,강북구,4,55,25,27.98,95-7,11305,14
2012,2016,제네스타워,수유동,"16,500",강북구,4,0,29,37,48-1,11305,8
2014,2016,수유역푸르지오시티,미아동,"2,000",강북구,5,50,1,22.43,160-3,11305,9
2014,2016,수유역푸르지오시티,미아동,500,강북구,5,55,24,22.43,160-3,11305,3
2004,2016,포르텔오피스텔,번동,500,강북구,5,60,10,25.6,417-6,11305,10
2003,2016,북한산드림캐슬,번동,500,강북구,5,45,11,24.09,448-2,11305,9
2010,2016,삼보힐,번동,"6,500",강북구,5,0,30,39.2,449-22,11305,11
2012,2016,제네스타워,수유동,"12,000",강북구,5,0,9,29.41,48-1,11305,9
2012,2016,제네스타워,수유동,"13,000",강북구,5,0,10,31.65,48-1,11305,15
2005,2016,효성 인텔리안 오피스텔,수유동,"1,000",강북구,5,55,26,34.51,230-7,11305,9
2005,2016,효성 인텔리안 오피스텔,수유동,"1,000",강북구,5,50,28,27.76,230-7,11305,8
2014,2016,수유역푸르지오시티,미아동,500,강북구,6,60,3,22.43,160-3,11305,4
2014,2016,수유역푸르지오시티,미아동,"12,000",강북구,6,0,28,22.43,160-3,11305,12
2014,2016,수유역푸르지오시티,미아동,"1,000",강북구,6,55,30,22.43,160-3,11305,18
2005,2016,효성 인텔리안 오피스텔,수유동,"1,000",강북구,6,50,4,30.49,230-7,11305,14
2002,2016,두온,수유동,"9,500",강북구,6,0,11,36.42,46-5,11305,3
2005,2016,효성 인텔리안 오피스텔,수유동,"1,000",강북구,6,55,13,34.13,230-7,11305,14
2005,2016,효성 인텔리안 오피스텔,수유동,500,강북구,6,55,14,30.49,230-7,11305,16
2010,2016,쏠라리움타워,수유동,"4,000",강북구,6,35,15,29.31,45-1,11305,6
2005,2016,효성 인텔리안 오피스텔,수유동,500,강북구,6,60,16,34.13,230-7,11305,6
2012,2016,제네스타워,수유동,"15,750",강북구,6,0,20,37.8,48-1,11305,15
2005,2016,효성 인텔리안 오피스텔,수유동,"1,000",강북구,6,50,21,28.82,230-7,11305,20
2010,2016,쏠라리움타워,수유동,"3,000",강북구,6,50,24,35,45-1,11305,7
2005,2016,효성 인텔리안 오피스텔,수유동,500,강북구,6,50,25,30.49,230-7,11305,4
2012,2016,제네스타워,수유동,"12,000",강북구,6,0,30,29.41,48-1,11305,13
2010,2016,쏠라리움타워,수유동,"3,000",강북구,6,40,30,20.36,45-1,11305,12
2014,2016,수유역푸르지오시티,미아동,500,강북구,7,60,2,22.43,160-3,11305,20
2014,2016,수유역푸르지오시티,미아동,"2,000",강북구,7,50,11,22.43,160-3,11305,20
2014,2016,수유역푸르지오시티,미아동,"1,000",강북구,7,50,22,22.43,160-3,11305,20
2014,2016,수유역푸르지오시티,미아동,"1,000",강북구,7,55,30,22.43,160-3,11305,18
2004,2016,포르텔오피스텔,번동,500,강북구,7,60,21,25.6,417-6,11305,8
2001,2016,밀레니엄 오피스텔,번동,"1,000",강북구,7,40,23,24.95,465-4,11305,2
2010,2016,쏠라리움타워,수유동,"3,000",강북구,7,35,4,24.92,45-1,11305,8
2005,2016,수유동이테크밸리오피스텔,수유동,"1,000",강북구,7,50,5,27.81,95-7,11305,13
2012,2016,제네스타워,수유동,"3,000",강북구,7,53,16,33.73,48-1,11305,17
2012,2016,제네스타워,수유동,"16,500",강북구,7,0,25,37,48-1,11305,18
2010,2016,한일그랑빌,수유동,"11,000",강북구,7,30,27,57.38,252-143,11305,2
2010,2016,FIRST VIEW,수유동,"3,500",강북구,7,30,28,19.2,274-3,11305,2
2014,2016,수유역푸르지오시티,미아동,"3,000",강북구,8,40,1,22.43,160-3,11305,18
2014,2016,수유역푸르지오시티,미아동,"8,000",강북구,8,15,5,22.43,160-3,11305,14
2014,2016,수유역푸르지오시티,미아동,"6,000",강북구,8,30,25,22.43,160-3,11305,10
2010,2016,삼보힐,번동,"6,500",강북구,8,0,10,37.45,449-22,11305,10
2005,2016,효성네오인텔리안,번동,400,강북구,8,56,12,29.1,418-3,11305,5
2010,2016,삼보힐,번동,"5,500",강북구,8,0,18,37.45,449-22,11305,13
2005,2016,효성 인텔리안 오피스텔,수유동,"3,000",강북구,8,40,1,34.95,230-7,11305,18
2012,2016,제네스타워,수유동,"15,000",강북구,8,0,1,37,48-1,11305,10
2012,2016,제네스타워,수유동,"2,000",강북구,8,50,2,29.25,48-1,11305,19
2012,2016,제네스타워,수유동,"15,500",강북구,8,0,8,37,48-1,11305,11
2005,2016,효성 인텔리안 오피스텔,수유동,"1,000",강북구,8,50,9,29.32,230-7,11305,20
2012,2016,제네스타워,수유동,"12,000",강북구,8,0,9,31.65,48-1,11305,9
2003,2016,두온오피스텔,수유동,"1,000",강북구,8,50,16,33.2,223-1,11305,4
2005,2016,수유동이테크밸리오피스텔,수유동,"1,000",강북구,8,55,18,31.63,95-7,11305,13
2012,2016,제네스타워,수유동,"16,000",강북구,8,0,22,38.23,48-1,11305,6
2010,2016,FIRST VIEW,수유동,"5,000",강북구,8,10,25,19.2,274-3,11305,2
2010,2016,쏠라리움타워,수유동,"3,000",강북구,8,35,29,25.62,45-1,11305,11
2012,2016,제네스타워,수유동,"13,000",강북구,8,20,30,38.23,48-1,11305,5
2010,2016,쏠라리움타워,수유동,"5,000",강북구,8,25,30,29.31,45-1,11305,8
2014,2016,수유역푸르지오시티,미아동,"1,000",강북구,9,50,27,22.43,160-3,11305,14
2014,2016,수유역푸르지오시티,미아동,"11,500",강북구,9,0,29,22.43,160-3,11305,3
2001,2016,밀레니엄 오피스텔,번동,"4,000",강북구,9,10,6,24.47,465-4,11305,6
2004,2016,포르텔오피스텔,번동,"1,000",강북구,9,55,24,25.6,417-6,11305,7
2010,2016,삼보힐,번동,"6,500",강북구,9,0,24,18.9,449-22,11305,6
2003,2016,강북중앙드림빌,번동,500,강북구,9,60,27,32.49,448-7,11305,4
2012,2016,제네스타워,수유동,"16,000",강북구,9,0,12,37,48-1,11305,14
2004,2016,재원오피스텔,미아동,"2,500",강북구,10,23,29,35.4,459-5,11305,3
2004,2016,포르텔오피스텔,번동,500,강북구,10,60,8,25.6,417-6,11305,2
2003,2016,북한산드림캐슬,번동,500,강북구,10,50,17,24.09,448-2,11305,9
2010,2016,쏠라리움타워,수유동,"3,000",강북구,10,35,4,24.92,45-1,11305,10
2012,2016,제네스타워,수유동,"4,000",강북구,10,35,5,31.65,48-1,11305,12
2012,2016,제네스타워,수유동,"2,000",강북구,10,60,5,37.8,48-1,11305,16
2005,2016,수유동이테크밸리오피스텔,수유동,"10,000",강북구,10,0,8,36.78,95-7,11305,11
2005,2016,효성 인텔리안 오피스텔,수유동,900,강북구,10,51,10,30.49,230-7,11305,6
2003,2016,두온오피스텔,수유동,500,강북구,10,55,25,33.2,223-1,11305,6
2005,2016,효성 인텔리안 오피스텔,수유동,"1,000",강북구,10,50,26,29.32,230-7,11305,16
2014,2016,수유역푸르지오시티,미아동,"11,500",강북구,11,0,2,22.43,160-3,11305,9
2014,2016,수유역푸르지오시티,미아동,"3,000",강북구,11,40,5,22.43,160-3,11305,5
2014,2016,수유역푸르지오시티,미아동,"11,500",강북구,11,0,9,22.43,160-3,11305,3
2014,2016,수유역푸르지오시티,미아동,"10,000",강북구,11,0,15,22.43,160-3,11305,5
2014,2016,수유역푸르지오시티,미아동,"12,000",강북구,11,0,17,22.43,160-3,11305,16
2014,2016,수유역푸르지오시티,미아동,"5,000",강북구,11,30,25,22.43,160-3,11305,7
2014,2016,수유역푸르지오시티,미아동,"5,000",강북구,11,35,25,22.43,160-3,11305,13
2014,2016,수유역푸르지오시티,미아동,"11,000",강북구,11,0,26,22.43,160-3,11305,8
2014,2016,수유역푸르지오시티,미아동,"10,000",강북구,11,0,28,22.43,160-3,11305,17
2014,2016,수유역푸르지오시티,미아동,"3,000",강북구,11,35,30,22.43,160-3,11305,19
2004,2016,포르텔오피스텔,번동,"2,000",강북구,11,50,2,25.6,417-6,11305,2
2004,2016,포르텔오피스텔,번동,500,강북구,11,60,15,25.6,417-6,11305,3
2004,2016,포르텔오피스텔,번동,500,강북구,11,60,15,25.6,417-6,11305,3
2004,2016,포르텔오피스텔,번동,"1,000",강북구,11,85,23,44.76,417-6,11305,6
2005,2016,효성네오인텔리안,번동,"1,000",강북구,11,60,25,32.97,418-3,11305,4
2003,2016,북한산드림캐슬,번동,"2,000",강북구,11,35,26,24.09,448-2,11305,12
2012,2016,제네스타워,수유동,"5,000",강북구,11,30,22,33.1,48-1,11305,17
2014,2016,수유역푸르지오시티,미아동,"3,000",강북구,12,40,2,22.43,160-3,11305,7
2014,2016,수유역푸르지오시티,미아동,"12,000",강북구,12,0,5,22.43,160-3,11305,16
2014,2016,수유역푸르지오시티,미아동,"3,000",강북구,12,40,13,22.43,160-3,11305,9
2014,2016,수유역푸르지오시티,미아동,"12,000",강북구,12,0,14,22.43,160-3,11305,6
2014,2016,수유역푸르지오시티,미아동,"3,000",강북구,12,40,22,22.43,160-3,11305,14
2014,2016,수유역푸르지오시티,미아동,"1,000",강북구,12,50,31,22.43,160-3,11305,20
2004,2016,포르텔오피스텔,번동,"7,500",강북구,12,15,1,25.6,417-6,11305,11
2004,2016,포르텔오피스텔,번동,500,강북구,12,60,20,25.6,417-6,11305,7
2005,2016,수유동이테크밸리오피스텔,수유동,"3,000",강북구,12,35,1,27.81,95-7,11305,7
2016,2016,연승카운티,수유동,"3,000",강북구,12,70,3,39.47,50-30,11305,4
2010,2016,FIRST VIEW,수유동,"7,000",강북구,12,10,5,19.2,274-3,11305,2
2003,2016,두온오피스텔,수유동,"1,000",강북구,12,50,7,33.2,223-1,11305,7
2005,2016,효성 인텔리안 오피스텔,수유동,"1,000",강북구,12,50,17,30.49,230-7,11305,19
2016,2016,연승카운티,수유동,"23,000",강북구,12,0,18,51.86,50-30,11305,2
2012,2016,제네스타워,수유동,"12,000",강북구,12,0,28,29.41,48-1,11305,18
2014,2017,수유역푸르지오시티,미아동,"3,000",강북구,1,35,3,22.43,160-3,11305,4
2014,2017,수유역푸르지오시티,미아동,"1,000",강북구,1,50,10,22.43,160-3,11305,6
2014,2017,수유역푸르지오시티,미아동,500,강북구,1,55,13,22.43,160-3,11305,10
2014,2017,수유역푸르지오시티,미아동,"1,000",강북구,1,50,17,22.43,160-3,11305,19
2014,2017,수유역푸르지오시티,미아동,"2,000",강북구,1,50,18,22.43,160-3,11305,15
2014,2017,수유역푸르지오시티,미아동,"1,000",강북구,1,55,22,22.43,160-3,11305,18
2010,2017,삼보힐,번동,"5,000",강북구,1,0,3,37.8,449-22,11305,11
2010,2017,삼보힐,번동,"2,000",강북구,1,0,25,39.2,449-22,11305,12
2016,2017,수유프리미어엠,수유동,"1,000",강북구,1,65,3,34.3,48-8,11305,14
2012,2017,제네스타워,수유동,"12,000",강북구,1,0,4,29.41,48-1,11305,9
2005,2017,수유동이테크밸리오피스텔,수유동,"4,000",강북구,1,30,5,27.81,95-7,11305,11
2005,2017,효성 인텔리안 오피스텔,수유동,"1,000",강북구,1,55,7,34.51,230-7,11305,4
2016,2017,수유프리미어엠,수유동,"3,000",강북구,1,38,9,22.97,48-8,11305,15
2012,2017,제네스타워,수유동,"16,000",강북구,1,0,11,37.8,48-1,11305,18
2016,2017,수유프리미어엠,수유동,500,강북구,1,55,13,22.97,48-8,11305,13
2005,2017,효성 인텔리안 오피스텔,수유동,"3,000",강북구,1,50,17,30.49,230-7,11305,10
2016,2017,연승카운티,수유동,"18,500",강북구,1,0,21,41.22,50-30,11305,4
2013,2017,(50-89),수유동,"6,500",강북구,1,0,21,22.71,50-89,11305,1
2016,2017,수유프리미어엠,수유동,"1,000",강북구,1,55,24,22.28,48-8,11305,15
2016,2017,수유프리미어엠,수유동,"1,000",강북구,1,52,24,22.28,48-8,11305,15
2012,2017,제네스타워,수유동,"16,000",강북구,1,0,24,38.23,48-1,11305,18
2016,2017,수유프리미어엠,수유동,"1,000",강북구,1,50,31,22.28,48-8,11305,14
2014,2017,수유역푸르지오시티,미아동,"1,000",강북구,2,55,4,22.43,160-3,11305,6
2014,2017,수유역푸르지오시티,미아동,"3,000",강북구,2,40,14,22.43,160-3,11305,13
2014,2017,수유역푸르지오시티,미아동,"1,000",강북구,2,55,15,22.43,160-3,11305,8
2014,2017,수유역푸르지오시티,미아동,"3,000",강북구,2,45,15,22.43,160-3,11305,12
2014,2017,수유역푸르지오시티,미아동,"3,000",강북구,2,45,16,22.43,160-3,11305,16
2014,2017,수유역푸르지오시티,미아동,500,강북구,2,60,18,22.43,160-3,11305,14
2014,2017,수유역푸르지오시티,미아동,"1,000",강북구,2,55,18,22.43,160-3,11305,19
2004,2017,포르텔오피스텔,번동,"1,000",강북구,2,55,4,25.6,417-6,11305,9
2004,2017,포르텔오피스텔,번동,"1,500",강북구,2,50,6,25.6,417-6,11305,9
2003,2017,북한산드림캐슬,번동,"3,000",강북구,2,30,6,24.09,448-2,11305,10
2005,2017,효성네오인텔리안,번동,500,강북구,2,55,9,29.1,418-3,11305,5
2005,2017,효성네오인텔리안,번동,"1,000",강북구,2,57,9,32.97,418-3,11305,6
2003,2017,북한산드림캐슬,번동,"1,000",강북구,2,45,15,24.09,448-2,11305,11
2004,2017,포르텔오피스텔,번동,"3,000",강북구,2,60,22,44.76,417-6,11305,5
2005,2017,효성네오인텔리안,번동,500,강북구,2,50,24,31.71,418-3,11305,4
2001,2017,밀레니엄 오피스텔,번동,"1,000",강북구,2,40,27,24.95,465-4,11305,9
2005,2017,효성 인텔리안 오피스텔,수유동,500,강북구,2,55,2,28.82,230-7,11305,17
2005,2017,효성 인텔리안 오피스텔,수유동,"1,000",강북구,2,65,2,34.13,230-7,11305,10
2005,2017,수유동이테크밸리오피스텔,수유동,"3,000",강북구,2,35,5,29.61,95-7,11305,7
2005,2017,효성 인텔리안 오피스텔,수유동,500,강북구,2,55,6,30.49,230-7,11305,5
2005,2017,효성 인텔리안 오피스텔,수유동,500,강북구,2,55,7,30.19,230-7,11305,18
2012,2017,제네스타워,수유동,500,강북구,2,70,10,33.73,48-1,11305,11
2012,2017,제네스타워,수유동,"15,000",강북구,2,0,13,37.8,48-1,11305,14
2005,2017,수유동이테크밸리오피스텔,수유동,"12,000",강북구,2,0,13,40.15,95-7,11305,9
2012,2017,제네스타워,수유동,"14,000",강북구,2,0,14,37,48-1,11305,15
2005,2017,효성 인텔리안 오피스텔,수유동,"1,000",강북구,2,50,16,28.82,230-7,11305,16
2012,2017,제네스타워,수유동,"16,500",강북구,2,0,16,37,48-1,11305,8
2012,2017,제네스타워,수유동,"16,000",강북구,2,0,16,37,48-1,11305,6
2012,2017,제네스타워,수유동,"1,500",강북구,2,50,17,29.25,48-1,11305,17
2012,2017,제네스타워,수유동,"3,000",강북구,2,40,18,29.41,48-1,11305,6
2016,2017,연승카운티,수유동,"3,000",강북구,2,70,21,39.47,50-30,11305,2
2012,2017,제네스타워,수유동,"1,000",강북구,2,55,23,29.25,48-1,11305,15
2005,2017,효성 인텔리안 오피스텔,수유동,"10,500",강북구,2,0,24,30.49,230-7,11305,15
2016,2017,연승카운티,수유동,"19,000",강북구,2,0,25,41.22,50-30,11305,3
2014,2017,수유역푸르지오시티,미아동,"1,000",강북구,3,55,25,22.43,160-3,11305,15
2005,2017,효성네오인텔리안,번동,500,강북구,3,58,1,32.97,418-3,11305,4
2003,2017,북한산드림캐슬,번동,"1,000",강북구,3,47,9,24.09,448-2,11305,11
2001,2017,밀레니엄 오피스텔,번동,"2,000",강북구,3,30,16,24.95,465-4,11305,6
2004,2017,포르텔오피스텔,번동,500,강북구,3,60,23,25.6,417-6,11305,8
2012,2017,제네스타워,수유동,"13,000",강북구,3,0,4,33.1,48-1,11305,13
2012,2017,제네스타워,수유동,"16,000",강북구,3,0,7,37,48-1,11305,9
2012,2017,제네스타워,수유동,"15,000",강북구,3,0,16,38.23,48-1,11305,10
2005,2017,수유동이테크밸리오피스텔,수유동,"1,000",강북구,3,75,17,40.93,95-7,11305,13
2005,2017,효성 인텔리안 오피스텔,수유동,"11,000",강북구,3,0,20,30.49,230-7,11305,10
2016,2017,수유프리미어엠,수유동,"4,000",강북구,3,40,24,22.97,48-8,11305,15
2005,2017,수유동이테크밸리오피스텔,수유동,"6,000",강북구,3,30,24,40.15,95-7,11305,12
2014,2017,수유역푸르지오시티,미아동,"1,000",강북구,4,56,6,22.43,160-3,11305,8
1991,2017,가든타워오피스텔,번동,500,강북구,4,55,6,40.02,446-13,11305,17
2004,2017,포르텔오피스텔,번동,500,강북구,4,60,26,25.6,417-6,11305,12
2004,2017,포르텔오피스텔,번동,"1,000",강북구,4,55,29,25.6,417-6,11305,7
,2017,경원북한산휴그린아파트,수유동,"20,000",강북구,4,0,1,76.5,268-17,11305,2
,2017,경원북한산휴그린아파트,수유동,"20,000",강북구,4,0,1,76.5,268-17,11305,2
2005,2017,효성 인텔리안 오피스텔,수유동,"2,000",강북구,4,40,7,28.82,230-7,11305,9
2016,2017,연승카운티,수유동,"19,000",강북구,4,0,14,39.47,50-30,11305,3
2012,2017,제네스타워,수유동,"7,000",강북구,4,30,24,33.73,48-1,11305,18
2016,2017,수유프리미어엠,수유동,500,강북구,4,55,25,22.97,48-8,11305,13
2012,2017,제네스타워,수유동,"15,500",강북구,4,0,27,38.23,48-1,11305,8
2014,2017,수유역푸르지오시티,미아동,"5,000",강북구,5,35,23,22.43,160-3,11305,13
2014,2017,수유역푸르지오시티,미아동,"1,000",강북구,5,55,26,22.43,160-3,11305,14
2001,2017,밀레니엄 오피스텔,번동,500,강북구,5,45,15,24.47,465-4,11305,2
2004,2017,포르텔오피스텔,번동,500,강북구,5,60,26,25.6,417-6,11305,8
1991,2017,가든타워오피스텔,번동,500,강북구,5,70,31,40.02,446-13,11305,8
2005,2017,효성 인텔리안 오피스텔,수유동,"1,000",강북구,5,50,2,30.49,230-7,11305,8
2010,2017,쏠라리움타워,수유동,"2,000",강북구,5,70,8,35,45-1,11305,14
2010,2017,쏠라리움타워,수유동,"3,000",강북구,5,40,15,26.22,45-1,11305,12
2005,2017,효성 인텔리안 오피스텔,수유동,"1,000",강북구,5,50,15,30.49,230-7,11305,18
2010,2017,태솔타워,수유동,"15,500",강북구,5,0,15,47.55,51-7,11305,2
2012,2017,제네스타워,수유동,100,강북구,5,70,24,29.25,48-1,11305,7
2012,2017,제네스타워,수유동,"12,000",강북구,5,0,29,29.41,48-1,11305,15
2014,2017,수유역푸르지오시티,미아동,"12,000",강북구,6,0,20,22.43,160-3,11305,8
2014,2017,수유역푸르지오시티,미아동,"1,000",강북구,6,53,24,22.43,160-3,11305,15
2014,2017,수유역푸르지오시티,미아동,"2,000",강북구,6,50,24,22.43,160-3,11305,15
2014,2017,수유역푸르지오시티,미아동,"3,000",강북구,6,45,24,22.43,160-3,11305,8
2003,2017,북한산드림캐슬,번동,"3,000",강북구,6,30,10,24.09,448-2,11305,7
2010,2017,쏠라리움타워,수유동,"3,500",강북구,6,35,5,26.78,45-1,11305,11
2005,2017,수유동이테크밸리오피스텔,수유동,"5,000",강북구,6,20,8,27.98,95-7,11305,8
2012,2017,제네스타워,수유동,"12,000",강북구,6,0,21,29.41,48-1,11305,8
2012,2017,제네스타워,수유동,"1,000",강북구,6,50,28,31.65,48-1,11305,8
2012,2017,제네스타워,수유동,"3,000",강북구,6,50,28,33.1,48-1,11305,14
2005,2017,수유동이테크밸리오피스텔,수유동,500,강북구,6,50,29,27.81,95-7,11305,7
2014,2017,수유역푸르지오시티,미아동,"3,000",강북구,7,38,21,22.43,160-3,11305,4
2014,2017,수유역푸르지오시티,미아동,"1,000",강북구,7,55,26,22.43,160-3,11305,19
2014,2017,수유역푸르지오시티,미아동,"2,000",강북구,7,50,29,22.43,160-3,11305,10
2010,2017,삼보힐,번동,"7,000",강북구,7,0,3,18.9,449-22,11305,6
2001,2017,밀레니엄 오피스텔,번동,"1,000",강북구,7,40,20,24.95,465-4,11305,4
2004,2017,포르텔오피스텔,번동,"1,000",강북구,7,55,20,25.6,417-6,11305,4
2010,2017,삼보힐,번동,"3,000",강북구,7,25,21,19.6,449-22,11305,5
2005,2017,효성네오인텔리안,번동,500,강북구,7,55,24,29.1,418-3,11305,5
2014,2017,라온재,수유동,"8,000",강북구,7,0,1,26.91,77-62,11305,5
2012,2017,제네스타워,수유동,"16,000",강북구,7,0,4,37.8,48-1,11305,15
2012,2017,(46-6),수유동,"15,000",강북구,7,0,13,40.44,46-6,11305,4
2012,2017,(46-6),수유동,"15,000",강북구,7,0,24,40.44,46-6,11305,4
2012,2017,제네스타워,수유동,"15,000",강북구,7,0,25,37,48-1,11305,11
2012,2017,제네스타워,수유동,"15,500",강북구,7,0,25,37,48-1,11305,10
2014,2017,수유역푸르지오시티,미아동,500,강북구,8,60,4,22.43,160-3,11305,13
2014,2017,수유역푸르지오시티,미아동,"1,000",강북구,8,55,16,22.43,160-3,11305,14
2004,2017,포르텔오피스텔,번동,"5,000",강북구,8,35,12,25.6,417-6,11305,4
2005,2017,효성네오인텔리안,번동,500,강북구,8,60,12,32.97,418-3,11305,4
2010,2017,삼보힐,번동,"8,000",강북구,8,0,18,37.8,449-22,11305,11
2010,2017,삼보힐,번동,"7,000",강북구,8,0,28,18.9,449-22,11305,5
2010,2017,쏠라리움타워,수유동,"3,000",강북구,8,40,8,20.36,45-1,11305,12
2010,2017,쏠라리움타워,수유동,"5,000",강북구,8,25,9,29.31,45-1,11305,9
2005,2017,효성 인텔리안 오피스텔,수유동,"11,000",강북구,8,0,12,34.13,230-7,11305,20
2012,2017,제네스타워,수유동,"16,000",강북구,8,0,22,37.8,48-1,11305,9
2005,2017,수유동이테크밸리오피스텔,수유동,500,강북구,8,60,28,34.23,95-7,11305,14
2003,2017,북한산드림캐슬,번동,"3,000",강북구,9,30,30,24.09,448-2,11305,10
2010,2017,쏠라리움타워,수유동,"4,000",강북구,9,35,5,29.31,45-1,11305,11
2010,2017,쏠라리움타워,수유동,"8,000",강북구,9,20,14,36.61,45-1,11305,11
2010,2017,쏠라리움타워,수유동,"10,000",강북구,9,0,15,29.31,45-1,11305,5
2014,2017,라온재,수유동,"7,000",강북구,9,0,21,26.91,77-62,11305,6
2005,2017,수유동이테크밸리오피스텔,수유동,"1,000",강북구,9,55,26,34.23,95-7,11305,14
2010,2017,쏠라리움타워,수유동,"11,000",강북구,9,0,27,35,45-1,11305,7
2014,2017,수유역푸르지오시티,미아동,"2,500",강북구,10,45,19,22.43,160-3,11305,16
2014,2017,수유역푸르지오시티,미아동,"1,000",강북구,10,55,22,22.43,160-3,11305,10
2003,2017,북한산드림캐슬,번동,"1,000",강북구,10,40,11,24.09,448-2,11305,9
2010,2017,삼보힐,번동,"1,000",강북구,10,40,13,37.8,449-22,11305,9
2010,2017,삼보힐,번동,"7,000",강북구,10,0,24,18.9,449-22,11305,7
2005,2017,효성네오인텔리안,번동,500,강북구,10,50,26,29.1,418-3,11305,6
2010,2017,쏠라리움타워,수유동,"6,000",강북구,10,15,20,24.92,45-1,11305,6
2002,2017,두온,수유동,500,강북구,10,45,21,30.29,46-5,11305,2
2012,2017,제네스타워,수유동,"12,000",강북구,10,0,23,37,48-1,11305,18
2014,2017,수유역푸르지오시티,미아동,"5,000",강북구,11,30,6,22.43,160-3,11305,7
2014,2017,수유역푸르지오시티,미아동,"5,000",강북구,11,35,28,22.43,160-3,11305,9
2010,2017,삼보힐,번동,"8,000",강북구,11,0,22,39.2,449-22,11305,8
2014,2017,수유역푸르지오시티,미아동,"3,000",강북구,12,45,4,22.43,160-3,11305,8
2014,2017,수유역푸르지오시티,미아동,"12,500",강북구,12,0,9,22.43,160-3,11305,6
2014,2017,수유역푸르지오시티,미아동,"3,000",강북구,12,43,12,22.43,160-3,11305,8
2014,2017,수유역푸르지오시티,미아동,"1,000",강북구,12,55,16,22.43,160-3,11305,19
2014,2017,수유역푸르지오시티,미아동,"4,000",강북구,12,40,16,22.43,160-3,11305,8
2014,2017,수유역푸르지오시티,미아동,"1,000",강북구,12,55,22,22.43,160-3,11305,16
2014,2017,수유역푸르지오시티,미아동,300,강북구,12,60,22,22.43,160-3,11305,6
2014,2017,수유역푸르지오시티,미아동,"1,000",강북구,12,55,22,22.43,160-3,11305,16
2003,2017,북한산드림캐슬,번동,"1,500",강북구,12,40,2,24.09,448-2,11305,8
2004,2017,포르텔오피스텔,번동,500,강북구,12,60,18,25.6,417-6,11305,8
2010,2017,삼보힐,번동,"11,000",강북구,12,0,26,17.85,449-22,11305,15
2010,2017,삼보힐,번동,"7,000",강북구,12,0,29,19.6,449-22,11305,6
2010,2017,삼보힐,번동,"1,000",강북구,12,45,30,18.9,449-22,11305,7
2010,2017,쏠라리움타워,수유동,"12,000",강북구,12,0,2,35,45-1,11305,13
2014,2018,수유역푸르지오시티,미아동,"1,000",강북구,1,55,3,22.43,160-3,11305,19
2014,2018,수유역푸르지오시티,미아동,500,강북구,1,60,8,22.43,160-3,11305,11
2014,2018,수유역푸르지오시티,미아동,"1,000",강북구,1,50,9,22.43,160-3,11305,3
2014,2018,수유역푸르지오시티,미아동,"5,000",강북구,1,35,10,22.43,160-3,11305,17
2014,2018,수유역푸르지오시티,미아동,"2,000",강북구,1,45,18,22.43,160-3,11305,8
2014,2018,수유역푸르지오시티,미아동,500,강북구,1,60,23,22.43,160-3,11305,19
2014,2018,수유역푸르지오시티,미아동,"1,000",강북구,1,55,29,22.43,160-3,11305,9
2010,2018,삼보힐,번동,"6,500",강북구,1,0,29,17.85,449-22,11305,6
2012,2018,제네스타워,수유동,"16,000",강북구,1,0,15,37.8,48-1,11305,18
2010,2018,쏠라리움타워,수유동,"3,000",강북구,1,40,20,25.11,45-1,11305,12
2005,2018,효성 인텔리안 오피스텔,수유동,"1,000",강북구,1,55,20,34.51,230-7,11305,19
2014,2018,수유역푸르지오시티,미아동,"1,000",강북구,2,55,2,22.43,160-3,11305,19
2014,2018,수유역푸르지오시티,미아동,"2,000",강북구,2,50,3,22.43,160-3,11305,15
2014,2018,수유역푸르지오시티,미아동,"1,000",강북구,2,55,19,22.43,160-3,11305,10
2014,2018,수유역푸르지오시티,미아동,"1,000",강북구,2,55,21,22.43,160-3,11305,17
2014,2018,수유역푸르지오시티,미아동,"1,000",강북구,2,55,22,22.43,160-3,11305,7
2014,2018,수유역푸르지오시티,미아동,"2,500",강북구,2,45,24,22.43,160-3,11305,16
2003,2018,북한산드림캐슬,번동,"8,000",강북구,2,0,2,24.09,448-2,11305,15
2004,2018,포르텔오피스텔,번동,"10,000",강북구,2,0,8,25.6,417-6,11305,2
2005,2018,효성네오인텔리안,번동,"3,000",강북구,2,40,13,31.71,418-3,11305,5
2010,2018,삼보힐,번동,"8,000",강북구,2,0,19,37.45,449-22,11305,8
2005,2018,수유동이테크밸리오피스텔,수유동,500,강북구,2,50,1,27.98,95-7,11305,12
2002,2018,두온,수유동,500,강북구,2,45,4,30.29,46-5,11305,2
2012,2018,제네스타워,수유동,"14,500",강북구,2,0,5,37,48-1,11305,6
2012,2018,제네스타워,수유동,"15,000",강북구,2,0,6,38.23,48-1,11305,6
2016,2018,수유프리미어엠,수유동,"1,000",강북구,2,55,13,22.28,48-8,11305,15
2012,2018,제네스타워,수유동,"15,000",강북구,2,0,21,37.8,48-1,11305,14
2017,2018,(274-5),수유동,"1,000",강북구,2,55,23,18.85,274-5,11305,8
2017,2018,(274-5),수유동,"1,000",강북구,2,45,24,19.17,274-5,11305,2
2014,2018,수유역푸르지오시티,미아동,"12,500",강북구,3,0,31,22.43,160-3,11305,4
2003,2018,북한산드림캐슬,번동,"2,500",강북구,3,30,17,24.09,448-2,11305,4
2015,2018,(454-106),번동,"20,500",강북구,3,0,23,44.98,454-106,11305,7
2005,2018,효성 인텔리안 오피스텔,수유동,500,강북구,3,50,5,29.32,230-7,11305,5
2005,2018,수유동이테크밸리오피스텔,수유동,"1,000",강북구,3,50,6,27.81,95-7,11305,12
2017,2018,(274-5),수유동,"3,000",강북구,3,30,12,18.85,274-5,11305,2
2012,2018,제네스타워,수유동,"16,000",강북구,3,0,15,38.23,48-1,11305,18
2012,2018,제네스타워,수유동,"15,500",강북구,3,0,16,38.23,48-1,11305,8
2012,2018,제네스타워,수유동,"12,000",강북구,3,0,17,29.25,48-1,11305,6
2010,2018,한일그랑빌,수유동,"2,000",강북구,3,60,17,57.38,252-143,11305,3
2017,2018,(274-5),수유동,"1,000",강북구,3,0,22,19.17,274-5,11305,8
2010,2018,한일그랑빌,수유동,"14,000",강북구,3,0,27,57.38,252-143,11305,2
2005,2018,효성 인텔리안 오피스텔,수유동,"1,000",강북구,3,50,30,30.49,230-7,11305,15
2005,2018,수유동이테크밸리오피스텔,수유동,"1,000",강북구,3,45,30,27.98,95-7,11305,10
2014,2018,수유역푸르지오시티,미아동,500,강북구,4,60,4,22.43,160-3,11305,20
2010,2018,삼보힐,번동,"1,000",강북구,4,60,17,18.9,449-22,11305,15
2010,2018,삼보힐,번동,"6,500",강북구,4,0,18,39.2,449-22,11305,14
2012,2018,제네스타워,수유동,"15,500",강북구,4,0,2,37,48-1,11305,9
2017,2018,(274-5),수유동,"1,000",강북구,4,50,11,19.17,274-5,11305,6
2002,2018,두온,수유동,500,강북구,4,55,24,36.42,46-5,11305,2
2012,2018,제네스타워,수유동,"16,000",강북구,4,0,27,37.8,48-1,11305,19
2014,2018,수유역푸르지오시티,미아동,"12,000",강북구,5,0,21,22.43,160-3,11305,5
2014,2018,수유역푸르지오시티,미아동,"12,500",강북구,5,0,24,22.43,160-3,11305,9
2005,2018,효성 인텔리안 오피스텔,수유동,"1,000",강북구,5,50,11,30.49,230-7,11305,9
2014,2018,수유역푸르지오시티,미아동,"12,500",강북구,6,0,7,22.43,160-3,11305,5
2005,2018,효성네오인텔리안,번동,500,강북구,6,55,6,32.97,418-3,11305,5
2005,2018,효성네오인텔리안,번동,"1,000",강북구,6,53,13,32.97,418-3,11305,4
2004,2018,포르텔오피스텔,번동,500,강북구,6,60,24,25.6,417-6,11305,7
2012,2018,제네스타워,수유동,"4,000",강북구,6,38,1,31.65,48-1,11305,12
2012,2018,제네스타워,수유동,"15,000",강북구,6,0,4,38.23,48-1,11305,6
2010,2018,쏠라리움타워,수유동,"2,000",강북구,6,70,5,35,45-1,11305,14
2012,2018,제네스타워,수유동,"13,200",강북구,6,0,5,31.65,48-1,11305,15
2012,2018,제네스타워,수유동,"12,000",강북구,6,0,7,31.65,48-1,11305,17
2010,2018,쏠라리움타워,수유동,"10,000",강북구,6,0,14,24.92,45-1,11305,5
2012,2018,제네스타워,수유동,"12,000",강북구,6,0,19,29.25,48-1,11305,9
2005,2018,효성 인텔리안 오피스텔,수유동,500,강북구,6,50,21,27.76,230-7,11305,10
2012,2018,제네스타워,수유동,"12,500",강북구,6,0,21,31.65,48-1,11305,18
2012,2018,제네스타워,수유동,"12,500",강북구,6,0,25,31.65,48-1,11305,13
2012,2018,제네스타워,수유동,"12,000",강북구,6,0,25,31.65,48-1,11305,11
2014,2018,수유역푸르지오시티,미아동,"3,000",강북구,7,40,4,22.43,160-3,11305,3
2003,2018,북한산드림캐슬,번동,"1,000",강북구,7,40,6,24.09,448-2,11305,14
2005,2018,효성네오인텔리안,번동,500,강북구,7,60,14,32.97,418-3,11305,6
2015,2018,(454-106),번동,"16,000",강북구,7,0,26,28.14,454-106,11305,8
2003,2018,강북중앙드림빌,번동,500,강북구,7,62,30,28.71,448-7,11305,4
2010,2018,쏠라리움타워,수유동,"3,000",강북구,7,35,1,25.62,45-1,11305,11
2005,2018,효성 인텔리안 오피스텔,수유동,500,강북구,7,45,2,30.49,230-7,11305,8
2005,2018,수유동이테크밸리오피스텔,수유동,"2,500",강북구,7,40,14,31.63,95-7,11305,6
2010,2018,쏠라리움타워,수유동,"11,000",강북구,7,0,17,29.31,45-1,11305,8
2012,2018,제네스타워,수유동,"14,000",강북구,7,0,21,37,48-1,11305,10
2012,2018,제네스타워,수유동,"16,000",강북구,7,0,24,37.8,48-1,11305,15
2005,2018,수유동이테크밸리오피스텔,수유동,"3,000",강북구,7,35,25,27.98,95-7,11305,8
2005,2018,효성 인텔리안 오피스텔,수유동,500,강북구,8,50,1,31.18,230-7,11305,5
2010,2018,쏠라리움타워,수유동,"2,000",강북구,8,55,6,29.31,45-1,11305,6
2010,2018,쏠라리움타워,수유동,"2,000",강북구,8,55,6,29.31,45-1,11305,6
2005,2018,효성 인텔리안 오피스텔,수유동,500,강북구,8,50,6,27.76,230-7,11305,5
2005,2018,효성 인텔리안 오피스텔,수유동,"1,000",강북구,8,50,11,30.49,230-7,11305,11
2010,2018,쏠라리움타워,수유동,"8,000",강북구,8,20,14,36.61,45-1,11305,11
2010,2018,쏠라리움타워,수유동,"1,000",강북구,8,70,16,36.61,45-1,11305,14
,2018,경원북한산휴그린아파트,수유동,"28,000",강북구,8,0,22,76.5,268-17,11305,3
2005,2018,효성 인텔리안 오피스텔,수유동,"1,000",강북구,8,49,30,27.76,230-7,11305,16
2014,2018,수유역푸르지오시티,미아동,"1,000",강북구,9,55,11,22.43,160-3,11305,5
2004,2018,재원오피스텔,미아동,"10,000",강북구,9,0,11,37.08,459-5,11305,2
2001,2018,밀레니엄 오피스텔,번동,"4,000",강북구,9,20,15,24.47,465-4,11305,6
2010,2018,쏠라리움타워,수유동,"3,000",강북구,9,35,1,24.92,45-1,11305,8
2005,2018,효성 인텔리안 오피스텔,수유동,"1,000",강북구,9,50,3,27.76,230-7,11305,11
2014,2018,수유역푸르지오시티,미아동,"3,000",강북구,10,45,10,22.43,160-3,11305,7
2010,2018,쏠라리움타워,수유동,"2,000",강북구,10,45,1,29.31,45-1,11305,10
2005,2018,수유동이테크밸리오피스텔,수유동,500,강북구,10,50,6,27.81,95-7,11305,13
2010,2018,쏠라리움타워,수유동,"5,000",강북구,10,30,8,35,45-1,11305,9
2005,2018,효성 인텔리안 오피스텔,수유동,500,강북구,10,60,13,34.95,230-7,11305,10
2012,2018,제네스타워,수유동,"13,000",강북구,10,0,18,37,48-1,11305,13
2005,2018,효성 인텔리안 오피스텔,수유동,"1,000",강북구,10,50,29,30.49,230-7,11305,8
2014,2018,수유역푸르지오시티,미아동,"13,000",강북구,11,0,1,22.43,160-3,11305,3
2004,2018,재원오피스텔,미아동,"10,000",강북구,11,0,3,21.12,459-5,11305,3
2014,2018,수유역푸르지오시티,미아동,"1,000",강북구,11,55,14,22.43,160-3,11305,19
2014,2018,수유역푸르지오시티,미아동,"1,000",강북구,11,55,24,22.43,160-3,11305,19
2012,2018,제네스타워,수유동,"5,000",강북구,11,40,5,38.23,48-1,11305,12
2014,2018,수유역푸르지오시티,미아동,500,강북구,12,60,13,22.43,160-3,11305,5
2014,2018,수유역푸르지오시티,미아동,"12,500",강북구,12,0,26,22.43,160-3,11305,16
2005,2018,효성 인텔리안 오피스텔,수유동,"11,000",강북구,12,0,15,34.13,230-7,11305,17
2005,2018,효성 인텔리안 오피스텔,수유동,"1,000",강북구,12,50,25,28.82,230-7,11305,16
2016,2018,수유프리미어엠,수유동,"12,000",강북구,12,0,29,22.97,48-8,11305,15
2010,2019,삼보힐,번동,"11,000",강북구,1,0,2,17.85,449-22,11305,15
2005,2019,효성네오인텔리안,번동,500,강북구,1,55,24,29.1,418-3,11305,5
2010,2019,쏠라리움타워,수유동,"13,000",강북구,1,0,15,36.61,45-1,11305,6
2010,2019,FIRST VIEW,수유동,"1,000",강북구,1,36,19,19.2,274-3,11305,2
2012,2019,제네스타워,수유동,"15,000",강북구,1,0,19,37.8,48-1,11305,10
2005,2019,효성 인텔리안 오피스텔,수유동,"4,000",강북구,1,30,24,30.49,230-7,11305,5
2005,2019,수유동이테크밸리오피스텔,수유동,500,강북구,1,65,24,36.78,95-7,11305,6
,2019,경원북한산휴그린아파트,수유동,"28,000",강북구,1,0,29,76.5,268-17,11305,3
2014,2019,수유역푸르지오시티,미아동,"1,000",강북구,2,60,7,22.43,160-3,11305,10
2014,2019,수유역푸르지오시티,미아동,"3,000",강북구,2,42,7,22.43,160-3,11305,16
2005,2019,효성 인텔리안 오피스텔,수유동,"13,000",강북구,2,0,11,30.49,230-7,11305,10
2002,2019,두온,수유동,"1,000",강북구,2,50,21,30.29,46-5,11305,3
2017,2019,(274-5),수유동,"2,000",강북구,2,48,25,23.81,274-5,11305,8
2003,2019,북한산드림캐슬,번동,500,강북구,3,45,25,24.09,448-2,11305,6
2010,2019,쏠라리움타워,수유동,"3,000",강북구,3,35,11,24.92,45-1,11305,10
2003,2019,북한산드림캐슬,번동,500,강북구,4,45,24,24.09,448-2,11305,15
2005,2019,효성네오인텔리안,번동,"1,000",강북구,4,50,30,31.71,418-3,11305,4
2012,2019,제네스타워,수유동,"13,000",강북구,4,0,12,33.1,48-1,11305,13
2014,2019,수유역푸르지오시티,미아동,"13,500",강북구,5,0,18,22.43,160-3,11305,7
2003,2019,두온오피스텔,수유동,"1,000",강북구,5,50,1,33.2,223-1,11305,5
2005,2019,효성 인텔리안 오피스텔,수유동,500,강북구,5,55,6,30.49,230-7,11305,14
2019,2019,아띠하우스,수유동,"15,500",강북구,5,0,10,26.97,168-6,11305,5
2005,2019,효성네오인텔리안,번동,500,강북구,6,50,22,29.1,418-3,11305,6
2012,2019,제네스타워,수유동,"14,000",강북구,6,0,4,33.73,48-1,11305,19
2017,2019,(274-5),수유동,"1,000",강북구,6,50,10,19.01,274-5,11305,8
2005,2019,효성 인텔리안 오피스텔,수유동,"2,000",강북구,6,40,15,28.82,230-7,11305,9
2010,2019,쏠라리움타워,수유동,"4,000",강북구,6,30,22,24.92,45-1,11305,9
2012,2019,제네스타워,수유동,"4,000",강북구,6,35,24,38.23,48-1,11305,5
2005,2019,효성 인텔리안 오피스텔,수유동,"1,000",강북구,6,45,24,30.49,230-7,11305,4
2005,2019,효성 인텔리안 오피스텔,수유동,"12,000",강북구,6,0,29,34.95,230-7,11305,6
2012,2019,(77-8),수유동,"8,000",강북구,7,0,11,20.9,77-8,11305,6
2010,2019,태솔타워,수유동,"15,000",강북구,7,0,12,59.74,51-7,11305,3
2014,2019,라온재,수유동,"9,000",강북구,7,0,13,31.48,77-62,11305,3
2012,2019,제네스타워,수유동,"15,500",강북구,7,0,22,37,48-1,11305,9
2005,2019,수유동이테크밸리오피스텔,수유동,500,강북구,7,50,30,27.81,95-7,11305,8
2003,2019,북한산드림캐슬,번동,"2,000",강북구,8,30,27,24.09,448-2,11305,3
2010,2019,쏠라리움타워,수유동,"4,000",강북구,8,35,2,29.31,45-1,11305,11
2005,2019,수유동이테크밸리오피스텔,수유동,"3,500",강북구,8,35,3,27.98,95-7,11305,11
2005,2019,효성 인텔리안 오피스텔,수유동,"1,000",강북구,8,50,14,30.49,230-7,11305,20
2010,2019,쏠라리움타워,수유동,"3,000",강북구,8,35,16,25.62,45-1,11305,11
2005,2019,효성 인텔리안 오피스텔,수유동,"2,000",강북구,8,40,19,31.18,230-7,11305,4
2005,2019,수유동이테크밸리오피스텔,수유동,"1,000",강북구,8,50,23,31.63,95-7,11305,11
2012,2019,제네스타워,수유동,"15,000",강북구,8,0,23,38.23,48-1,11305,6
2012,2019,제네스타워,수유동,"15,000",강북구,8,0,23,37.8,48-1,11305,6
2010,2019,쏠라리움타워,수유동,"14,000",강북구,8,0,27,29.31,45-1,11305,10
2012,2019,제네스타워,수유동,"14,500",강북구,9,0,6,37,48-1,11305,19
2005,2019,효성 인텔리안 오피스텔,수유동,"12,000",강북구,9,0,10,34.95,230-7,11305,18
2005,2019,수유동이테크밸리오피스텔,수유동,"3,000",강북구,9,30,18,27.81,95-7,11305,15
2012,2019,제네스타워,수유동,"12,000",강북구,9,0,23,29.25,48-1,11305,9
2010,2019,쏠라리움타워,수유동,"10,000",강북구,9,10,26,36.61,45-1,11305,11
2001,2019,밀레니엄 오피스텔,번동,"1,000",강북구,10,35,5,24.95,465-4,11305,6
2004,2019,포르텔오피스텔,번동,500,강북구,10,60,8,25.6,417-6,11305,6
2003,2019,북한산드림캐슬,번동,"1,000",강북구,10,40,21,24.09,448-2,11305,14
2010,2019,삼보힐,번동,"7,500",강북구,10,0,26,39.2,449-22,11305,9
2005,2019,수유동이테크밸리오피스텔,수유동,"10,000",강북구,10,0,3,40.93,95-7,11305,6
2005,2019,수유동이테크밸리오피스텔,수유동,500,강북구,10,58,14,34.23,95-7,11305,6
2013,2019,(50-89),수유동,"18,000",강북구,10,0,17,56.28,50-89,11305,4
2005,2019,수유동이테크밸리오피스텔,수유동,"4,000",강북구,10,42,25,36.78,95-7,11305,5
2005,2019,효성 인텔리안 오피스텔,수유동,"10,000",강북구,10,0,31,29.32,230-7,11305,13
2014,2019,수유역푸르지오시티,미아동,"3,000",강북구,11,44,8,22.43,160-3,11305,5
2012,2019,제네스타워,수유동,"15,000",강북구,11,0,1,37,48-1,11305,14
2005,2019,효성 인텔리안 오피스텔,수유동,500,강북구,11,50,9,28.82,230-7,11305,6
2012,2019,제네스타워,수유동,"14,000",강북구,11,0,11,37,48-1,11305,18
2005,2019,수유동이테크밸리오피스텔,수유동,"12,000",강북구,11,0,12,40.15,95-7,11305,11
2010,2019,쏠라리움타워,수유동,"3,000",강북구,11,40,21,25.62,45-1,11305,9
2012,2019,제네스타워,수유동,"12,000",강북구,11,0,23,29.25,48-1,11305,10
2012,2019,제네스타워,수유동,"15,000",강북구,11,0,26,37.8,48-1,11305,11
2012,2019,제네스타워,수유동,"15,000",강북구,12,0,2,37,48-1,11305,7
2017,2019,(274-5),수유동,"3,000",강북구,12,45,2,19.17,274-5,11305,8
2016,2019,수유프리미어엠,수유동,"2,000",강북구,12,65,2,34.3,48-8,11305,14
2005,2019,효성 인텔리안 오피스텔,수유동,"10,000",강북구,12,0,2,30.49,230-7,11305,19
2001,2019,지산타워아파트,수유동,"6,500",강북구,12,0,6,19.94,45-88,11305,7
2010,2019,쏠라리움타워,수유동,"14,500",강북구,12,0,11,35,45-1,11305,7
2012,2019,제네스타워,수유동,"13,500",강북구,12,0,14,33.1,48-1,11305,6
2016,2019,수유프리미어엠,수유동,"4,000",강북구,12,35,21,22.97,48-8,11305,15
2005,2019,수유동이테크밸리오피스텔,수유동,"1,000",강북구,12,50,30,29.61,95-7,11305,7
2005,2019,수유동이테크밸리오피스텔,수유동,500,강북구,12,50,31,27.98,95-7,11305,8
