거래금액,건축년도,년,대지면적,법정동,연면적,월,일,주택유형,지역코드
"288,000",2000,2010,250,역삼동,749.14,1,4,다가구,11680
"105,500",1990,2010,168.9,개포동,247.68,1,27,다가구,11680
"180,000",,2010,225.4,청담동,455.91,1,8,다가구,11680
"329,000",,2010,253.5,청담동,185.95,1,25,단독,11680
"57,000",,2010,66.6,삼성동,48.2,1,19,단독,11680
"162,000",,2010,164.1,논현동,348.54,1,30,다가구,11680
"170,000",2001,2010,184.1,논현동,410.52,1,30,다가구,11680
"118,500",1985,2010,199.7,일원동,249.84,1,19,단독,11680
"201,000",,2010,231.4,도곡동,528.03,1,9,단독,11680
"165,000",1992,2010,234.9,역삼동,459.38,2,6,다가구,11680
"165,000",1989,2010,215,역삼동,249.16,2,16,단독,11680
"150,000",1986,2010,203.5,역삼동,305.5,2,26,단독,11680
"117,000",1988,2010,194.9,개포동,244.14,2,25,단독,11680
"113,000",,2010,169,삼성동,249.08,2,3,다가구,11680
"136,700",,2010,166.3,삼성동,353.12,2,5,다가구,11680
"66,000",1979,2010,74.6,삼성동,49.39,2,10,단독,11680
"230,000",1996,2010,255.6,대치동,550.88,2,9,다가구,11680
"162,500",,2010,232.7,대치동,159.17,2,18,다가구,11680
"300,000",1978,2010,197.7,신사동,243.8,2,17,단독,11680
"60,000",1983,2010,89.3,논현동,130.29,2,3,단독,11680
"140,000",1989,2010,308,율현동,199.77,2,20,단독,11680
"91,500",1989,2010,321,율현동,199.5,2,27,단독,11680
"212,500",2003,2010,251.2,역삼동,541.57,3,2,다가구,11680
"182,000",1988,2010,248,역삼동,326.74,3,2,단독,11680
"346,500",2002,2010,421,역삼동,628.8,3,17,단독,11680
"138,000",1990,2010,182,개포동,358.29,3,13,단독,11680
"135,000",1989,2010,154,청담동,332.82,3,19,단독,11680
"395,000",,2010,228.5,청담동,205.34,3,24,단독,11680
"178,000",1997,2010,202.6,청담동,457.5,3,31,다가구,11680
"201,000",1989,2010,204.3,삼성동,277.17,3,5,단독,11680
"219,000",2000,2010,240.7,대치동,683.12,3,14,다가구,11680
"205,000",,2010,279.5,대치동,532.04,3,15,다가구,11680
"162,500",1997,2010,180.7,대치동,400.44,3,17,다가구,11680
"248,000",1995,2010,307.4,신사동,627.21,3,2,단독,11680
"200,000",1995,2010,204.9,신사동,404.45,3,2,다가구,11680
"170,000",1995,2010,176.2,신사동,379.44,3,15,다가구,11680
"143,000",,2010,174.1,논현동,156.4,3,1,다가구,11680
"224,000",1996,2010,259.7,논현동,659.86,3,9,다가구,11680
"119,500",1987,2010,197.1,일원동,249.11,3,16,단독,11680
"105,000",,2010,197.7,일원동,246.63,3,30,단독,11680
"222,000",,2010,244.2,역삼동,557.97,4,9,다가구,11680
"250,000",,2010,274.3,역삼동,786.89,4,15,다가구,11680
"195,000",1988,2010,287.6,역삼동,323.73,4,28,다가구,11680
"388,000",1978,2010,361.4,역삼동,284.1,4,30,단독,11680
"235,000",1997,2010,346.9,청담동,659.68,4,15,다가구,11680
"90,000",1975,2010,93.7,청담동,73.35,4,30,단독,11680
"219,000",,2010,243.2,삼성동,251.65,4,10,단독,11680
"245,000",1981,2010,265.2,대치동,245.66,4,13,단독,11680
"390,000",1996,2010,235,신사동,559.92,4,1,다가구,11680
"139,000",,2010,180.5,논현동,382.84,4,16,다가구,11680
"200,000",1991,2010,159.8,논현동,432.57,4,16,단독,11680
"276,000",1978,2010,336.9,논현동,326.35,4,19,단독,11680
"300,000",,2010,306.6,논현동,286.65,4,29,단독,11680
"149,000",2010,2010,333,자곡동,199.44,4,15,단독,11680
"103,000",,2010,197.7,일원동,248.55,4,19,다가구,11680
"125,000",1989,2010,188.6,개포동,278.91,5,19,단독,11680
"206,000",1975,2010,124.7,청담동,151.34,5,28,단독,11680
"230,000",1976,2010,169.1,청담동,155.27,5,28,단독,11680
"249,000",1997,2010,201.1,대치동,573.04,5,13,다가구,11680
"180,000",1997,2010,158.1,신사동,345.17,5,2,다가구,11680
"146,000",1988,2010,211.7,논현동,313.23,5,12,다가구,11680
"172,500",,2010,263.5,논현동,274.74,5,14,다가구,11680
"191,500",1996,2010,239.4,논현동,539.34,5,21,다가구,11680
"143,581",1990,2010,240.9,논현동,332.6,5,28,다가구,11680
"112,500",1987,2010,203.9,일원동,249.87,5,14,단독,11680
"187,000",1991,2010,247.3,역삼동,300.07,6,15,다가구,11680
"150,000",2002,2010,221.8,역삼동,438.24,6,28,단독,11680
"310,000",1995,2010,293.4,청담동,422.43,6,9,다가구,11680
"121,000",,2010,187.8,논현동,152.13,6,4,단독,11680
"120,000",1975,2010,163.3,논현동,101.72,6,7,단독,11680
"158,312",1992,2010,216.2,논현동,421.9,6,21,단독,11680
"290,000",1975,2010,238.9,논현동,156.14,6,24,단독,11680
"170,000",,2010,315,세곡동,178.87,6,3,단독,11680
"152,000",1982,2010,335,세곡동,198.22,6,25,단독,11680
"118,000",1988,2010,177.7,일원동,249.93,6,3,단독,11680
"105,500",1986,2010,198.4,일원동,249.54,6,13,다가구,11680
"107,500",1987,2010,196.8,일원동,248.64,6,26,다가구,11680
"144,000",1996,2010,173.1,역삼동,299.62,7,22,다가구,11680
"140,200",1989,2010,188.7,개포동,480.84,7,29,다가구,11680
"190,000",1973,2010,271.7,청담동,164,7,1,단독,11680
"240,000",1978,2010,200.7,삼성동,215.28,7,30,단독,11680
"360,000",1979,2010,301.6,삼성동,177.68,7,30,단독,11680
"173,000",1994,2010,183.9,논현동,377.04,7,21,다가구,11680
"124,500",1985,2010,200.7,일원동,290.37,7,8,단독,11680
"176,000",1997,2010,216.3,청담동,402.96,8,3,다가구,11680
"240,000",1995,2010,178.7,청담동,418.02,8,6,단독,11680
"145,000",1999,2010,279.5,삼성동,586.46,8,20,단독,11680
"178,300",1976,2010,443.1,삼성동,225.02,8,24,단독,11680
"156,600",1976,2010,173.7,신사동,115.96,8,10,단독,11680
"194,615",1997,2010,334.1,역삼동,616.8,9,8,단독,11680
"134,000",1994,2010,136.8,역삼동,295.51,9,29,다가구,11680
"450,000",1974,2010,228.5,청담동,205.34,9,6,단독,11680
"145,000",1972,2010,199.4,청담동,153.92,9,14,단독,11680
"276,000",1995,2010,222.8,청담동,463.52,9,18,다가구,11680
"620,000",1984,2010,496.1,삼성동,291.04,9,17,단독,11680
"196,400",1996,2010,240.5,대치동,495.3,9,27,단독,11680
"155,000",1979,2010,334,자곡동,97.62,9,17,단독,11680
"105,000",1987,2010,198.6,일원동,246.48,9,15,단독,11680
"95,000",1983,2010,167.2,역삼동,202.6,10,12,단독,11680
"190,000",1996,2010,206.2,삼성동,409.2,10,25,단독,11680
"129,000",1990,2010,188.1,삼성동,249.9,10,27,단독,11680
"310,000",1977,2010,277.4,대치동,143.77,10,13,단독,11680
"88,000",2002,2010,105.3,대치동,158.26,10,28,다가구,11680
"165,000",1983,2010,238.2,일원동,329.16,10,27,단독,11680
"200,000",1995,2010,178.7,청담동,418.02,11,3,단독,11680
"320,000",1982,2010,202.2,청담동,220.8,11,9,단독,11680
"225,000",1988,2010,269.1,청담동,456.77,11,12,단독,11680
"225,000",1995,2010,150.6,대치동,329.52,11,3,다가구,11680
"244,000",1997,2010,256,대치동,521.46,11,5,단독,11680
"223,000",1982,2010,493,자곡동,98.85,11,12,단독,11680
"145,000",1994,2010,228.8,일원동,529.2,11,15,단독,11680
"106,000",1986,2010,192.2,일원동,246.42,11,19,단독,11680
"107,000",1986,2010,201.4,일원동,249.71,11,25,단독,11680
"188,000",1981,2010,210,도곡동,306.37,11,5,단독,11680
"92,400",1984,2010,91.2,역삼동,140.86,12,3,단독,11680
"240,000",1992,2010,221,역삼동,477.96,12,8,단독,11680
"167,000",1996,2010,210.3,역삼동,419.62,12,22,단독,11680
"264,000",1997,2010,332.3,역삼동,658.85,12,23,단독,11680
"228,000",1995,2010,178.7,청담동,418.02,12,12,단독,11680
"159,000",1992,2010,169.8,삼성동,336.76,12,1,단독,11680
"214,000",1997,2010,240,삼성동,562.62,12,2,단독,11680
"214,000",1997,2010,292.3,삼성동,600.12,12,24,단독,11680
"175,000",1995,2010,237.8,삼성동,419.83,12,24,다가구,11680
"125,000",1978,2010,249.4,대치동,159.91,12,3,단독,11680
"140,000",1996,2010,168.4,논현동,357.5,12,20,단독,11680
"140,000",1990,2010,214.9,논현동,343.14,12,23,단독,11680
"126,000",1982,2010,272,세곡동,130.81,12,27,단독,11680
"155,000",1994,2010,320,자곡동,199.82,12,17,단독,11680
"175,000",1977,2010,350,자곡동,102.79,12,27,단독,11680
"109,000",1987,2010,198.1,일원동,249.93,12,1,단독,11680
"35,000",1996,2010,58.98,일원동,132.78,12,27,단독,11680
"480,000",1989,2011,547.3,역삼동,319,1,5,단독,11680
"295,000",2003,2011,328.4,역삼동,658.76,1,24,단독,11680
"230,000",2001,2011,330.2,역삼동,493.98,1,31,단독,11680
"292,000",1988,2011,317.5,대치동,639.38,1,3,단독,11680
"130,000",1995,2011,170.6,대치동,184.92,1,26,단독,11680
"310,000",1996,2011,318.6,논현동,658.35,1,6,단독,11680
"207,000",1993,2011,243.4,논현동,554.86,1,13,단독,11680
"180,000",2002,2011,203.6,논현동,452,1,28,다가구,11680
"127,700",1981,2011,395,세곡동,124.2,1,27,단독,11680
"154,000",1994,2011,207.2,역삼동,467.12,2,11,다가구,11680
"172,000",1993,2011,192.9,청담동,427.2,2,11,단독,11680
"310,000",1983,2011,312.6,삼성동,317.44,2,18,단독,11680
"200,000",1998,2011,186.2,신사동,388.24,2,13,다가구,11680
"29,200",1990,2011,52.01,신사동,150.31,2,21,단독,11680
"360,000",1993,2011,294.5,신사동,591.65,2,22,다가구,11680
"255,000",1996,2011,296.4,역삼동,658.41,3,2,다가구,11680
"435,000",2011,2011,362.8,역삼동,467.17,3,3,단독,11680
"241,500",1995,2011,227.3,역삼동,419.52,3,14,다가구,11680
"230,000",,2011,297.8,역삼동,312.57,3,26,단독,11680
"340,000",1978,2011,317.6,삼성동,257.92,3,12,단독,11680
"230,000",1990,2011,201.7,삼성동,274.11,3,16,단독,11680
"270,000",2010,2011,259.8,삼성동,513.77,3,28,다가구,11680
"300,000",2010,2011,300.6,삼성동,532,3,28,다가구,11680
"160,000",1996,2011,171.8,대치동,486.16,3,30,다가구,11680
"200,000",1978,2011,177.5,신사동,204.4,3,25,단독,11680
"182,000",1996,2011,229.9,논현동,488.96,3,10,다가구,11680
"137,000",1994,2011,192.6,논현동,284.16,3,25,다가구,11680
"117,500",1986,2011,192.1,일원동,249.9,3,16,다가구,11680
"111,800",1986,2011,198.8,일원동,249.84,3,23,단독,11680
"168,000",1977,2011,292.1,역삼동,197.65,4,1,단독,11680
"256,000",2001,2011,209.9,역삼동,644.12,4,5,다가구,11680
"247,000",1988,2011,218.8,역삼동,285.66,4,27,단독,11680
"133,500",1998,2011,179.3,개포동,379.2,4,4,다가구,11680
"213,000",1996,2011,240.2,대치동,500.32,4,13,다가구,11680
"184,000",1994,2011,206.5,대치동,397.7,4,15,다가구,11680
"260,000",1997,2011,201.1,대치동,573.04,4,18,다가구,11680
"240,000",1983,2011,281.6,대치동,231.84,4,26,단독,11680
"200,000",1978,2011,203.4,대치동,164.14,4,26,단독,11680
"181,500",1983,2011,174,신사동,129.5,4,18,단독,11680
"300,000",1995,2011,244.1,신사동,490.4,4,27,다가구,11680
"266,000",2001,2011,299.3,논현동,813.36,4,12,다가구,11680
"231,681",1983,2011,264.1,논현동,328.92,4,13,단독,11680
"220,000",2010,2011,253.9,논현동,553.48,4,28,다가구,11680
"202,500",1996,2011,228.2,논현동,487,4,29,다가구,11680
"59,900",1987,2011,194.3,일원동,249.54,4,20,단독,11680
"195,000",2001,2011,269,역삼동,432.68,5,4,다가구,11680
"235,000",1995,2011,216.2,청담동,498.02,5,20,다가구,11680
"270,000",1985,2011,356.21,삼성동,305.11,5,2,단독,11680
"315,000",1995,2011,279.4,대치동,621.35,5,31,다가구,11680
"269,000",1975,2011,348.3,논현동,229.38,5,11,다가구,11680
"249,000",1996,2011,254.6,논현동,538.72,5,23,다가구,11680
"160,000",1992,2011,313,자곡동,199.1,5,13,단독,11680
"125,000",1992,2011,319,율현동,198.72,5,21,단독,11680
"125,000",1989,2011,296,율현동,192.37,5,31,단독,11680
"153,000",1986,2011,204.1,일원동,406.76,5,25,단독,11680
"300,000",2001,2011,325.9,역삼동,807.84,6,27,다가구,11680
"238,000",2002,2011,206.9,역삼동,486.93,6,28,다가구,11680
"382,000",1981,2011,318.1,청담동,348.56,6,3,다가구,11680
"400,000",1976,2011,448,삼성동,180.5,6,8,단독,11680
"280,000",1990,2011,209.4,삼성동,254.4,6,13,단독,11680
"150,000",1996,2011,248.6,대치동,539.92,6,23,다가구,11680
"150,000",1975,2011,180,신사동,155.04,6,8,단독,11680
"249,000",1982,2011,247.1,논현동,188.92,6,13,단독,11680
"250,000",1994,2011,249.1,논현동,534.24,6,18,다가구,11680
"700,000",1993,2011,495.9,압구정동,240.4,6,16,단독,11680
"139,000",1994,2011,233.1,일원동,303.77,6,8,다가구,11680
"187,500",1997,2011,194.4,역삼동,475.81,7,25,다가구,11680
"320,000",1977,2011,380.4,청담동,318.71,7,28,단독,11680
"480,000",1984,2011,526.6,삼성동,329.38,7,27,단독,11680
"211,500",1987,2011,174.8,대치동,392.28,7,1,단독,11680
"240,000",1996,2011,258.9,대치동,524.48,7,5,다가구,11680
"285,000",1997,2011,189.5,신사동,365.54,7,4,다가구,11680
"152,000",1975,2011,169.7,신사동,153.39,7,15,단독,11680
"340,000",1986,2011,380.3,논현동,322.92,7,8,단독,11680
"140,000",1972,2011,151.2,논현동,65.82,7,13,단독,11680
"375,000",1976,2011,406.5,논현동,218.12,7,29,단독,11680
"175,000",1982,2011,433,세곡동,131.11,7,21,단독,11680
"145,000",1989,2011,316,율현동,205.56,7,5,단독,11680
"197,500",1993,2011,315,수서동,195.48,7,18,단독,11680
"175,000",1994,2011,200.6,도곡동,414.25,7,15,다가구,11680
"240,000",1990,2011,279.5,개포동,718.95,8,22,단독,11680
"235,000",1988,2011,156.9,청담동,229.74,8,31,단독,11680
"253,000",2001,2011,196.7,대치동,659.28,8,18,다가구,11680
"150,000",1995,2011,197.2,신사동,436.56,8,25,단독,11680
"151,000",1978,2011,251.4,논현동,164.6,8,16,단독,11680
"95,000",1985,2011,217,세곡동,190.72,8,22,단독,11680
"165,000",,2011,349,자곡동,108.03,8,8,단독,11680
"255,000",1994,2011,249.2,논현동,534.76,9,5,다가구,11680
"273,000",1995,2011,265.1,논현동,637.58,9,7,다가구,11680
"197,000",1997,2011,208.9,논현동,409.18,9,15,다가구,11680
"230,000",1988,2011,225.1,논현동,503.08,9,15,다가구,11680
"148,000",1996,2011,210.6,일원동,416.91,9,1,다가구,11680
"114,500",1995,2011,157.6,일원동,297.81,9,3,다가구,11680
"160,000",1987,2011,204.1,일원동,423,9,5,다가구,11680
"115,000",1986,2011,198,일원동,294.9,9,6,다가구,11680
"123,000",1988,2011,201,일원동,268.79,9,21,단독,11680
"66,000",1979,2011,90.5,도곡동,92.04,9,30,단독,11680
"118,500",1991,2011,105.8,역삼동,189.64,10,17,다가구,11680
"146,000",1995,2011,175,역삼동,357.88,10,18,다가구,11680
"310,000",2003,2011,365.6,역삼동,603.04,10,20,다가구,11680
"1,000,000",1991,2011,329.6,청담동,311.01,10,31,단독,11680
"200,000",1995,2011,191,대치동,526.49,10,4,단독,11680
"237,500",1993,2011,225.9,대치동,318.21,10,24,다가구,11680
"167,000",1994,2011,179.7,논현동,404.3,10,5,다가구,11680
"215,500",2000,2011,224.1,논현동,548.82,10,24,다가구,11680
"122,500",1984,2011,232.3,일원동,268.54,10,18,단독,11680
"139,500",1987,2011,215.6,일원동,297.91,10,27,단독,11680
"118,500",1991,2011,105.8,역삼동,189.64,11,14,다가구,11680
"145,000",1980,2011,222.6,역삼동,259.37,11,15,단독,11680
"345,000",2001,2011,330.7,역삼동,946.42,11,19,다가구,11680
"168,000",1993,2011,183.6,대치동,332.31,11,8,다가구,11680
"440,000",1981,2011,472.5,논현동,321.99,11,1,단독,11680
"230,000",1996,2011,278.3,논현동,659.34,11,10,다가구,11680
"282,000",1983,2011,254.3,논현동,294.74,11,11,단독,11680
"170,000",1978,2011,214.2,논현동,236.86,11,16,단독,11680
"250,000",1989,2011,393.5,논현동,328.47,11,28,단독,11680
"130,000",1987,2011,321,율현동,196.02,11,14,단독,11680
"139,500",1983,2011,227.8,일원동,260.8,11,8,단독,11680
"111,000",1987,2011,197.3,일원동,249.2,11,22,단독,11680
"170,000",1996,2011,191,도곡동,450,11,14,다가구,11680
"245,300",1981,2011,446.1,역삼동,242.5,12,1,단독,11680
"230,000",1992,2011,216.7,청담동,492.81,12,14,다가구,11680
"189,500",1996,2011,206.2,삼성동,490.2,12,19,다가구,11680
"255,000",1994,2011,249.2,논현동,534.76,12,15,다가구,11680
"162,000",1990,2011,319,자곡동,198.36,12,27,단독,11680
"152,000",1987,2011,305,자곡동,251.77,12,28,단독,11680
"123,000",1985,2011,200.7,일원동,290.37,12,7,단독,11680
"135,000",1978,2012,326.9,역삼동,253.66,1,31,단독,11680
"175,000",1976,2012,175.3,삼성동,166.23,1,17,다가구,11680
"253,500",2002,2012,202.6,대치동,568.32,1,17,다가구,11680
"413,807",1994,2012,442.4,논현동,654.42,1,10,다가구,11680
"78,000",1996,2012,177.3,역삼동,296.1,2,28,다가구,11680
"260,000",1988,2012,203.5,청담동,304.17,2,9,다가구,11680
"238,500",1991,2012,177.7,청담동,479.17,2,15,단독,11680
"290,000",1995,2012,293.4,청담동,422.43,2,16,다가구,11680
"162,000",1996,2012,119.3,신사동,178.08,2,9,다가구,11680
"382,825",1994,2012,395.7,논현동,169.3,2,1,단독,11680
"400,000",1981,2012,330.4,논현동,276.56,2,17,단독,11680
"160,000",1999,2012,226.6,논현동,406.49,2,21,다가구,11680
"160,000",1973,2012,158.1,역삼동,161.46,3,6,단독,11680
"265,000",1995,2012,258.1,역삼동,525.09,3,20,다가구,11680
"650,000",1976,2012,654.8,역삼동,314.22,3,28,단독,11680
"235,000",1982,2012,253.1,청담동,254.84,3,5,단독,11680
"258,000",1972,2012,237.7,청담동,66.12,3,5,단독,11680
"153,000",1977,2012,95.7,청담동,110.81,3,15,단독,11680
"145,000",1997,2012,158.2,삼성동,324.17,3,21,다가구,11680
"105,000",1975,2012,115.1,논현동,129.32,3,8,단독,11680
"269,000",1975,2012,244.6,논현동,154.57,3,29,단독,11680
"191,000",1989,2012,298,자곡동,199.76,3,9,단독,11680
"130,700",1982,2012,205.8,역삼동,219.15,4,5,단독,11680
"219,000",1978,2012,231.6,삼성동,291.31,4,19,단독,11680
"230,000",1984,2012,146.3,삼성동,162.86,4,25,단독,11680
"200,000",1973,2012,188.4,신사동,143,4,13,단독,11680
"164,000",1997,2012,186.6,논현동,384.41,4,4,다가구,11680
"202,500",1985,2012,409.78,논현동,292.48,4,10,단독,11680
"230,000",1993,2012,249.7,논현동,494.83,4,26,다가구,11680
"180,000",1989,2012,317,자곡동,199.62,4,3,단독,11680
"117,000",1992,2012,297,율현동,199.44,4,19,단독,11680
"123,000",1987,2012,203.5,일원동,249.2,4,11,다가구,11680
"117,000",1986,2012,201.4,일원동,249.71,4,15,단독,11680
"144,500",1988,2012,125.3,일원동,298.3,4,27,단독,11680
"137,000",1987,2012,231.3,일원동,275.66,4,28,다가구,11680
"210,000",1996,2012,241.1,역삼동,435.8,5,4,다가구,11680
"410,000",1982,2012,401,역삼동,301.79,5,9,단독,11680
"250,000",1989,2012,193.6,청담동,296.77,5,10,다가구,11680
"228,000",1991,2012,200.1,청담동,410.24,5,26,다가구,11680
"520,000",1984,2012,295.1,삼성동,321.08,5,1,단독,11680
"105,000",1978,2012,214.6,삼성동,220.73,5,10,단독,11680
"220,000",1985,2012,249.2,삼성동,252.91,5,15,단독,11680
"250,000",1995,2012,287.6,논현동,658.45,5,31,다가구,11680
"180,000",1985,2012,425,세곡동,136.58,5,3,단독,11680
"230,000",1979,2012,440,자곡동,98.81,5,17,단독,11680
"123,500",1986,2012,160.4,역삼동,197.4,6,5,다가구,11680
"115,600",1975,2012,127.4,청담동,138.88,6,5,단독,11680
"265,000",1995,2012,207.5,청담동,460.18,6,5,단독,11680
"220,000",2011,2012,170.6,대치동,337.79,6,14,다가구,11680
"445,000",1996,2012,342.8,신사동,512.4,6,4,다가구,11680
"320,000",1979,2012,235.2,신사동,224.79,6,5,단독,11680
"115,000",1993,2012,117.7,청담동,245.38,7,11,다가구,11680
"129,500",2004,2012,141.1,삼성동,225.92,7,16,다가구,11680
"800,000",1985,2012,581.4,삼성동,303.84,7,30,단독,11680
"750,000",1983,2012,328.2,신사동,357.47,7,13,단독,11680
"174,000",1995,2012,180,논현동,336.76,7,1,다가구,11680
"295,000",1997,2012,253.9,논현동,622.91,7,2,다가구,11680
"219,000",2001,2012,265.9,논현동,534.5,7,30,다가구,11680
"50,000",1995,2012,68.41,도곡동,132.59,7,4,단독,11680
"492,000",1978,2012,511.3,역삼동,323.04,8,2,단독,11680
"196,000",2001,2012,206.4,역삼동,471.76,8,27,다가구,11680
"168,000",1997,2012,217.5,개포동,519.96,8,20,다가구,11680
"114,000",1977,2012,106.1,청담동,105.68,8,30,단독,11680
"327,000",1997,2012,179.9,신사동,388.99,8,29,다가구,11680
"59,250",1987,2012,107.9,신사동,148.01,8,31,단독,11680
"140,000",1988,2012,192,일원동,448.93,8,13,단독,11680
"190,000",1997,2012,232.4,역삼동,626.1,9,18,다가구,11680
"270,000",2002,2012,250.5,역삼동,504.48,9,19,다가구,11680
"107,000",1975,2012,103.5,청담동,108.56,9,24,단독,11680
"310,000",,2012,194.6,삼성동,435.26,9,27,다가구,11680
"190,000",1997,2012,241.8,논현동,433.21,9,12,다가구,11680
"600,000",1974,2012,236.3,논현동,228.91,9,20,단독,11680
"395,000",1995,2012,429.3,논현동,740.58,9,24,다가구,11680
"185,000",1994,2012,169.7,논현동,348.82,9,27,다가구,11680
"375,000",1996,2012,172.7,역삼동,299.88,10,4,다가구,11680
"250,000",1991,2012,271.3,역삼동,416.16,10,8,다가구,11680
"284,000",1996,2012,235,청담동,505.18,10,11,다가구,11680
"178,000",1983,2012,203.8,청담동,264.07,10,20,단독,11680
"300,000",1991,2012,181.3,대치동,410.22,10,10,단독,11680
"425,100",1978,2012,187.4,신사동,150.21,10,13,단독,11680
"175,000",1998,2012,186.2,신사동,388.24,10,22,다가구,11680
"224,500",1995,2012,185.8,신사동,386.2,10,25,단독,11680
"138,000",2004,2012,141.4,논현동,233.96,10,17,다가구,11680
"285,000",1997,2012,360.3,논현동,659.92,10,26,다가구,11680
"340,000",1982,2012,443,자곡동,478.05,10,2,단독,11680
"108,000",1987,2012,203.5,일원동,249.84,10,25,다가구,11680
"180,000",1989,2012,215,역삼동,249.16,11,19,단독,11680
"265,000",2002,2012,215.8,역삼동,492.48,11,20,다가구,11680
"205,000",1997,2012,202.6,청담동,457.5,11,28,다가구,11680
"217,500",1991,2012,226.7,삼성동,296.09,11,12,단독,11680
"229,000",1996,2012,271.7,대치동,539.46,11,9,다가구,11680
"216,000",1997,2012,243.3,대치동,525.93,11,22,다가구,11680
"224,000",1973,2012,188.4,신사동,143.41,11,13,단독,11680
"451,000",1988,2012,220.6,신사동,480.8,11,16,다가구,11680
"132,000",2003,2012,90.4,신사동,132.87,11,21,단독,11680
"135,000",1983,2012,461,세곡동,130.79,11,26,단독,11680
"102,000",1985,2012,198,일원동,254.43,11,13,단독,11680
"128,500",1987,2012,232.1,일원동,298.61,11,16,단독,11680
"214,000",1993,2012,232,도곡동,486.78,11,15,다가구,11680
"240,000",1978,2012,247.5,역삼동,203.41,12,31,단독,11680
"900,000",2005,2012,411.2,삼성동,656.76,12,6,단독,11680
"194,000",1997,2012,230.8,논현동,492.42,12,1,다가구,11680
"58,000",1975,2012,107.9,논현동,99.84,12,12,단독,11680
"40,000",2012,2012,320,율현동,198,12,5,단독,11680
"220,000",2000,2012,269.7,도곡동,914.12,12,18,다가구,11680
"220,000",1996,2013,336.7,역삼동,537.04,1,11,다가구,11680
"250,000",1993,2013,306.8,역삼동,342,1,25,단독,11680
"319,000",1988,2013,324.8,대치동,493.04,1,8,단독,11680
"370,000",2003,2013,241.6,신사동,671.58,1,22,다가구,11680
"324,200",1989,2013,424,논현동,324.21,1,4,단독,11680
"119,500",1990,2013,169.2,논현동,245.7,1,11,단독,11680
"380,000",1974,2013,486.3,논현동,319.86,1,16,단독,11680
"172,500",1989,2013,318,자곡동,196.65,1,18,단독,11680
"147,000",1985,2013,210.3,일원동,345.51,1,3,단독,11680
"160,000",2011,2013,171.8,역삼동,284.68,2,8,다가구,11680
"358,928",1978,2013,305.5,청담동,212.43,2,4,단독,11680
"280,000",1994,2013,154.6,청담동,348.4,2,19,다가구,11680
"210,000",1991,2013,225.2,논현동,492.79,2,18,다가구,11680
"205,000",1996,2013,213.2,논현동,574.54,2,27,다가구,11680
"110,000",1987,2013,194.4,일원동,249.91,2,2,단독,11680
"158,000",1996,2013,229.8,일원동,359.77,2,15,다가구,11680
"91,100",1982,2013,247.4,역삼동,276.06,3,4,단독,11680
"530,000",2002,2013,463.4,역삼동,647.25,3,19,다가구,11680
"169,000",1996,2013,210.3,역삼동,419.62,3,22,다가구,11680
"165,000",1996,2013,208.7,역삼동,411.27,3,23,다가구,11680
"186,000",1990,2013,157.1,역삼동,311.43,3,27,단독,11680
"109,000",1988,2013,82.5,청담동,138.14,3,19,단독,11680
"160,000",1994,2013,206.4,대치동,402.42,3,8,다가구,11680
"321,000",1994,2013,191.2,신사동,401.76,3,27,다가구,11680
"330,000",1995,2013,251.7,신사동,539.02,3,29,다가구,11680
"164,000",1993,2013,205.9,논현동,421.48,3,7,다가구,11680
"124,700",1986,2013,203.8,일원동,275.01,3,13,단독,11680
"220,000",1988,2013,318,수서동,199.62,3,28,다가구,11680
"230,000",1972,2013,173.6,역삼동,65.79,4,5,단독,11680
"223,500",2003,2013,239.5,역삼동,482.04,4,24,다가구,11680
"110,000",1978,2013,206.2,삼성동,213.39,4,4,단독,11680
"125,000",1995,2013,131.8,신사동,178.35,4,8,다가구,11680
"173,000",2000,2013,192.6,신사동,393.36,4,15,다가구,11680
"145,900",1981,2013,192.6,논현동,126.24,4,1,단독,11680
"138,000",1992,2013,177.2,논현동,435.32,4,23,다가구,11680
"426,000",1982,2013,572.6,논현동,316.99,4,29,단독,11680
"115,000",1985,2013,315,세곡동,212.13,4,18,단독,11680
"249,000",1996,2013,232.6,도곡동,536.8,4,5,다가구,11680
"545,000",2001,2013,412.5,역삼동,1449.66,5,16,다가구,11680
"65,000",1991,2013,83.9,역삼동,106.56,5,18,다가구,11680
"340,000",1988,2013,262.6,역삼동,321.77,5,30,단독,11680
"208,000",1989,2013,210.3,대치동,286.86,5,2,단독,11680
"163,000",1996,2013,184,대치동,413.5,5,27,다가구,11680
"280,000",1998,2013,252.2,신사동,522.02,5,9,다가구,11680
"240,000",1987,2013,195.6,신사동,248.73,5,13,단독,11680
"283,000",1998,2013,202.1,신사동,471.12,5,17,다가구,11680
"210,000",1992,2013,222.4,논현동,487.72,5,8,다가구,11680
"179,000",1997,2013,193.8,논현동,401.33,5,21,다가구,11680
"177,500",1993,2013,165.4,논현동,329.78,5,24,다가구,11680
"150,000",1987,2013,314,자곡동,197.4,5,10,단독,11680
"80,000",1987,2013,191,일원동,249.38,5,2,단독,11680
"250,000",2002,2013,328,수서동,231.8,5,23,단독,11680
"252,000",1995,2013,309.9,역삼동,462.81,6,1,다가구,11680
"326,000",1995,2013,277.2,역삼동,615.05,6,3,다가구,11680
"127,000",1987,2013,158.4,역삼동,206.91,6,7,단독,11680
"183,000",1982,2013,214.8,역삼동,192.4,6,10,단독,11680
"260,000",1994,2013,253.4,역삼동,519.48,6,17,다가구,11680
"213,500",1994,2013,295.1,대치동,542.69,6,26,다가구,11680
"192,000",2000,2013,192.6,신사동,393.36,6,28,다가구,11680
"134,000",1986,2013,198.9,일원동,400.64,6,4,단독,11680
"470,360",1974,2013,376.3,청담동,164.39,7,1,단독,11680
"183,000",1977,2013,202,청담동,130.84,7,18,단독,11680
"294,800",1983,2013,362.7,삼성동,218.88,7,18,단독,11680
"202,000",1996,2013,199.5,삼성동,418.6,7,22,다가구,11680
"390,000",1976,2013,312.2,삼성동,203.37,7,31,단독,11680
"160,000",1977,2013,203.5,대치동,129.65,7,8,단독,11680
"750,000",1978,2013,252.9,신사동,214.9,7,22,단독,11680
"227,000",1983,2013,232,논현동,283.77,7,18,단독,11680
"108,000",1986,2013,192.6,일원동,249.76,7,11,단독,11680
"256,000",1996,2013,239.7,역삼동,534.24,8,10,다가구,11680
"169,000",1991,2013,181.9,논현동,347.1,8,28,다가구,11680
"240,000",1997,2013,323,자곡동,290.28,8,22,단독,11680
"65,250",1982,2013,170.55,역삼동,93.59,9,23,단독,11680
"480,000",1991,2013,362.5,청담동,651.44,9,3,다가구,11680
"220,000",1992,2013,178.3,청담동,422.9,9,27,단독,11680
"223,000",1983,2013,193.5,삼성동,204.4,9,6,단독,11680
"240,000",1976,2013,177.7,신사동,163.63,9,6,단독,11680
"265,000",1995,2013,238.7,신사동,536.97,9,11,다가구,11680
"337,000",1980,2013,253.4,신사동,264.39,9,13,단독,11680
"330,000",2002,2013,201.8,신사동,331.67,9,13,다가구,11680
"330,000",1996,2013,214.5,신사동,339.42,9,16,다가구,11680
"102,000",1983,2013,266,세곡동,218.16,9,16,단독,11680
"124,000",1985,2013,198.3,일원동,277.13,9,30,단독,11680
"174,000",1991,2013,238,도곡동,395.25,9,16,다가구,11680
"164,000",1995,2013,232.6,역삼동,527.24,10,21,다가구,11680
"190,000",1995,2013,233.5,역삼동,525.35,10,30,다가구,11680
"740,000",1984,2013,315.3,청담동,326.73,10,1,단독,11680
"148,000",1994,2013,183.1,청담동,343.87,10,5,다가구,11680
"212,000",1994,2013,171,신사동,361.72,10,23,다가구,11680
"300,000",1989,2013,298.4,논현동,327,10,15,단독,11680
"472,800",1978,2013,489.1,논현동,353.98,10,21,단독,11680
"117,000",1987,2013,193.7,일원동,249.98,10,31,단독,11680
"177,000",1992,2013,266.6,역삼동,348.84,11,8,다가구,11680
"214,500",2001,2013,228.5,역삼동,532.86,11,8,다가구,11680
"140,000",1991,2013,188.8,역삼동,357.54,11,14,다가구,11680
"380,000",1993,2013,465.3,역삼동,559.46,11,15,다가구,11680
"240,000",1977,2013,246.1,역삼동,184.66,11,29,단독,11680
"150,000",2000,2013,232,역삼동,560.43,11,29,단독,11680
"270,000",1993,2013,280.4,청담동,321.87,11,25,다가구,11680
"190,000",1995,2013,159.1,신사동,293.55,11,4,다가구,11680
"392,490",1995,2013,206.1,신사동,475.1,11,13,다가구,11680
"820,000",2005,2013,908.3,논현동,1135.4,11,21,단독,11680
"132,000",1977,2013,132.3,논현동,130.25,11,29,단독,11680
"147,500",1988,2013,320,자곡동,197.06,11,8,단독,11680
"100,000",1988,2013,325,율현동,197.7,11,14,단독,11680
"138,000",1987,2013,197.3,일원동,249.2,11,4,단독,11680
"156,000",1995,2013,209.8,역삼동,450.36,12,5,다가구,11680
"285,000",2002,2013,363.6,역삼동,754.19,12,19,다가구,11680
"337,500",1993,2013,298.1,역삼동,649.92,12,30,다가구,11680
"179,000",1995,2013,196.8,삼성동,415.56,12,28,다가구,11680
"201,485",1995,2013,233.6,대치동,476.01,12,18,다가구,11680
"235,000",1977,2013,339,논현동,163.01,12,12,단독,11680
"173,500",1990,2013,171.4,논현동,335.9,12,18,다가구,11680
"280,000",1996,2013,280.8,논현동,634.64,12,27,다가구,11680
"315,000",1989,2013,380.9,논현동,321.01,12,31,단독,11680
"127,000",1996,2014,172.4,역삼동,379.81,1,17,다가구,11680
"380,000",1997,2014,259.6,역삼동,541.55,1,27,다가구,11680
"120,800",1988,2014,176.3,청담동,244.66,1,17,단독,11680
"716,000",1978,2014,276,청담동,257.62,1,28,단독,11680
"115,000",1979,2014,189.8,삼성동,152.27,1,18,단독,11680
"290,000",1994,2014,236,대치동,611.04,1,9,다가구,11680
"230,000",1996,2014,241.2,신사동,479.77,1,15,다가구,11680
"155,000",1985,2014,227.8,신사동,249.01,1,22,단독,11680
"204,000",1997,2014,290.3,논현동,658.75,1,12,다가구,11680
"253,000",1983,2014,298.9,논현동,206.48,1,15,단독,11680
"202,000",1974,2014,203,논현동,196.26,1,22,단독,11680
"175,000",1993,2014,308,자곡동,195.48,1,28,단독,11680
"165,000",2013,2014,319,자곡동,66.3,1,28,단독,11680
"104,300",1984,2014,197.8,일원동,261.59,1,29,다가구,11680
"84,500",1996,2014,95.6,역삼동,240.21,2,10,다가구,11680
"255,000",2001,2014,331.2,역삼동,1126.69,2,20,다가구,11680
"420,000",1976,2014,448,삼성동,180.5,2,7,단독,11680
"480,000",1976,2014,420.3,삼성동,160.92,2,7,단독,11680
"170,000",1995,2014,153.6,삼성동,343.17,2,17,다가구,11680
"240,000",1983,2014,193.5,삼성동,204.4,2,17,단독,11680
"292,669",1975,2014,231.1,신사동,164.26,2,11,단독,11680
"402,000",1995,2014,173.2,신사동,379.02,2,22,다가구,11680
"850,000",1983,2014,328.2,신사동,357.47,2,26,다가구,11680
"1,300,000",2002,2014,444.4,논현동,2029.88,2,18,단독,11680
"107,000",1997,2014,271,세곡동,181.64,2,19,단독,11680
"108,000",1988,2014,196.9,일원동,249.54,2,10,다가구,11680
"155,000",1983,2014,227.8,일원동,260.8,2,25,단독,11680
"269,000",1999,2014,269.6,역삼동,659.96,3,4,다가구,11680
"181,000",2002,2014,230.7,역삼동,476.06,3,5,다가구,11680
"510,000",1999,2014,237.1,역삼동,502.09,3,17,다가구,11680
"170,000",2002,2014,195.3,역삼동,405.08,3,19,다가구,11680
"173,500",1997,2014,250.5,역삼동,507.04,3,19,단독,11680
"245,000",1996,2014,181,청담동,380.25,3,7,다가구,11680
"262,200",1985,2014,188.5,신사동,377.13,3,5,단독,11680
"210,000",1993,2014,176.1,신사동,349.44,3,11,다가구,11680
"375,000",1997,2014,306,신사동,659.14,3,28,다가구,11680
"242,500",1985,2014,409.78,논현동,292.48,3,3,단독,11680
"190,000",1993,2014,209.8,논현동,521.02,3,6,다가구,11680
"210,000",1994,2014,181.8,논현동,371.82,3,7,단독,11680
"320,000",1988,2014,211,논현동,404.91,3,21,단독,11680
"210,000",1989,2014,230.8,논현동,240.33,3,21,단독,11680
"146,000",1990,2014,186.2,논현동,286.28,3,22,다가구,11680
"155,000",,2014,308,자곡동,279.1,3,4,단독,11680
"145,000",1989,2014,308,율현동,199.77,3,9,단독,11680
"146,000",1982,2014,205.8,역삼동,219.15,4,7,다가구,11680
"230,000",2002,2014,272.1,역삼동,396.09,4,17,다가구,11680
"165,000",1992,2014,198.2,역삼동,432.68,4,28,다가구,11680
"266,000",1975,2014,246.5,삼성동,185.82,4,8,단독,11680
"420,000",1979,2014,271.6,삼성동,269.62,4,17,단독,11680
"199,000",1992,2014,169.8,삼성동,336.76,4,19,다가구,11680
"70,000",1987,2014,111.5,대치동,164.16,4,9,다가구,11680
"339,000",1994,2014,268.7,신사동,573.52,4,21,다가구,11680
"352,500",2003,2014,232.9,논현동,656.36,4,1,다가구,11680
"320,000",1985,2014,396.3,논현동,254.14,4,2,단독,11680
"210,000",1997,2014,216.2,논현동,473.47,4,3,다가구,11680
"360,000",1984,2014,463.1,논현동,451.14,4,3,단독,11680
"254,000",1996,2014,254.6,논현동,538.72,4,15,다가구,11680
"457,000",1989,2014,516.3,논현동,353.34,4,18,단독,11680
"255,000",1996,2014,202.2,논현동,429.27,4,25,다가구,11680
"322,500",1983,2014,430.4,논현동,325.46,4,28,단독,11680
"159,700",1987,2014,202.2,일원동,437.31,4,7,단독,11680
"215,000",1989,2014,231.4,도곡동,316.17,4,24,다가구,11680
"305,000",2000,2014,411.7,역삼동,460.83,5,2,단독,11680
"175,000",1988,2014,230.9,역삼동,285.86,5,2,단독,11680
"220,000",1997,2014,282.8,역삼동,652.86,5,9,단독,11680
"110,000",1991,2014,195.3,역삼동,442.42,5,12,다가구,11680
"347,500",1997,2014,400.7,역삼동,626.18,5,15,다가구,11680
"400,000",1987,2014,454.2,역삼동,319.63,5,25,단독,11680
"70,000",1987,2014,93.9,역삼동,137.52,5,31,단독,11680
"139,000",1990,2014,182,개포동,358.29,5,29,단독,11680
"259,000",1987,2014,274.7,청담동,274.08,5,24,단독,11680
"275,000",1995,2014,246.9,대치동,539.94,5,1,다가구,11680
"129,000",1995,2014,122.9,신사동,179.4,5,8,다가구,11680
"168,000",1995,2014,159,신사동,340.76,5,22,다가구,11680
"268,000",1978,2014,300.7,논현동,188.1,5,1,단독,11680
"104,000",1983,2014,324,세곡동,196.08,5,9,단독,11680
"180,000",1989,2014,309,자곡동,199.72,5,19,단독,11680
"160,000",1987,2014,307,수서동,226.98,5,20,단독,11680
"123,000",1996,2014,160,도곡동,329.85,5,29,다가구,11680
"945,000",2014,2014,308.2,역삼동,659.05,6,11,다가구,11680
"750,000",1985,2014,517.7,삼성동,320.83,6,25,단독,11680
"340,000",2001,2014,350.8,대치동,1167.68,6,7,다가구,11680
"405,000",1994,2014,191.2,신사동,401.76,6,13,단독,11680
"175,000",1995,2014,207.3,논현동,419.34,6,2,다가구,11680
"107,000",1987,2014,321,율현동,195.32,6,11,단독,11680
"145,000",1996,2014,204.3,역삼동,417.84,7,18,다가구,11680
"40,000",1981,2014,89,역삼동,96.75,7,28,단독,11680
"169,500",1993,2014,207.4,역삼동,532.95,7,30,다가구,11680
"248,500",1997,2014,234.7,청담동,528.95,7,3,다가구,11680
"235,000",1979,2014,227.6,삼성동,178.98,7,1,단독,11680
"384,331",1984,2014,335.6,삼성동,224.77,7,15,단독,11680
"354,356",1984,2014,335.4,삼성동,230.15,7,15,단독,11680
"335,000",1996,2014,273.3,삼성동,616.25,7,25,다가구,11680
"132,500",1995,2014,166.9,논현동,358.46,7,9,다가구,11680
"202,661",2008,2014,219.6,논현동,621.45,7,17,다가구,11680
"330,000",1991,2014,317.5,논현동,799.74,7,23,다가구,11680
"282,000",1975,2014,287.5,논현동,161.25,7,30,단독,11680
"130,000",1989,2014,289,자곡동,199.02,7,18,단독,11680
"210,000",1988,2014,304,수서동,199.56,7,14,단독,11680
"285,000",1996,2014,268.7,역삼동,588.06,8,5,다가구,11680
"158,000",2001,2014,200.5,역삼동,462.7,8,13,다가구,11680
"165,000",1996,2014,190.4,역삼동,422.61,8,18,다가구,11680
"386,480",1976,2014,319.4,역삼동,183.89,8,29,단독,11680
"112,000",1988,2014,195.2,개포동,249.91,8,9,단독,11680
"220,000",1994,2014,184,청담동,347.28,8,5,다가구,11680
"254,500",1997,2014,240,대치동,532.17,8,23,다가구,11680
"148,000",1994,2014,219,대치동,338.56,8,26,다가구,11680
"320,000",1996,2014,246.9,신사동,495.35,8,29,다가구,11680
"476,000",1974,2014,462.2,논현동,213.59,8,12,단독,11680
"132,500",1995,2014,166.9,논현동,358.46,8,29,다가구,11680
"120,000",1982,2014,375,세곡동,127.04,8,6,단독,11680
"180,000",1987,2014,309,자곡동,199.04,8,26,단독,11680
"122,000",1986,2014,231.1,일원동,281.04,8,13,단독,11680
"127,000",1987,2014,197.9,일원동,282.81,8,29,단독,11680
"187,000",1996,2014,218,역삼동,445.62,9,5,다가구,11680
"430,000",1995,2014,258.7,역삼동,528.56,9,16,다가구,11680
"435,000",1983,2014,371.9,역삼동,317.28,9,17,단독,11680
"219,000",1994,2014,213.7,역삼동,469.14,9,25,다가구,11680
"370,000",1995,2014,309.9,역삼동,400.46,9,29,단독,11680
"250,000",1998,2014,351.1,역삼동,397.35,9,29,단독,11680
"70,000",1989,2014,107.9,개포동,208.09,9,17,단독,11680
"176,750",1994,2014,183.1,청담동,343.87,9,3,다가구,11680
"227,000",1977,2014,209.7,청담동,132.7,9,15,단독,11680
"320,000",1994,2014,207.8,청담동,494.21,9,23,다가구,11680
"400,000",2002,2014,332.9,삼성동,1088.63,9,13,다가구,11680
"137,000",1989,2014,189.2,대치동,247.77,9,29,다가구,11680
"1,000,000",1976,2014,289.3,신사동,257.51,9,5,단독,11680
"98,000",1975,2014,87.4,신사동,110.85,9,12,단독,11680
"235,000",1979,2014,127.1,신사동,135.14,9,26,단독,11680
"152,000",1991,2014,170.9,논현동,346.76,9,20,다가구,11680
"310,000",1998,2014,289.6,논현동,659.86,9,23,다가구,11680
"340,000",1996,2014,308,자곡동,202.62,9,22,단독,11680
"130,000",1987,2014,311,율현동,197.64,9,25,단독,11680
"113,000",1987,2014,198.8,일원동,249.94,9,4,단독,11680
"220,000",1990,2014,307.4,역삼동,324.76,10,15,단독,11680
"245,000",1996,2014,174.1,청담동,365.52,10,25,다가구,11680
"294,000",1983,2014,193.3,청담동,249.58,10,30,다가구,11680
"394,633",1983,2014,362.7,삼성동,218.88,10,6,단독,11680
"340,532",1983,2014,333.8,삼성동,226.44,10,17,단독,11680
"285,000",1991,2014,325.8,삼성동,382.23,10,20,단독,11680
"239,000",1996,2014,239.6,대치동,604.89,10,15,다가구,11680
"328,000",2001,2014,271.7,신사동,492.31,10,1,다가구,11680
"340,000",1995,2014,307.4,신사동,627.21,10,13,다가구,11680
"275,000",1996,2014,181.8,신사동,404.06,10,27,다가구,11680
"140,000",1978,2014,192.5,신사동,160.54,10,31,단독,11680
"120,000",1997,2014,214.4,논현동,469.84,10,1,단독,11680
"270,000",1998,2014,260.8,논현동,578.87,10,14,다가구,11680
"120,000",1984,2014,86.7,논현동,233.15,10,31,다가구,11680
"150,000",2010,2014,332,세곡동,495.9,10,25,다가구,11680
"152,500",1987,2014,197.3,일원동,400.17,10,3,다가구,11680
"112,500",1987,2014,198.2,일원동,249.79,10,7,다가구,11680
"213,500",1991,2014,208.5,도곡동,594.88,10,13,다가구,11680
"243,000",1990,2014,192,도곡동,176.48,10,31,다가구,11680
"136,478",1984,2014,121.8,역삼동,305.4,11,19,단독,11680
"161,000",1995,2014,230.2,개포동,500.66,11,17,다가구,11680
"315,000",1985,2014,297.7,삼성동,272.25,11,4,단독,11680
"63,000",1979,2014,74.6,삼성동,49.39,11,5,단독,11680
"265,000",2001,2014,211.7,삼성동,490.32,11,27,단독,11680
"750,000",1984,2014,517.7,삼성동,465.33,11,28,단독,11680
"187,000",1977,2014,178.9,대치동,133.88,11,10,단독,11680
"136,000",1995,2014,109.9,신사동,178.89,11,1,다가구,11680
"150,000",1995,2014,217.9,신사동,299.97,11,4,다가구,11680
"290,000",2002,2014,204.8,논현동,669.01,11,3,다가구,11680
"180,000",1996,2014,165.9,논현동,337.71,11,11,다가구,11680
"385,000",1997,2014,334.6,논현동,648.73,11,18,다가구,11680
"310,000",1996,2014,297.1,논현동,659.48,11,21,다가구,11680
"110,000",1988,2014,197.3,일원동,262.08,11,1,단독,11680
"173,000",1996,2014,228.5,도곡동,510.54,11,15,다가구,11680
"200,000",1996,2014,232.6,역삼동,503.68,12,1,다가구,11680
"145,000",1997,2014,154.8,역삼동,349.4,12,3,다가구,11680
"232,000",1985,2014,309.8,역삼동,286.23,12,15,단독,11680
"132,500",1996,2014,211.3,역삼동,417.13,12,22,다가구,11680
"108,700",1990,2014,175.7,개포동,245.75,12,5,다가구,11680
"70,000",1989,2014,116.9,개포동,171.69,12,31,다가구,11680
"122,100",1983,2014,158.4,청담동,232.02,12,23,단독,11680
"160,000",1998,2014,165.9,삼성동,322.04,12,15,다가구,11680
"165,000",2002,2014,180.7,삼성동,391.7,12,27,다가구,11680
"225,000",1993,2014,293.9,논현동,496.45,12,10,다가구,11680
"120,000",1989,2014,310,율현동,197.46,12,22,다가구,11680
"129,000",1983,2014,229.7,일원동,267.19,12,5,단독,11680
"130,500",1986,2014,198.5,일원동,249.99,12,15,단독,11680
"118,000",1987,2014,192.8,일원동,260.52,12,24,다가구,11680
"70,000",1991,2014,109,도곡동,207.47,12,23,단독,11680
"170,000",1997,2015,203.3,역삼동,486.72,1,3,다가구,11680
"166,000",1994,2015,212.1,역삼동,478.32,1,17,다가구,11680
"225,000",1985,2015,290.1,역삼동,267.53,1,19,단독,11680
"115,000",1990,2015,168.9,개포동,165.12,1,3,단독,11680
"78,500",1990,2015,108.2,개포동,160.59,1,5,단독,11680
"385,000",1989,2015,271.3,청담동,531.9,1,28,다가구,11680
"165,000",1989,2015,206.9,대치동,300.34,1,6,다가구,11680
"185,000",2000,2015,218.4,대치동,489.65,1,21,다가구,11680
"215,000",1998,2015,323.9,대치동,658.38,1,21,다가구,11680
"175,000",1994,2015,241.2,대치동,419.72,1,21,다가구,11680
"175,960",1996,2015,218.1,대치동,419.66,1,21,다가구,11680
"368,000",1993,2015,221.6,신사동,615.54,1,30,다가구,11680
"233,000",1995,2015,249.7,논현동,534.72,1,8,다가구,11680
"179,000",1997,2015,193.8,논현동,401.23,1,29,단독,11680
"135,000",1983,2015,336,세곡동,131.1,1,6,단독,11680
"131,500",1986,2015,204.3,일원동,249.66,1,5,단독,11680
"112,000",1990,2015,198.6,일원동,288.63,1,24,단독,11680
"198,000",1991,2015,233.1,역삼동,297.15,2,12,단독,11680
"475,000",1976,2015,319.4,역삼동,183.89,2,17,단독,11680
"110,000",1988,2015,169.1,개포동,247.5,2,4,단독,11680
"125,000",1988,2015,179.9,개포동,249,2,28,단독,11680
"235,000",1991,2015,219.5,청담동,502.08,2,5,다가구,11680
"197,500",1989,2015,167.6,청담동,329.78,2,11,다가구,11680
"235,000",1997,2015,202.6,청담동,457.5,2,15,다가구,11680
"240,000",1983,2015,174,청담동,246,2,28,단독,11680
"177,000",1996,2015,183.1,대치동,406.31,2,3,다가구,11680
"220,000",2000,2015,290.8,대치동,623.64,2,13,다가구,11680
"265,000",1977,2015,208.1,신사동,155.21,2,12,단독,11680
"317,000",1990,2015,246.9,논현동,784.9,2,3,다가구,11680
"201,000",1988,2015,270.6,논현동,246.17,2,3,단독,11680
"185,000",1988,2015,203,논현동,286.79,2,9,단독,11680
"220,000",1978,2015,218.1,논현동,170.08,2,11,단독,11680
"194,000",1994,2015,246.7,논현동,531.09,2,13,다가구,11680
"152,000",1985,2015,369,세곡동,227.88,2,25,단독,11680
"163,000",1977,2015,298,자곡동,199.08,2,14,단독,11680
"125,000",1989,2015,312,율현동,199.32,2,25,단독,11680
"100,000",1987,2015,194.5,일원동,282.24,2,25,단독,11680
"225,000",1977,2015,196,도곡동,158.21,2,2,단독,11680
"138,000",1997,2015,185.5,역삼동,379.73,3,17,다가구,11680
"375,000",1990,2015,269.1,역삼동,830.81,3,23,다가구,11680
"240,000",2003,2015,239.5,역삼동,482.04,3,31,다가구,11680
"170,000",1990,2015,197.5,개포동,501.43,3,27,단독,11680
"320,000",1995,2015,182,청담동,490.71,3,17,다가구,11680
"305,000",1978,2015,200.5,청담동,162.75,3,23,단독,11680
"233,000",2001,2015,203.8,대치동,457.9,3,5,다가구,11680
"173,000",1988,2015,169.2,대치동,346.3,3,7,다가구,11680
"183,500",1996,2015,215.3,대치동,450.4,3,16,다가구,11680
"140,000",1986,2015,211.8,대치동,326.3,3,16,단독,11680
"134,000",1973,2015,160.6,신사동,78.12,3,9,단독,11680
"380,000",1975,2015,228.7,신사동,170.69,3,19,단독,11680
"326,000",1994,2015,179.8,신사동,400.05,3,31,다가구,11680
"141,000",1994,2015,192.6,논현동,284.16,3,13,다가구,11680
"177,500",2001,2015,184.1,논현동,410.52,3,16,다가구,11680
"353,000",1993,2015,431.6,논현동,155.97,3,19,단독,11680
"175,000",1983,2015,198.4,논현동,245.16,3,23,단독,11680
"88,500",1982,2015,207,세곡동,124.53,3,28,단독,11680
"179,000",1988,2015,310,자곡동,198,3,27,단독,11680
"150,000",1992,2015,322,율현동,199.8,3,23,단독,11680
"119,000",1988,2015,198.2,일원동,248.71,3,6,단독,11680
"150,000",1984,2015,228.6,일원동,227.7,3,11,단독,11680
"117,000",1985,2015,198.2,일원동,249.75,3,11,단독,11680
"107,000",1987,2015,196.9,일원동,244.31,3,13,다가구,11680
"120,000",1986,2015,202.2,일원동,249.54,3,14,단독,11680
"150,000",1994,2015,234.1,일원동,328.14,3,16,다가구,11680
"100,000",1987,2015,194.3,일원동,249.54,3,23,다가구,11680
"115,200",1986,2015,203.5,일원동,249.78,3,25,단독,11680
"115,000",1986,2015,197.9,일원동,249.48,3,26,다가구,11680
"195,000",1989,2015,194.7,도곡동,528.1,3,7,단독,11680
"273,000",1995,2015,250.7,역삼동,600.7,4,6,다가구,11680
"109,000",1978,2015,126.3,역삼동,144.17,4,7,단독,11680
"210,000",1998,2015,222,역삼동,467.38,4,11,다가구,11680
"367,500",1988,2015,218.8,역삼동,285.66,4,11,단독,11680
"260,000",1979,2015,292.3,역삼동,163.08,4,13,단독,11680
"302,000",1997,2015,333.7,역삼동,659.95,4,15,다가구,11680
"234,000",1989,2015,257.7,역삼동,325.29,4,17,단독,11680
"245,000",1990,2015,332.5,역삼동,316.14,4,20,단독,11680
"195,000",2002,2015,211.4,역삼동,466.42,4,23,다가구,11680
"237,500",1997,2015,272.5,역삼동,629.44,4,25,다가구,11680
"185,000",1997,2015,183.8,역삼동,438.26,4,27,단독,11680
"100,000",1988,2015,117.1,개포동,173.01,4,17,단독,11680
"101,459",1988,2015,130,개포동,196.9,4,25,단독,11680
"300,000",1998,2015,208.2,청담동,407.62,4,10,다가구,11680
"152,000",1988,2015,173.4,청담동,249.75,4,16,단독,11680
"245,000",1995,2015,263.4,청담동,393.17,4,22,다가구,11680
"296,000",1996,2015,256.9,대치동,536.03,4,1,다가구,11680
"700,000",2003,2015,354.2,대치동,1279.2,4,21,단독,11680
"320,000",1996,2015,255,대치동,539.28,4,27,다가구,11680
"430,000",1976,2015,351.3,신사동,239.05,4,9,단독,11680
"155,000",1993,2015,154.8,논현동,315.42,4,8,단독,11680
"265,000",1977,2015,174.1,논현동,156.4,4,26,다가구,11680
"89,700",2002,2015,181.8,논현동,398.3,4,28,단독,11680
"180,000",1989,2015,306,자곡동,199.26,4,3,단독,11680
"135,000",1989,2015,323,율현동,301.1,4,13,다가구,11680
"160,000",1986,2015,233.2,일원동,335.87,4,2,다가구,11680
"149,000",1988,2015,197.9,일원동,381.84,4,8,다가구,11680
"120,000",1985,2015,199.7,일원동,249.84,4,18,다가구,11680
"110,000",1986,2015,198.7,일원동,249.85,4,20,다가구,11680
"140,000",1994,2015,233.5,일원동,327.21,4,21,다가구,11680
"295,000",1991,2015,325,수서동,199.26,4,14,단독,11680
"275,000",2000,2015,273.4,역삼동,607.25,5,4,다가구,11680
"257,000",2002,2015,272.1,역삼동,396.09,5,4,다가구,11680
"106,000",1996,2015,203.1,역삼동,442.89,5,10,단독,11680
"90,000",1976,2015,109.9,역삼동,105.23,5,15,단독,11680
"380,000",1995,2015,277.2,역삼동,615.05,5,19,다가구,11680
"310,000",1978,2015,397.8,역삼동,326.82,5,20,단독,11680
"385,000",1997,2015,241.1,청담동,329.1,5,12,단독,11680
"208,000",1984,2015,186.6,청담동,247.09,5,19,단독,11680
"440,000",1979,2015,411.6,삼성동,275.73,5,1,단독,11680
"101,000",2008,2015,133.6,삼성동,65.73,5,7,단독,11680
"75,500",1979,2015,67.2,삼성동,38.77,5,11,단독,11680
"140,000",1995,2015,186.6,대치동,464.64,5,7,다가구,11680
"310,000",1995,2015,348.9,대치동,653.49,5,14,다가구,11680
"138,000",1987,2015,201.7,대치동,264.53,5,15,다가구,11680
"414,000",1987,2015,288.1,대치동,623.28,5,18,단독,11680
"200,000",1994,2015,195.7,대치동,466.08,5,30,다가구,11680
"220,000",1985,2015,161.1,신사동,259.38,5,22,단독,11680
"248,000",1975,2015,315.1,신사동,169.26,5,22,단독,11680
"105,000",1988,2015,176.7,논현동,247.8,5,2,단독,11680
"172,500",1990,2015,214.9,논현동,343.14,5,6,다가구,11680
"270,000",1978,2015,278.3,논현동,163.27,5,7,단독,11680
"210,000",1975,2015,230.8,논현동,163.3,5,15,단독,11680
"208,000",1993,2015,193.8,논현동,435.47,5,15,다가구,11680
"168,000",1983,2015,212.5,논현동,249.3,5,16,단독,11680
"132,000",1990,2015,150.7,논현동,223.2,5,19,단독,11680
"163,500",1986,2015,277.1,일원동,276.69,5,12,단독,11680
"204,000",1989,2015,251.4,일원동,298.65,5,13,단독,11680
"99,000",1986,2015,198.2,일원동,249.78,5,16,단독,11680
"200,000",1988,2015,251.4,일원동,298.59,5,18,단독,11680
"122,000",1988,2015,177.7,일원동,271.71,5,19,다가구,11680
"115,000",1986,2015,196.4,일원동,245.71,5,20,단독,11680
"94,000",1986,2015,192.9,일원동,245.76,5,22,단독,11680
"110,000",1987,2015,193.3,일원동,258.87,5,31,다가구,11680
"235,000",1984,2015,310,역삼동,323.77,6,1,단독,11680
"200,000",2003,2015,263.2,역삼동,405.13,6,13,다가구,11680
"195,000",1991,2015,105.8,역삼동,189.64,6,19,단독,11680
"187,000",1983,2015,230.1,역삼동,284.44,6,26,단독,11680
"260,000",1999,2015,245.9,역삼동,602.02,6,29,다가구,11680
"285,000",1996,2015,233.9,청담동,493.34,6,19,다가구,11680
"225,000",1992,2015,218.8,삼성동,420.86,6,4,다가구,11680
"299,000",1997,2015,255.3,대치동,527.49,6,24,다가구,11680
"358,000",1996,2015,347.6,신사동,723.8,6,2,다가구,11680
"285,000",1991,2015,256.8,신사동,455.16,6,5,다가구,11680
"176,000",1995,2015,189.8,논현동,447.43,6,10,다가구,11680
"248,000",1999,2015,268.9,논현동,572.72,6,11,다가구,11680
"358,500",1982,2015,395.1,논현동,315.6,6,11,단독,11680
"270,000",1995,2015,287.6,논현동,658.45,6,15,다가구,11680
"181,000",1994,2015,179.7,논현동,404.3,6,16,다가구,11680
"199,000",1992,2015,225.5,논현동,444.48,6,20,다가구,11680
"260,000",1997,2015,270.4,논현동,589.44,6,23,다가구,11680
"210,000",2009,2015,171.3,논현동,269.35,6,25,다가구,11680
"380,000",2001,2015,249.8,논현동,737.55,6,25,다가구,11680
"90,000",2009,2015,256.5,세곡동,33.28,6,26,다가구,11680
"168,000",1986,2015,203.9,일원동,248.55,6,3,단독,11680
"107,700",1987,2015,198,일원동,249.36,6,10,다가구,11680
"102,500",1988,2015,193.4,일원동,248.96,6,19,단독,11680
"120,000",1985,2015,198.3,일원동,282.54,6,25,다가구,11680
"115,000",1987,2015,187.7,일원동,249.63,6,25,단독,11680
"196,500",1996,2015,204.6,도곡동,419.71,6,3,다가구,11680
"325,000",2001,2015,296.8,역삼동,948.68,7,2,다가구,11680
"208,000",1998,2015,235.4,역삼동,527.76,7,7,다가구,11680
"184,000",1997,2015,167.8,역삼동,329.97,7,7,다가구,11680
"313,000",1996,2015,270.8,역삼동,627.42,7,14,다가구,11680
"298,000",2002,2015,334.9,역삼동,502.98,7,17,다가구,11680
"180,000",1988,2015,214,역삼동,220.63,7,28,단독,11680
"250,000",1983,2015,174,청담동,246,7,15,단독,11680
"250,000",1996,2015,214.1,청담동,448.48,7,15,다가구,11680
"250,000",1994,2015,187.1,청담동,418.01,7,21,다가구,11680
"450,000",2000,2015,176.9,청담동,193.46,7,22,단독,11680
"342,000",1994,2015,232.9,청담동,382.92,7,22,다가구,11680
"460,000",1992,2015,350.8,청담동,320.09,7,30,단독,11680
"700,000",1985,2015,517.7,삼성동,299.08,7,2,단독,11680
"247,000",1997,2015,292.3,삼성동,600.12,7,13,다가구,11680
"265,000",1996,2015,211.6,삼성동,468.11,7,17,다가구,11680
"70,000",1985,2015,70.2,삼성동,43.86,7,29,단독,11680
"96,000",1984,2015,68.7,삼성동,39.48,7,30,단독,11680
"165,000",1995,2015,180.6,대치동,401.69,7,2,다가구,11680
"279,000",1995,2015,199.5,신사동,416.39,7,7,다가구,11680
"270,000",1996,2015,166,신사동,332.41,7,8,다가구,11680
"520,000",1999,2015,280.9,신사동,308.7,7,10,다가구,11680
"205,000",1991,2015,134.1,신사동,241.92,7,22,다가구,11680
"203,000",1995,2015,226.3,논현동,501.57,7,7,다가구,11680
"180,000",1996,2015,236.4,논현동,518.49,7,9,다가구,11680
"238,000",2001,2015,270.3,논현동,482.76,7,16,다가구,11680
"120,000",1983,2015,242,세곡동,109.08,7,8,단독,11680
"157,000",1985,2015,369,세곡동,227.88,7,10,단독,11680
"150,000",1985,2015,313,세곡동,250.29,7,21,단독,11680
"119,000",1987,2015,198.3,일원동,249.72,7,1,다가구,11680
"145,000",1983,2015,230.5,일원동,269.39,7,2,단독,11680
"118,000",1985,2015,198.4,일원동,260.73,7,3,다가구,11680
"175,000",1988,2015,248.7,일원동,316.38,7,11,단독,11680
"120,000",1991,2015,197.8,일원동,245.28,7,18,단독,11680
"168,000",1986,2015,199.1,일원동,479.86,7,23,다가구,11680
"240,000",1990,2015,234.2,도곡동,510.84,7,2,단독,11680
"209,000",1996,2015,228.5,도곡동,510.54,7,24,단독,11680
"240,000",1995,2015,229.3,역삼동,534.46,8,6,다가구,11680
"220,000",1996,2015,260.6,역삼동,536.6,8,10,다가구,11680
"128,000",1995,2015,164.7,역삼동,357.07,8,10,다가구,11680
"255,000",2000,2015,371.6,역삼동,554.84,8,13,다가구,11680
"191,500",1998,2015,212,역삼동,492.59,8,14,단독,11680
"270,000",1996,2015,242.6,역삼동,514.78,8,21,다가구,11680
"161,000",1983,2015,316.7,역삼동,229,8,24,단독,11680
"103,000",1988,2015,130.3,개포동,192.3,8,31,다가구,11680
"385,000",1997,2015,249.3,청담동,766.25,8,4,다가구,11680
"260,000",1997,2015,252.6,대치동,512.41,8,13,다가구,11680
"105,000",1985,2015,160.4,대치동,199.39,8,19,단독,11680
"203,000",1993,2015,209.6,대치동,405.37,8,20,다가구,11680
"195,000",1995,2015,176.1,대치동,359.93,8,25,다가구,11680
"215,488",1989,2015,158.9,신사동,220.02,8,13,단독,11680
"312,500",1999,2015,220,신사동,309.09,8,17,단독,11680
"139,000",2002,2015,118.6,신사동,185.14,8,28,단독,11680
"420,000",1991,2015,392.5,논현동,325.56,8,4,단독,11680
"160,000",1989,2015,165.3,논현동,249.89,8,4,다가구,11680
"130,000",1986,2015,162.8,논현동,229.85,8,5,단독,11680
"175,000",1997,2015,186.6,논현동,371.41,8,8,다가구,11680
"245,000",2002,2015,269.4,논현동,551.04,8,10,다가구,11680
"260,000",2010,2015,228.9,논현동,425.19,8,14,다가구,11680
"200,000",1980,2015,184.5,논현동,202.01,8,19,단독,11680
"315,000",1997,2015,313.5,논현동,658.41,8,30,다가구,11680
"145,000",1999,2015,324,율현동,199.56,8,10,단독,11680
"121,500",1987,2015,193.7,일원동,249.76,8,4,다가구,11680
"120,000",1985,2015,198.3,일원동,272.2,8,21,단독,11680
"336,000",1996,2015,264.6,도곡동,497.2,8,6,다가구,11680
"371,000",2000,2015,325.2,도곡동,849.68,8,25,다가구,11680
"185,000",2014,2015,158.4,역삼동,146.9,9,4,다가구,11680
"193,750",1989,2015,206.5,역삼동,293.28,9,8,단독,11680
"160,000",1990,2015,155.9,역삼동,229.53,9,9,단독,11680
"330,000",1994,2015,346.3,역삼동,658.32,9,14,다가구,11680
"207,000",2001,2015,211.1,역삼동,428,9,23,다가구,11680
"108,000",1995,2015,116.9,개포동,242.88,9,5,단독,11680
"205,000",1996,2015,265.5,개포동,533.45,9,10,다가구,11680
"86,000",1989,2015,117.4,개포동,175.44,9,11,단독,11680
"290,000",1988,2015,203.5,청담동,313.78,9,18,단독,11680
"204,000",1983,2015,194.1,청담동,191.7,9,25,단독,11680
"375,000",1986,2015,356.11,삼성동,325.22,9,7,단독,11680
"290,000",1995,2015,262.4,삼성동,419.68,9,10,다가구,11680
"245,000",1994,2015,235.5,삼성동,488.54,9,18,다가구,11680
"217,000",1977,2015,205,대치동,199.83,9,21,단독,11680
"179,000",1978,2015,165.4,대치동,129.2,9,25,단독,11680
"110,000",1975,2015,90.2,신사동,67.54,9,3,단독,11680
"307,000",1995,2015,247.6,신사동,368.8,9,4,다가구,11680
"181,500",1975,2015,217.5,신사동,147.31,9,5,단독,11680
"235,000",1989,2015,260.6,논현동,326.49,9,16,단독,11680
"420,000",2002,2015,354.7,논현동,1041.1,9,19,다가구,11680
"460,000",1989,2015,480.6,논현동,261.86,9,23,단독,11680
"152,000",1987,2015,306,율현동,199.38,9,7,단독,11680
"107,000",1987,2015,180.2,일원동,191.95,9,7,단독,11680
"177,000",1997,2015,232.3,일원동,517.18,9,20,다가구,11680
"144,000",1987,2015,198.2,일원동,244.44,9,30,다가구,11680
"85,300",1991,2015,79,도곡동,127.82,9,17,다가구,11680
"209,000",1996,2015,288,역삼동,627.97,10,6,다가구,11680
"328,500",1994,2015,294,역삼동,696.78,10,8,다가구,11680
"72,500",1991,2015,83.9,역삼동,106.56,10,15,다가구,11680
"192,500",1996,2015,212.1,역삼동,481.08,10,15,다가구,11680
"274,000",1994,2015,298.1,역삼동,650.1,10,21,다가구,11680
"247,200",2002,2015,305.7,역삼동,658.97,10,22,다가구,11680
"223,500",2001,2015,210,역삼동,684.03,10,23,다가구,11680
"380,000",1988,2015,467.2,역삼동,577.52,10,26,단독,11680
"220,000",1992,2015,167.9,역삼동,494.9,10,26,다가구,11680
"244,800",1988,2015,202.4,개포동,512.51,10,22,단독,11680
"268,000",1994,2015,183.4,청담동,413.59,10,5,다가구,11680
"111,000",1975,2015,108,청담동,136.76,10,14,단독,11680
"190,000",1992,2015,129,청담동,242.32,10,19,다가구,11680
"270,000",1983,2015,174,청담동,246,10,22,단독,11680
"164,500",1983,2015,99.2,청담동,160.22,10,23,단독,11680
"915,000",1985,2015,581.6,삼성동,467,10,8,다가구,11680
"210,000",1995,2015,183.9,대치동,366.22,10,5,다가구,11680
"330,000",1996,2015,176.1,신사동,419.68,10,16,다가구,11680
"148,300",2002,2015,83.4,신사동,122,10,23,다가구,11680
"254,000",2001,2015,257.3,논현동,482.44,10,3,다가구,11680
"457,000",2000,2015,408.7,논현동,1051.1,10,8,다가구,11680
"177,000",1996,2015,192.1,논현동,396.48,10,9,다가구,11680
"254,000",1995,2015,294.3,논현동,659.8,10,16,다가구,11680
"275,000",1991,2015,215.1,논현동,490.37,10,24,다가구,11680
"1,000,000",1973,2015,752.4,논현동,356.72,10,27,단독,11680
"305,000",2001,2015,299.3,논현동,813.36,10,29,다가구,11680
"204,000",1985,2015,451,세곡동,195.08,10,5,단독,11680
"129,000",1987,2015,197.9,일원동,249.47,10,5,단독,11680
"157,500",1984,2015,227.2,일원동,269.34,10,8,다가구,11680
"115,000",1987,2015,196.8,일원동,248.64,10,11,다가구,11680
"149,500",1987,2015,203.9,일원동,249.87,10,19,단독,11680
"238,000",1997,2015,244.9,도곡동,529.53,10,23,다가구,11680
"254,000",1994,2015,189.3,역삼동,659.7,11,2,다가구,11680
"200,000",1996,2015,212.4,역삼동,410.8,11,5,다가구,11680
"265,000",1997,2015,241.2,역삼동,535.92,11,12,다가구,11680
"380,000",2006,2015,331.5,역삼동,785.45,11,13,다가구,11680
"285,000",1987,2015,278.2,역삼동,314.16,11,16,단독,11680
"120,000",2000,2015,208.6,역삼동,674.63,11,20,단독,11680
"83,000",1990,2015,117,개포동,173.82,11,7,단독,11680
"89,000",1995,2015,117.8,개포동,146.23,11,30,단독,11680
"88,500",1990,2015,117.1,개포동,179.55,11,30,단독,11680
"280,000",1990,2015,200.6,청담동,391.22,11,23,다가구,11680
"320,000",2000,2015,274.8,삼성동,524.52,11,4,다가구,11680
"370,000",2002,2015,176.4,삼성동,371.26,11,4,다가구,11680
"209,000",1997,2015,170.8,대치동,361.35,11,11,다가구,11680
"215,000",1997,2015,210.8,대치동,489.4,11,24,다가구,11680
"516,000",1975,2015,219.7,신사동,154.81,11,25,단독,11680
"238,000",1983,2015,207.8,논현동,272.49,11,2,단독,11680
"302,000",1994,2015,305.8,논현동,641.73,11,12,다가구,11680
"236,000",2002,2015,262.4,논현동,533.11,11,19,다가구,11680
"154,000",1977,2015,174.8,논현동,163.93,11,20,단독,11680
"136,000",1986,2015,192.1,일원동,249.9,11,4,다가구,11680
"176,000",1996,2015,233.4,일원동,506.28,11,6,다가구,11680
"132,000",1986,2015,192.2,일원동,246.42,11,7,단독,11680
"117,300",1986,2015,198.4,일원동,249.55,11,22,다가구,11680
"137,500",1987,2015,201.1,일원동,260.98,11,26,단독,11680
"283,000",1988,2015,314,수서동,198.2,11,17,단독,11680
"170,000",2000,2015,200.9,역삼동,405.16,12,5,다가구,11680
"185,000",1995,2015,223.1,역삼동,509.52,12,10,다가구,11680
"207,000",1992,2015,234.9,역삼동,459.38,12,14,다가구,11680
"107,000",2005,2015,103.2,역삼동,163.51,12,19,다가구,11680
"330,000",2000,2015,300,역삼동,782.49,12,25,다가구,11680
"82,000",1990,2015,117.1,개포동,179.55,12,3,단독,11680
"81,500",1988,2015,117.1,개포동,174.57,12,5,단독,11680
"80,000",1994,2015,108,개포동,173.77,12,9,단독,11680
"300,000",1977,2015,166.4,청담동,123.84,12,21,단독,11680
"170,000",1995,2015,160.2,삼성동,299.94,12,17,다가구,11680
"230,000",2002,2015,182.6,삼성동,390.79,12,18,다가구,11680
"335,000",1995,2015,348.9,대치동,653.49,12,21,다가구,11680
"200,000",2002,2015,182.2,신사동,286.97,12,22,다가구,11680
"178,000",1997,2015,186.5,논현동,419.64,12,3,다가구,11680
"270,000",1975,2015,198.7,논현동,155.83,12,9,단독,11680
"411,800",1980,2015,358.3,논현동,296.13,12,11,단독,11680
"600,000",1975,2015,655,논현동,290.81,12,17,단독,11680
"350,000",2001,2015,384.9,논현동,1071.17,12,28,다가구,11680
"170,000",1995,2015,193.5,논현동,409,12,31,다가구,11680
"182,000",1982,2015,444,세곡동,127.77,12,5,단독,11680
"185,000",2008,2015,369,세곡동,548.61,12,21,단독,11680
"160,000",1989,2015,300,율현동,199.18,12,31,다가구,11680
"138,000",1986,2015,198.8,일원동,249.94,12,18,단독,11680
"130,000",1987,2015,198.1,일원동,249.75,12,26,단독,11680
"247,000",2003,2015,319,수서동,196.82,12,3,단독,11680
"370,000",1975,2016,410.2,역삼동,183.7,1,20,단독,11680
"630,000",1980,2016,578.2,역삼동,239.2,1,27,단독,11680
"172,000",1998,2016,172,대치동,380.75,1,13,다가구,11680
"487,000",1994,2016,374.4,신사동,649.04,1,13,다가구,11680
"120,000",1989,2016,148.3,논현동,216.95,1,13,다가구,11680
"153,000",1999,2016,160.2,논현동,375.09,1,21,다가구,11680
"150,000",1982,2016,294,세곡동,198.29,1,4,단독,11680
"150,000",1987,2016,316,율현동,198.8,1,4,단독,11680
"145,000",1987,2016,202.3,일원동,249.69,1,4,단독,11680
"236,000",2006,2016,232,일원동,343.7,1,22,다가구,11680
"230,000",1980,2016,238.1,도곡동,253.16,1,22,단독,11680
"400,000",1990,2016,478.8,역삼동,326.71,2,15,단독,11680
"235,000",1978,2016,254.5,역삼동,188.96,2,26,단독,11680
"179,500",1991,2016,188.8,역삼동,357.54,2,26,다가구,11680
"139,000",1989,2016,180,개포동,235.89,2,14,단독,11680
"150,000",1998,2016,179.3,개포동,379.2,2,19,다가구,11680
"222,500",1997,2016,294.3,개포동,658.6,2,23,다가구,11680
"299,500",2001,2016,254.7,삼성동,600.41,2,29,다가구,11680
"395,000",1982,2016,423.1,대치동,243.11,2,19,단독,11680
"377,000",1973,2016,203.8,논현동,149.58,2,3,단독,11680
"170,000",1989,2016,160.4,논현동,232.38,2,15,다가구,11680
"260,000",1982,2016,226.7,논현동,285.36,2,16,단독,11680
"303,000",1997,2016,356.2,논현동,659.6,2,18,다가구,11680
"316,000",1994,2016,305.8,논현동,641.73,2,21,다가구,11680
"325,000",1992,2016,256.8,논현동,705.84,2,25,단독,11680
"400,000",1995,2016,479.7,역삼동,1107.02,3,3,다가구,11680
"449,000",1995,2016,234.8,역삼동,477.99,3,10,다가구,11680
"260,000",2002,2016,247.9,역삼동,551.38,3,19,다가구,11680
"389,000",2002,2016,320.8,역삼동,665.9,3,23,다가구,11680
"220,000",1997,2016,232.4,역삼동,626.1,3,28,다가구,11680
"260,000",1972,2016,218.8,청담동,160.57,3,8,다가구,11680
"406,000",1994,2016,207.8,청담동,494.21,3,30,다가구,11680
"159,500",1989,2016,118,삼성동,176.91,3,11,단독,11680
"209,800",1996,2016,245.3,삼성동,538.42,3,14,단독,11680
"785,000",1984,2016,517.7,삼성동,465.33,3,21,단독,11680
"298,000",2009,2016,215,대치동,597.07,3,9,다가구,11680
"165,800",1977,2016,236.6,대치동,125.62,3,21,단독,11680
"495,000",1987,2016,288.1,대치동,623.28,3,25,단독,11680
"300,000",1994,2016,216.7,대치동,444.96,3,29,다가구,11680
"185,000",1996,2016,194.7,논현동,417.72,3,14,다가구,11680
"200,000",1997,2016,193.9,논현동,479.24,3,17,다가구,11680
"140,000",1989,2016,150.2,논현동,246.87,3,23,단독,11680
"157,000",1980,2016,178.7,논현동,209.35,3,26,단독,11680
"179,000",1995,2016,240.7,논현동,414.2,3,29,다가구,11680
"200,000",1984,2016,170.6,논현동,239.9,3,31,단독,11680
"277,000",1994,2016,232,도곡동,551.38,3,15,다가구,11680
"142,000",1977,2016,181.2,역삼동,162.97,4,6,단독,11680
"265,000",1995,2016,227.3,역삼동,419.52,4,11,다가구,11680
"305,000",1995,2016,356.5,역삼동,534.6,4,15,다가구,11680
"253,000",2002,2016,248.8,역삼동,549.94,4,17,다가구,11680
"243,000",2000,2016,228.1,역삼동,471.3,4,20,다가구,11680
"378,000",1996,2016,336.4,역삼동,650.84,4,21,다가구,11680
"244,500",1979,2016,285.7,역삼동,220.53,4,30,단독,11680
"71,000",1987,2016,108,개포동,165,4,5,단독,11680
"211,500",1996,2016,243.7,개포동,516.64,4,8,다가구,11680
"119,000",1989,2016,117.3,개포동,204.48,4,25,단독,11680
"101,000",1990,2016,116.9,개포동,225.72,4,25,다가구,11680
"290,000",1989,2016,202.2,청담동,290.92,4,12,단독,11680
"357,000",1983,2016,168.5,청담동,294,4,13,다가구,11680
"165,000",1981,2016,97.1,삼성동,152.82,4,2,다가구,11680
"135,000",1982,2016,89.4,삼성동,138.11,4,21,다가구,11680
"230,000",1977,2016,189.9,논현동,241.88,4,4,단독,11680
"300,000",1997,2016,258.3,논현동,588.46,4,6,다가구,11680
"136,300",1989,2016,148.3,논현동,216.95,4,11,다가구,11680
"280,000",1973,2016,258.3,논현동,153.25,4,11,단독,11680
"335,000",1975,2016,339.5,논현동,215.64,4,14,단독,11680
"260,000",1998,2016,194.3,논현동,493.18,4,21,다가구,11680
"403,000",1983,2016,494.3,논현동,310.07,4,29,단독,11680
"210,000",1985,2016,464,세곡동,114.51,4,30,단독,11680
"155,000",1989,2016,165.9,일원동,327.6,4,6,단독,11680
"150,000",1985,2016,198.3,일원동,247.77,4,11,다가구,11680
"133,000",1986,2016,198.1,일원동,277.2,4,12,다가구,11680
"352,000",1996,2016,264.6,도곡동,481.7,4,5,다가구,11680
"140,000",1983,2016,211,역삼동,318.98,5,2,다가구,11680
"306,000",1997,2016,339.8,역삼동,655.2,5,18,다가구,11680
"262,000",1995,2016,224.6,역삼동,487.42,5,20,다가구,11680
"345,000",1992,2016,451.6,역삼동,406.41,5,23,단독,11680
"136,000",1990,2016,150.9,개포동,228.79,5,2,다가구,11680
"137,000",1993,2016,179.92,개포동,324.12,5,6,다가구,11680
"267,000",1990,2016,195.8,청담동,276.65,5,18,다가구,11680
"335,000",1996,2016,222.1,청담동,527.8,5,23,다가구,11680
"340,000",1996,2016,258.2,청담동,612.09,5,25,다가구,11680
"420,000",1983,2016,137.6,삼성동,172.8,5,10,단독,11680
"332,000",1993,2016,243.8,삼성동,517.98,5,12,다가구,11680
"455,000",1979,2016,411.6,삼성동,275.73,5,26,단독,11680
"107,000",1981,2016,205.4,대치동,89.95,5,5,다가구,11680
"98,500",1988,2016,119.9,대치동,169.26,5,18,다가구,11680
"210,000",2001,2016,184.7,대치동,424.16,5,27,다가구,11680
"688,000",,2016,598.8,대치동,824.15,5,31,단독,11680
"443,000",1996,2016,205,신사동,411.5,5,13,다가구,11680
"260,000",1994,2016,197,신사동,371.22,5,13,다가구,11680
"400,000",1981,2016,213.3,논현동,409.26,5,12,다가구,11680
"300,000",1975,2016,297.5,논현동,163.63,5,20,단독,11680
"177,000",1993,2016,187.9,논현동,419.11,5,30,다가구,11680
"301,000",1997,2016,308.4,논현동,654.24,5,31,다가구,11680
"155,000",1982,2016,305,세곡동,198.34,5,26,단독,11680
"139,000",1986,2016,196.7,일원동,249.12,5,12,단독,11680
"185,000",1988,2016,125.3,일원동,298.3,5,15,단독,11680
"140,500",1982,2016,187.6,일원동,249.36,5,30,단독,11680
"298,000",2002,2016,215.8,역삼동,492.48,6,1,다가구,11680
"385,000",1988,2016,544.5,역삼동,322.9,6,10,단독,11680
"395,000",1996,2016,380,역삼동,656.92,6,10,다가구,11680
"310,000",2000,2016,233.3,역삼동,558.92,6,19,다가구,11680
"200,000",1989,2016,204.7,역삼동,292.86,6,20,단독,11680
"375,000",2003,2016,340.9,역삼동,651.54,6,20,다가구,11680
"215,000",1978,2016,212.5,역삼동,210.22,6,20,단독,11680
"360,000",1991,2016,163.6,역삼동,233.84,6,20,단독,11680
"365,000",1990,2016,326.7,역삼동,322.55,6,24,단독,11680
"182,000",1996,2016,204.3,역삼동,417.84,6,28,다가구,11680
"85,000",1993,2016,117.1,개포동,176.4,6,1,다가구,11680
"226,000",1997,2016,268.9,개포동,538.8,6,1,다가구,11680
"130,000",1988,2016,174.1,개포동,247.92,6,29,단독,11680
"350,000",1978,2016,260.7,청담동,229.56,6,3,단독,11680
"420,000",1974,2016,327.3,청담동,227.64,6,7,단독,11680
"210,000",1988,2016,95.9,청담동,136.89,6,16,단독,11680
"262,000",1991,2016,209.6,청담동,458.95,6,22,다가구,11680
"202,000",1997,2016,188.3,청담동,371.67,6,23,다가구,11680
"250,000",1997,2016,200.3,청담동,387.85,6,23,다가구,11680
"220,000",2004,2016,141.1,삼성동,252.92,6,20,다가구,11680
"420,000",2001,2016,300.8,대치동,808.06,6,9,다가구,11680
"244,000",1997,2016,232.3,대치동,492.09,6,21,다가구,11680
"330,000",1995,2016,298,대치동,658.88,6,22,다가구,11680
"410,000",1996,2016,260.7,신사동,578.5,6,2,다가구,11680
"211,000",1993,2016,186.7,신사동,264.29,6,2,다가구,11680
"194,000",1989,2016,160.6,논현동,240.3,6,1,단독,11680
"188,000",1978,2016,188.4,논현동,206.31,6,7,단독,11680
"249,000",1992,2016,293.3,논현동,329.72,6,8,다가구,11680
"208,000",1993,2016,215.6,논현동,469.68,6,10,다가구,11680
"194,500",1984,2016,188.9,논현동,256.82,6,10,단독,11680
"526,000",1995,2016,434.8,논현동,657.95,6,11,다가구,11680
"180,000",1983,2016,212.5,논현동,249.3,6,21,단독,11680
"420,000",1982,2016,467.3,논현동,206.6,6,22,단독,11680
"209,000",2002,2016,198,논현동,467.6,6,30,다가구,11680
"185,000",1981,2016,347,세곡동,130.61,6,3,단독,11680
"265,000",2007,2016,392,세곡동,276.35,6,24,단독,11680
"176,000",1989,2016,312,자곡동,198.52,6,15,단독,11680
"179,000",1987,2016,305,율현동,191.96,6,30,단독,11680
"210,000",2016,2016,203.8,일원동,265.2,6,3,단독,11680
"151,000",1987,2016,200.8,일원동,261.33,6,3,단독,11680
"200,000",1991,2016,197.6,일원동,462.18,6,13,다가구,11680
"148,000",1987,2016,193,일원동,249.56,6,30,단독,11680
"498,000",2002,2016,435.1,역삼동,1455.53,7,18,다가구,11680
"390,000",1994,2016,279.2,역삼동,642.45,7,19,다가구,11680
"299,000",2002,2016,224.1,역삼동,508.34,7,21,다가구,11680
"260,000",,2016,376.8,역삼동,580,7,22,다가구,11680
"222,468",1995,2016,228.4,역삼동,496.24,7,25,다가구,11680
"272,532",1995,2016,279.8,역삼동,539.58,7,25,다가구,11680
"240,000",1993,2016,300.3,역삼동,603.37,7,28,다가구,11680
"145,000",1988,2016,166.9,개포동,229.41,7,8,단독,11680
"400,000",1996,2016,320.9,청담동,658.64,7,1,다가구,11680
"800,000",1985,2016,498.2,삼성동,327.72,7,1,단독,11680
"525,000",1981,2016,292.5,삼성동,191.76,7,4,단독,11680
"390,000",1996,2016,354,삼성동,643.79,7,29,다가구,11680
"300,000",1995,2016,260.5,대치동,529.54,7,9,다가구,11680
"240,000",1996,2016,171.8,대치동,486.16,7,11,다가구,11680
"192,500",1983,2016,183.4,대치동,195.76,7,18,단독,11680
"204,000",2002,2016,182.8,대치동,470.78,7,23,다가구,11680
"220,000",1995,2016,202.7,대치동,419.84,7,28,다가구,11680
"467,800",1975,2016,386.7,신사동,144.29,7,19,단독,11680
"300,000",1989,2016,232.7,논현동,453.6,7,1,다가구,11680
"247,500",1997,2016,269.1,논현동,522.25,7,6,다가구,11680
"168,000",1975,2016,184.3,논현동,220.07,7,8,단독,11680
"262,000",2015,2016,132.3,논현동,348.12,7,11,다가구,11680
"295,000",1984,2016,203,논현동,327.99,7,15,단독,11680
"145,000",1984,2016,171.8,논현동,236.78,7,15,단독,11680
"200,000",1993,2016,223.3,논현동,349.27,7,15,다가구,11680
"190,000",1977,2016,194.7,논현동,191.12,7,23,단독,11680
"190,000",1985,2016,361,세곡동,168.28,7,6,단독,11680
"200,000",2014,2016,255,세곡동,376.82,7,26,다가구,11680
"160,000",1994,2016,298,율현동,198.58,7,14,다가구,11680
"169,000",1996,2016,257.2,역삼동,518.56,8,5,단독,11680
"356,500",1993,2016,337.5,역삼동,329.4,8,8,다가구,11680
"402,500",1985,2016,539.9,역삼동,322.07,8,10,단독,11680
"430,000",1988,2016,374.3,역삼동,845.63,8,12,단독,11680
"463,000",1989,2016,466.5,역삼동,326.61,8,14,단독,11680
"98,000",1992,2016,185.9,역삼동,327.6,8,29,단독,11680
"178,000",1991,2016,180.2,개포동,463.08,8,3,단독,11680
"153,000",1988,2016,168.9,개포동,244.8,8,16,단독,11680
"207,000",1990,2016,182,개포동,358.29,8,23,단독,11680
"150,000",1987,2016,130.2,개포동,208.23,8,23,단독,11680
"430,000",1995,2016,253.6,청담동,587.65,8,4,다가구,11680
"290,000",1996,2016,223.1,청담동,532.8,8,9,다가구,11680
"253,000",1996,2016,181.3,청담동,340.56,8,17,다가구,11680
"299,000",1988,2016,206.9,청담동,308.82,8,30,다가구,11680
"300,000",1978,2016,141,삼성동,184.36,8,25,단독,11680
"290,000",1996,2016,200.2,신사동,441.5,8,23,다가구,11680
"255,000",2008,2016,199.2,신사동,319.73,8,31,다가구,11680
"177,500",1997,2016,213.1,논현동,475.64,8,12,다가구,11680
"155,000",1982,2016,338,세곡동,198.28,8,6,단독,11680
"225,000",2010,2016,279,율현동,308.16,8,3,단독,11680
"180,000",1987,2016,308,율현동,194.22,8,3,단독,11680
"140,000",1992,2016,284,율현동,199.96,8,22,단독,11680
"190,000",1983,2016,233,일원동,291.96,8,4,단독,11680
"178,000",1987,2016,231.3,일원동,270.42,8,26,단독,11680
"180,000",1986,2016,202.2,일원동,265,8,31,다가구,11680
"213,000",1993,2016,218,도곡동,434.23,8,15,다가구,11680
"270,000",,2016,275.5,역삼동,452.15,9,1,다가구,11680
"250,000",1989,2016,275,역삼동,452.15,9,1,다가구,11680
"257,000",1995,2016,219.6,역삼동,514.44,9,19,다가구,11680
"245,000",1997,2016,228,역삼동,340.47,9,23,다가구,11680
"320,000",1993,2016,290,역삼동,649.65,9,27,단독,11680
"401,700",1996,2016,342.2,역삼동,651.44,9,30,다가구,11680
"270,000",1996,2016,218.9,청담동,521.78,9,1,다가구,11680
"490,000",1983,2016,285.8,청담동,281.7,9,22,단독,11680
"560,000",1994,2016,288.1,청담동,634.37,9,28,다가구,11680
"224,000",1997,2016,214.7,청담동,429.69,9,29,단독,11680
"236,000",1975,2016,198.2,청담동,220.07,9,30,단독,11680
"220,000",1995,2016,196.6,삼성동,418.33,9,7,다가구,11680
"95,800",1983,2016,65.4,삼성동,42.98,9,28,단독,11680
"422,000",1985,2016,239,대치동,265.24,9,12,단독,11680
"390,000",1979,2016,219.9,신사동,246.91,9,26,단독,11680
"278,000",1997,2016,254.1,논현동,674.67,9,21,단독,11680
"139,000",1985,2016,258,세곡동,197.82,9,3,단독,11680
"200,000",1989,2016,312,율현동,199.68,9,7,단독,11680
"152,500",1987,2016,200.8,일원동,249.96,9,1,다가구,11680
"172,500",1996,2016,195.2,일원동,493.12,9,6,다가구,11680
"152,000",1986,2016,197.6,일원동,249.84,9,19,단독,11680
"129,000",1986,2016,193.7,일원동,248.52,9,28,다가구,11680
"155,000",1986,2016,199,일원동,249.12,9,29,단독,11680
"185,000",1991,2016,187.5,역삼동,278.25,10,4,다가구,11680
"350,000",1996,2016,285,역삼동,621.46,10,13,다가구,11680
"600,000",2007,2016,419.8,역삼동,1148.35,10,27,다가구,11680
"85,000",2007,2016,84.9,역삼동,73.76,10,27,단독,11680
"170,000",1989,2016,175.7,개포동,246.87,10,10,단독,11680
"159,447",1988,2016,175.7,개포동,248.92,10,10,단독,11680
"251,000",1996,2016,265.5,개포동,396.99,10,27,다가구,11680
"317,000",1988,2016,264.8,개포동,569.04,10,31,단독,11680
"253,000",1993,2016,192.9,청담동,427.2,10,7,다가구,11680
"1,385,300",1975,2016,622.3,청담동,240.29,10,20,단독,11680
"400,000",1987,2016,204.9,청담동,198.48,10,26,단독,11680
"386,100",1977,2016,163.7,대치동,156.16,10,4,단독,11680
"201,000",1990,2016,189.7,대치동,289.77,10,15,단독,11680
"308,000",1996,2016,181.8,신사동,404.06,10,6,다가구,11680
"151,000",1996,2016,156.3,논현동,294.72,10,8,다가구,11680
"202,000",1994,2016,168.4,논현동,364.41,10,12,다가구,11680
"330,000",1972,2016,252.4,논현동,185.95,10,28,단독,11680
"203,000",1985,2016,315,세곡동,263.35,10,12,단독,11680
"292,220",1982,2016,461,세곡동,165.54,10,21,다가구,11680
"178,000",1987,2016,303,율현동,198.04,10,31,단독,11680
"175,000",1988,2016,200.6,일원동,249.89,10,11,단독,11680
"149,000",1986,2016,197.7,일원동,249.56,10,12,단독,11680
"150,000",1987,2016,165.3,일원동,247.77,10,28,단독,11680
"33,000",2005,2016,26,도곡동,23.98,10,17,단독,11680
"365,000",1994,2016,346.3,역삼동,658.32,11,9,다가구,11680
"148,000",1983,2016,194,역삼동,245.69,11,15,단독,11680
"240,000",1995,2016,209.6,역삼동,419.04,11,16,다가구,11680
"238,000",1997,2016,220,역삼동,459.8,11,21,다가구,11680
"305,000",1998,2016,214.2,역삼동,497.93,11,23,다가구,11680
"540,000",2014,2016,215.3,청담동,575.68,11,14,단독,11680
"412,000",1993,2016,339.8,청담동,607.95,11,29,다가구,11680
"361,626",1983,2016,299,삼성동,376.5,11,11,단독,11680
"164,000",1983,2016,169.8,대치동,237.06,11,16,단독,11680
"169,500",1982,2016,141.8,대치동,146.82,11,23,단독,11680
"280,000",1996,2016,241.2,신사동,479.77,11,15,다가구,11680
"380,000",1997,2016,233.1,신사동,297.42,11,15,다가구,11680
"327,000",1993,2016,188.7,신사동,400.6,11,19,다가구,11680
"205,000",1974,2016,270.4,논현동,157.32,11,9,단독,11680
"625,000",1982,2016,488.9,논현동,434.58,11,18,단독,11680
"370,000",1995,2016,292.2,논현동,716.54,11,21,다가구,11680
"170,000",1987,2016,197.1,일원동,249.11,11,3,단독,11680
"290,000",2000,2016,250,역삼동,749.14,12,5,다가구,11680
"340,000",1989,2016,423.1,역삼동,325.9,12,10,단독,11680
"335,000",1983,2016,374.6,역삼동,293.5,12,21,단독,11680
"498,000",1997,2016,177.8,역삼동,395.32,12,30,단독,11680
"755,000",1974,2016,523.3,삼성동,323.08,12,5,단독,11680
"245,000",1986,2016,193.1,삼성동,134.82,12,21,단독,11680
"240,000",1978,2016,389,신사동,319.17,12,16,단독,11680
"337,812",1993,2016,194.2,신사동,419.2,12,16,단독,11680
"220,000",1997,2016,247.9,논현동,422.75,12,9,다가구,11680
"330,000",1983,2016,207.8,논현동,272.49,12,16,단독,11680
"400,000",2002,2016,276,논현동,961.15,12,16,다가구,11680
"400,000",1980,2016,344.7,논현동,430.32,12,29,단독,11680
"199,000",1982,2016,364,세곡동,131.37,12,2,단독,11680
"199,000",1994,2016,229.1,일원동,329,12,7,단독,11680
"161,000",1988,2016,198.1,일원동,249.63,12,21,다가구,11680
"177,000",1986,2016,200.2,일원동,244.29,12,25,단독,11680
"340,000",2003,2017,371.6,역삼동,554.84,1,16,다가구,11680
"308,000",2000,2017,230.3,역삼동,528.56,1,16,다가구,11680
"320,000",1996,2017,174.1,청담동,365.52,1,3,다가구,11680
"320,000",1978,2017,227.2,청담동,203.76,1,3,다가구,11680
"240,000",2001,2017,219.8,논현동,472.54,1,20,다가구,11680
"219,000",1987,2017,198,일원동,394.08,1,17,다가구,11680
"278,000",1995,2017,237.8,역삼동,535.44,2,17,다가구,11680
"312,800",1997,2017,225.4,청담동,455.91,2,9,단독,11680
"328,000",1995,2017,263.4,청담동,393.17,2,14,단독,11680
"898,960",1982,2017,437.1,청담동,311.9,2,21,단독,11680
"220,000",1989,2017,127.2,청담동,237.06,2,22,단독,11680
"296,000",1994,2017,199.8,청담동,381.64,2,27,단독,11680
"350,000",2006,2017,245.4,삼성동,431.81,2,22,단독,11680
"180,000",1996,2017,178.3,대치동,393.3,2,24,단독,11680
"205,000",1982,2017,207.9,논현동,217.03,2,13,단독,11680
"271,000",1993,2017,293.9,논현동,496.45,2,16,단독,11680
"51,000",1996,2017,319,자곡동,195.35,2,21,단독,11680
"167,000",1987,2017,316,율현동,188.9,2,11,단독,11680
"163,000",1987,2017,196.1,일원동,249.48,2,10,단독,11680
"165,000",1987,2017,179.3,일원동,248.97,2,22,단독,11680
"166,000",1987,2017,193.6,일원동,249.87,2,27,다가구,11680
"353,000",1997,2017,264.5,도곡동,640.84,2,21,다가구,11680
"245,000",1982,2017,236.4,역삼동,249.39,3,6,단독,11680
"153,000",1996,2017,200.5,역삼동,299.34,3,7,다가구,11680
"330,000",1997,2017,259,역삼동,575.24,3,13,다가구,11680
"320,000",1983,2017,331.1,역삼동,274.91,3,23,단독,11680
"330,000",1983,2017,375.7,역삼동,339.3,3,23,단독,11680
"395,000",1987,2017,340.7,역삼동,323.36,3,23,단독,11680
"200,000",1993,2017,173.8,역삼동,378.36,3,24,다가구,11680
"213,000",1978,2017,190.6,역삼동,214.02,3,28,단독,11680
"150,592",1988,2017,144.3,개포동,214.56,3,28,단독,11680
"525,000",1994,2017,403.2,청담동,656.75,3,14,다가구,11680
"430,000",1977,2017,221.05,청담동,280.53,3,27,단독,11680
"650,250",1976,2017,312.2,삼성동,203.37,3,16,단독,11680
"675,000",1983,2017,484.8,삼성동,317.35,3,28,단독,11680
"350,000",1976,2017,259.4,삼성동,127.28,3,29,단독,11680
"189,000",1989,2017,142.3,신사동,216.68,3,8,단독,11680
"1,079,713",1996,2017,198.45,신사동,543.71,3,8,다가구,11680
"210,000",1977,2017,194.7,논현동,191.12,3,14,단독,11680
"210,000",2009,2017,314,세곡동,220.24,3,14,다가구,11680
"200,000",2008,2017,369,세곡동,548.61,3,30,단독,11680
"177,000",1988,2017,308,율현동,191.96,3,3,단독,11680
"175,000",1987,2017,198.9,일원동,246.37,3,2,단독,11680
"157,000",1988,2017,203.8,일원동,249.3,3,10,단독,11680
"150,000",1990,2017,198.6,일원동,288.63,3,13,단독,11680
"137,000",1986,2017,194.6,일원동,247.92,3,21,다가구,11680
"150,000",1987,2017,200.8,일원동,249.72,3,21,단독,11680
"151,800",1987,2017,197.1,일원동,249.59,3,23,단독,11680
"197,500",1986,2017,204,일원동,249.72,3,25,단독,11680
"195,000",1986,2017,199.1,일원동,396.8,3,26,단독,11680
"162,000",1986,2017,198.6,일원동,249.81,3,28,다가구,11680
"227,000",1989,2017,168,도곡동,459.58,3,21,단독,11680
"528,000",1996,2017,331.4,역삼동,650.64,4,3,다가구,11680
"266,000",1997,2017,232.3,역삼동,493.24,4,4,단독,11680
"154,000",1983,2017,194,역삼동,245.69,4,6,다가구,11680
"270,000",1982,2017,205.8,역삼동,219.15,4,14,단독,11680
"340,000",2001,2017,382.5,역삼동,503.84,4,28,단독,11680
"182,000",1989,2017,188.6,개포동,278.91,4,24,다가구,11680
"255,000",1988,2017,241,개포동,517.74,4,25,단독,11680
"168,000",1990,2017,173.9,개포동,291.72,4,28,다가구,11680
"900,000",1974,2017,693.8,청담동,289.15,4,14,단독,11680
"243,000",1977,2017,170,삼성동,415.04,4,20,단독,11680
"205,000",1996,2017,202.1,대치동,419.5,4,6,다가구,11680
"310,000",1976,2017,320.6,대치동,129.65,4,11,단독,11680
"310,000",1997,2017,243.4,대치동,528.39,4,13,단독,11680
"266,000",1995,2017,221,대치동,460.14,4,17,다가구,11680
"357,000",1996,2017,269.2,대치동,633.36,4,27,단독,11680
"825,000",1996,2017,252.9,신사동,585.28,4,6,단독,11680
"780,000",1976,2017,378.1,신사동,258.23,4,11,단독,11680
"350,000",1994,2017,192.5,신사동,431.16,4,20,단독,11680
"293,000",1978,2017,161.8,신사동,160.54,4,21,단독,11680
"299,000",1996,2017,270.7,신사동,465.71,4,22,다가구,11680
"246,962",2009,2017,171.3,논현동,269.35,4,12,단독,11680
"220,000",1992,2017,234.3,논현동,347.07,4,12,다가구,11680
"605,000",1993,2017,426.9,논현동,665.96,4,12,단독,11680
"198,000",1997,2017,186.5,논현동,419.64,4,28,단독,11680
"245,000",1981,2017,331,자곡동,114.98,4,15,단독,11680
"188,000",1989,2017,319,자곡동,197.76,4,29,단독,11680
"180,000",,2017,317,율현동,293.64,4,30,단독,11680
"205,000",1995,2017,209.8,역삼동,450.36,5,10,다가구,11680
"230,000",1989,2017,167.4,역삼동,230.57,5,17,단독,11680
"855,000",1998,2017,281.6,역삼동,945.23,5,23,단독,11680
"232,000",1983,2017,335,역삼동,318.55,5,26,단독,11680
"235,000",1984,2017,268.2,역삼동,211.62,5,29,단독,11680
"500,000",2004,2017,286,청담동,648.8,5,18,다가구,11680
"296,500",1997,2017,196.3,청담동,414.57,5,31,단독,11680
"300,000",1998,2017,249.4,삼성동,524.56,5,2,단독,11680
"370,000",1985,2017,336,삼성동,320.27,5,10,단독,11680
"390,000",1983,2017,273,대치동,306.64,5,8,단독,11680
"133,000",2002,2017,105.3,대치동,165.26,5,12,단독,11680
"228,000",1977,2017,194.7,논현동,191.12,5,15,단독,11680
"130,000",1981,2017,233,세곡동,127.64,5,2,단독,11680
"265,000",1976,2017,399,세곡동,356.14,5,19,단독,11680
"186,500",1982,2017,294,세곡동,198.29,5,22,다가구,11680
"141,000",1982,2017,241,세곡동,178.91,5,26,단독,11680
"250,000",2003,2017,322,자곡동,323.72,5,23,단독,11680
"178,000",1987,2017,306,율현동,199.38,5,10,단독,11680
"195,000",1988,2017,282,율현동,198.64,5,17,단독,11680
"199,000",1986,2017,203.7,일원동,249.87,5,12,단독,11680
"155,000",1986,2017,198,일원동,249,5,29,단독,11680
"303,000",1995,2017,246.6,역삼동,539.1,6,2,단독,11680
"323,000",2002,2017,330.6,역삼동,563.85,6,11,다가구,11680
"216,000",2014,2017,158.4,역삼동,146.9,6,12,다가구,11680
"339,000",2001,2017,260.7,역삼동,620.98,6,15,단독,11680
"275,000",1998,2017,222,역삼동,467.38,6,17,다가구,11680
"252,400",1996,2017,219.6,역삼동,496.58,6,19,단독,11680
"284,000",2000,2017,238.7,역삼동,522.32,6,30,다가구,11680
"410,000",1984,2017,347.8,삼성동,269.43,6,22,단독,11680
"303,000",1996,2017,196,삼성동,445.42,6,24,다가구,11680
"160,000",1985,2017,220.4,대치동,424.08,6,20,단독,11680
"333,000",1976,2017,279.4,논현동,225.5,6,2,단독,11680
"190,000",2000,2017,168.9,논현동,398.72,6,8,단독,11680
"350,000",1977,2017,282.5,논현동,196.24,6,12,단독,11680
"300,000",1996,2017,255,논현동,562.82,6,20,다가구,11680
"230,000",1992,2017,244.9,논현동,380.25,6,21,다가구,11680
"240,000",1987,2017,202.2,논현동,256.07,6,23,단독,11680
"260,000",1985,2017,409.78,논현동,292.48,6,28,단독,11680
"230,000",1984,2017,412,세곡동,130.94,6,2,단독,11680
"205,000",1986,2017,204.1,일원동,249.12,6,1,다가구,11680
"150,000",1988,2017,194.9,일원동,249.45,6,7,단독,11680
"62,000",1996,2017,51.17,일원동,128.7,6,20,다가구,11680
"307,000",2001,2017,183.8,역삼동,420.77,7,4,단독,11680
"263,500",1988,2017,296.9,역삼동,225.18,7,10,단독,11680
"240,000",1997,2017,265.5,개포동,608.72,7,8,다가구,11680
"455,000",1992,2017,232.4,청담동,456.22,7,18,단독,11680
"258,100",1975,2017,192,청담동,150.95,7,27,다가구,11680
"285,000",1996,2017,203.2,삼성동,501.3,7,12,단독,11680
"260,000",2002,2017,180.7,삼성동,391.7,7,13,단독,11680
"340,000",2000,2017,299.3,대치동,611.97,7,13,단독,11680
"343,000",1995,2017,229.2,대치동,539.24,7,27,단독,11680
"430,000",1997,2017,340.7,대치동,630.28,7,29,다가구,11680
"435,600",1996,2017,217.2,신사동,510.02,7,20,단독,11680
"370,000",1997,2017,272.4,신사동,552.28,7,25,다가구,11680
"250,000",1982,2017,207.9,논현동,217.03,7,10,단독,11680
"199,000",1978,2017,172.6,논현동,190.01,7,12,단독,11680
"490,000",2016,2017,239.2,논현동,477.92,7,14,다가구,11680
"124,500",1991,2017,171.7,논현동,199.77,7,19,단독,11680
"320,000",1989,2017,267.1,논현동,294.37,7,24,단독,11680
"435,000",1997,2017,345.9,논현동,539.78,7,31,단독,11680
"250,000",2014,2017,329,세곡동,659.1,7,7,다가구,11680
"208,000",1999,2017,337,세곡동,116.37,7,9,단독,11680
"151,000",1982,2017,272,세곡동,130.81,7,17,단독,11680
"277,000",1982,2017,459,세곡동,123.97,7,17,단독,11680
"262,000",1987,2017,311,자곡동,199.08,7,13,단독,11680
"245,000",1992,2017,329,자곡동,193.32,7,15,단독,11680
"290,000",1988,2017,329,자곡동,199.78,7,20,단독,11680
"185,000",1992,2017,301,율현동,280.33,7,22,단독,11680
"182,000",1990,2017,303,율현동,198.36,7,25,단독,11680
"188,000",1985,2017,197.3,일원동,292.4,7,5,단독,11680
"179,500",1986,2017,198,일원동,249.46,7,21,단독,11680
"155,000",2005,2017,222.3,역삼동,551.82,8,11,다가구,11680
"250,000",2002,2017,177.5,역삼동,346.54,8,15,단독,11680
"256,000",1983,2017,309.9,역삼동,326.13,8,25,단독,11680
"165,000",1976,2017,109.9,역삼동,105.23,8,29,단독,11680
"180,000",1985,2017,180.1,개포동,473.45,8,16,단독,11680
"264,000",1994,2017,190.3,청담동,396,8,11,단독,11680
"390,000",1991,2017,219.6,삼성동,490.4,8,21,단독,11680
"320,000",1995,2017,224.3,삼성동,311.57,8,28,다가구,11680
"560,000",1978,2017,434.8,삼성동,225.29,8,30,단독,11680
"383,000",1990,2017,321.8,대치동,631.32,8,24,단독,11680
"410,000",1976,2017,289.1,신사동,275.22,8,30,단독,11680
"282,000",1995,2017,238.3,논현동,577.68,8,4,단독,11680
"263,500",1997,2017,293.9,논현동,518.84,8,7,다가구,11680
"340,000",1988,2017,252,논현동,450.96,8,18,단독,11680
"280,000",2001,2017,235.6,논현동,840.24,8,18,다가구,11680
"480,000",1997,2017,253.9,논현동,506.35,8,21,단독,11680
"280,000",1997,2017,250.5,논현동,518.51,8,24,단독,11680
"400,000",1997,2017,267.8,논현동,375.3,8,26,다가구,11680
"220,000",1980,2017,362,세곡동,213.26,8,18,단독,11680
"580,000",1997,2017,177.8,역삼동,395.32,9,25,단독,11680
"630,000",1998,2017,410.4,역삼동,655.83,9,25,단독,11680
"170,000",1983,2017,184.2,개포동,180.45,9,5,단독,11680
"168,500",1987,2017,130.6,개포동,192.96,9,16,다가구,11680
"104,500",1988,2017,117.1,개포동,175.2,9,19,단독,11680
"168,500",1987,2017,130.6,개포동,192.96,9,20,단독,11680
"383,500",1995,2017,260.6,대치동,529.74,9,11,단독,11680
"420,000",1997,2017,208.4,신사동,485.84,9,12,다가구,11680
"560,000",2005,2017,240.2,신사동,838.65,9,27,단독,11680
"285,000",1996,2017,199.2,논현동,417.84,9,7,단독,11680
"300,000",1983,2017,241.3,논현동,333.2,9,8,다가구,11680
"368,500",1994,2017,288.6,논현동,613.21,9,12,다가구,11680
"320,000",2002,2017,222.3,논현동,379.83,9,25,단독,11680
"255,000",1988,2017,306,자곡동,199.96,9,7,단독,11680
"175,000",1987,2017,321,자곡동,198.98,9,12,단독,11680
"160,000",1986,2017,200.6,일원동,249.5,9,15,다가구,11680
"239,000",1987,2017,231.4,일원동,278.7,9,20,다가구,11680
"850,000",1981,2017,489.7,도곡동,216.53,9,21,단독,11680
"145,000",1985,2017,118.5,역삼동,180.85,10,17,단독,11680
"380,000",1990,2017,259.2,역삼동,643.64,10,19,단독,11680
"230,000",1992,2017,129.2,청담동,224.55,10,17,단독,11680
"555,000",1982,2017,358.6,청담동,323.57,10,17,단독,11680
"560,000",2013,2017,214.8,삼성동,678.49,10,30,단독,11680
"249,500",2002,2017,182.8,대치동,470.78,10,29,다가구,11680
"303,000",1974,2017,178.5,신사동,159.47,10,27,단독,11680
"315,000",1984,2017,237.3,논현동,249.74,10,2,단독,11680
"470,000",1977,2017,222.5,논현동,159.07,10,13,단독,11680
"202,000",2006,2017,307,세곡동,299.4,10,24,다가구,11680
"265,000",1998,2017,197.7,역삼동,429.62,11,7,다가구,11680
"645,000",1976,2017,316.3,역삼동,161.69,11,9,단독,11680
"428,000",2004,2017,256.4,역삼동,590.44,11,14,단독,11680
"370,000",2003,2017,337.5,역삼동,504.11,11,17,다가구,11680
"252,000",1991,2017,285.8,역삼동,333.99,11,22,단독,11680
"345,000",1996,2017,226.5,역삼동,533.67,11,24,단독,11680
"355,000",1988,2017,281.2,개포동,735.5,11,4,단독,11680
"273,000",1996,2017,265.5,개포동,533.45,11,13,다가구,11680
"98,000",1987,2017,108.2,개포동,161.88,11,15,단독,11680
"430,000",1977,2017,189.2,삼성동,168.52,11,4,단독,11680
"580,000",1984,2017,495.9,삼성동,323.61,11,14,단독,11680
"280,000",1988,2017,169.3,대치동,360.54,11,28,다가구,11680
"292,500",2008,2017,199.2,신사동,319.73,11,10,다가구,11680
"510,000",1986,2017,279.5,신사동,329.85,11,14,단독,11680
"275,000",1997,2017,163.6,신사동,328.06,11,24,다가구,11680
"290,000",1977,2017,276.9,논현동,217.59,11,9,단독,11680
"467,000",1992,2017,239.3,논현동,623.8,11,11,단독,11680
"500,000",1993,2017,482.6,논현동,384.91,11,27,단독,11680
"527,000",1991,2017,447.2,논현동,528.6,11,30,다가구,11680
"160,000",2012,2017,90.5,도곡동,249.64,11,27,단독,11680
"574,000",2004,2017,304.3,역삼동,1264.11,12,1,다가구,11680
"237,000",1996,2017,204.3,역삼동,417.84,12,6,단독,11680
"245,000",1994,2017,167.4,역삼동,346.66,12,19,단독,11680
"330,000",2001,2017,294294,역삼동,440.82,12,21,단독,11680
"245,000",1994,2017,167.4,역삼동,346.66,12,29,단독,11680
"515,000",1977,2017,375.7,역삼동,157.09,12,30,단독,11680
"348,000",1988,2017,272.9,개포동,691.89,12,15,단독,11680
"85,000",1996,2017,250.7,개포동,383.6,12,26,단독,11680
"420,000",1996,2017,201.2,청담동,398.82,12,10,단독,11680
"490,000",1985,2017,332.4,삼성동,249.54,12,8,단독,11680
"200,000",1995,2017,165.8,삼성동,297.41,12,20,다가구,11680
"350,000",1976,2017,236,삼성동,185.45,12,28,단독,11680
"235,000",2014,2017,194.5,대치동,294.07,12,11,단독,11680
"390,000",1993,2017,166.6,신사동,329.94,12,7,단독,11680
"240,000",1976,2017,158.6,신사동,137.26,12,22,단독,11680
"570,000",1995,2017,333.5,논현동,1073.47,12,5,단독,11680
"937,000",1998,2017,405,논현동,1634.6,12,15,단독,11680
"142,000",1984,2017,97.9,논현동,142.76,12,20,단독,11680
"298,000",1997,2017,214.4,논현동,469.84,12,20,단독,11680
"205,000",1989,2017,166.7,논현동,247.41,12,22,단독,11680
"300,000",1993,2017,278.4,논현동,572.49,12,22,다가구,11680
"252,000",2012,2017,319,자곡동,235.33,12,11,단독,11680
"226,000",1986,2017,199,일원동,486,12,19,다가구,11680
"465,000",2002,2018,405.2,역삼동,659.1,1,6,단독,11680
"341,000",1988,2018,282.8,역삼동,326.59,1,10,단독,11680
"435,000",1997,2018,187.6,역삼동,299.11,1,10,단독,11680
"318,000",1997,2018,236.4,역삼동,601.07,1,17,단독,11680
"418,000",2001,2018,305.9,역삼동,652.36,1,20,단독,11680
"425,000",1995,2018,328.4,역삼동,607.74,1,29,단독,11680
"111,000",1990,2018,117.1,개포동,210.48,1,15,단독,11680
"318,000",1982,2018,237.8,삼성동,255.66,1,8,단독,11680
"857,193",1983,2018,542.3,삼성동,264.82,1,12,단독,11680
"280,000",1995,2018,237.8,삼성동,419.83,1,18,단독,11680
"297,000",2002,2018,241.7,삼성동,449.96,1,26,단독,11680
"505,000",2002,2018,363.5,삼성동,434.86,1,29,단독,11680
"210,000",1976,2018,120.5,삼성동,97.85,1,31,단독,11680
"312,000",1994,2018,226.4,대치동,489.8,1,12,단독,11680
"202,000",2010,2018,171.7,대치동,310.73,1,20,단독,11680
"172,500",1986,2018,191,대치동,249.98,1,27,다가구,11680
"267,500",1989,2018,142.3,신사동,216.68,1,24,단독,11680
"200,000",1985,2018,162.7,신사동,172.01,1,25,단독,11680
"470,000",1985,2018,375.8,논현동,840.22,1,2,단독,11680
"360,000",1985,2018,240.8,논현동,249.12,1,2,다가구,11680
"490,000",2000,2018,282.3,논현동,803.84,1,5,다가구,11680
"620,000",1995,2018,434.8,논현동,657.95,1,16,단독,11680
"207,000",2000,2018,177.1,논현동,313.39,1,20,단독,11680
"268,500",2006,2018,301,자곡동,297.87,1,22,단독,11680
"365,000",2002,2018,483,자곡동,423.65,1,29,단독,11680
"305,000",1988,2018,252.8,일원동,486.95,1,9,단독,11680
"220,000",1985,2018,207.8,일원동,325.88,1,11,단독,11680
"340,000",2001,2018,202.9,역삼동,599.88,2,2,단독,11680
"427,400",1978,2018,464.2,역삼동,206.29,2,9,단독,11680
"524,500",1995,2018,180.1,역삼동,446.52,2,9,단독,11680
"442,000",2001,2018,330.7,역삼동,946.42,2,20,단독,11680
"303,000",1996,2018,261.8,역삼동,583.35,2,20,단독,11680
"355,000",1991,2018,264.5,개포동,780.02,2,9,단독,11680
"420,000",1992,2018,339,개포동,1107.83,2,10,단독,11680
"220,000",1994,2018,161.3,삼성동,318.93,2,12,다가구,11680
"415,611",1985,2018,319.8,삼성동,325.56,2,13,단독,11680
"857,193",1983,2018,542.3,삼성동,264.82,2,19,단독,11680
"62,000",1987,2018,106.86,신사동,148.01,2,7,단독,11680
"750,000",2003,2018,235.1,신사동,696.5,2,12,단독,11680
"530,000",1996,2018,260.7,신사동,578.5,2,12,다가구,11680
"770,000",1993,2018,373.9,신사동,994.5,2,13,단독,11680
"218,000",1988,2018,179.4,논현동,247.32,2,2,단독,11680
"390,000",1997,2018,414.8,논현동,322.76,2,5,단독,11680
"470,000",1979,2018,380.6,논현동,302.97,2,5,단독,11680
"317,000",1983,2018,197.5,논현동,386.64,2,13,단독,11680
"51,153",2017,2018,33.99,논현동,64.03,2,28,단독,11680
"191,000",1985,2018,317,세곡동,231.8,2,5,단독,11680
"200,000",1982,2018,334,세곡동,132,2,10,단독,11680
"337,000",2002,2018,328,수서동,298.95,2,8,단독,11680
"450,000",2004,2018,201.7,역삼동,600.14,3,5,단독,11680
"1,357,500",1994,2018,599.4,역삼동,657.6,3,9,다가구,11680
"800,000",1989,2018,348.4,역삼동,794.77,3,12,단독,11680
"205,000",1995,2018,185.9,역삼동,251.1,3,22,단독,11680
"664,100",1974,2018,577.8,역삼동,786.15,3,22,단독,11680
"168,000",1988,2018,169.1,개포동,247.5,3,20,단독,11680
"415,000",1997,2018,281.2,청담동,572.73,3,26,단독,11680
"465,000",1995,2018,282.6,청담동,622.22,3,28,다가구,11680
"360,000",2001,2018,293.3,삼성동,508.79,3,28,단독,11680
"1,110,000",1988,2018,342.2,대치동,830.76,3,16,단독,11680
"480,350",1985,2018,217.7,대치동,431.6,3,24,단독,11680
"480,350",1985,2018,217.7,대치동,432.84,3,24,단독,11680
"1,210,000",1992,2018,353.1,신사동,1326.96,3,20,단독,11680
"1,000,000",2006,2018,356.1,신사동,920.55,3,21,다가구,11680
"625,000",1992,2018,218.6,신사동,605.6,3,29,단독,11680
"450,000",1989,2018,251.1,논현동,736.96,3,6,다가구,11680
"638,500",2017,2018,256.8,논현동,818.33,3,10,다가구,11680
"152,000",1988,2018,176.7,논현동,247.8,3,13,단독,11680
"327,500",2001,2018,216.4,논현동,444.29,3,14,다가구,11680
"586,000",1985,2018,315,논현동,313.56,3,15,단독,11680
"305,000",1995,2018,207.6,논현동,456.24,3,21,단독,11680
"300,000",2001,2018,292,논현동,659.27,3,23,다가구,11680
"380,000",1989,2018,361.1,논현동,457.58,3,26,단독,11680
"210,000",1988,2018,176.3,논현동,240.33,3,29,단독,11680
"277,000",2004,2018,309,자곡동,198.8,3,31,단독,11680
"230,000",1987,2018,204.1,일원동,423,3,8,단독,11680
"167,000",1986,2018,205.6,일원동,247.49,3,21,단독,11680
"480,000",1994,2018,399.5,역삼동,352.44,4,18,단독,11680
"250,000",1993,2018,265.2,개포동,592.11,4,3,다가구,11680
"250,000",1997,2018,265,개포동,539.69,4,3,단독,11680
"1,265,000",1976,2018,510.5,청담동,666.54,4,6,단독,11680
"550,000",1991,2018,385.3,청담동,480.4,4,9,단독,11680
"730,000",1987,2018,343.8,대치동,836.7,4,14,단독,11680
"515,000",1996,2018,352.7,논현동,659.68,4,10,단독,11680
"260,000",1986,2018,229.4,일원동,327.84,4,26,단독,11680
"271,611",1988,2018,322,수서동,199.66,4,4,단독,11680
"300,000",1989,2018,319,수서동,198.6,4,17,단독,11680
"110,000",1991,2018,79,도곡동,127.82,4,28,다가구,11680
"110,000",1982,2018,157.8,역삼동,152.46,5,4,단독,11680
"749,000",1994,2018,271.3,역삼동,638.64,5,17,단독,11680
"445,000",1991,2018,163.6,역삼동,233.84,5,19,단독,11680
"344,000",1991,2018,188,청담동,275.32,5,8,단독,11680
"391,648",1984,2018,347.8,삼성동,242.37,5,9,단독,11680
"467,000",2000,2018,202,신사동,466.19,5,9,단독,11680
"540,000",1996,2018,303.2,신사동,655.44,5,25,다가구,11680
"427,000",1998,2018,202.1,신사동,471.12,5,31,단독,11680
"609,000",1989,2018,470.6,논현동,323.22,5,16,단독,11680
"450,000",1996,2018,266.5,논현동,533.16,5,31,단독,11680
"260,000",1981,2018,396,세곡동,124.2,5,10,단독,11680
"178,000",1985,2018,201.3,일원동,283.89,5,2,단독,11680
"170,000",1986,2018,197.9,일원동,292.11,5,29,단독,11680
"460,000",1985,2018,539.3,역삼동,322.07,6,5,단독,11680
"249,000",1997,2018,185.1,역삼동,401.25,6,6,단독,11680
"900,000",2011,2018,459.3,역삼동,1384.44,6,14,다가구,11680
"509,000",2000,2018,429.6,역삼동,654.42,6,14,단독,11680
"350,000",1983,2018,238.3,역삼동,277.36,6,15,단독,11680
"345,000",1992,2018,248.6,역삼동,286.45,6,25,단독,11680
"265,500",1994,2018,222.3,역삼동,468.4,6,26,단독,11680
"185,000",1995,2018,178.9,개포동,406.82,6,15,다가구,11680
"230,000",1985,2018,175.5,삼성동,246.24,6,4,단독,11680
"240,000",1994,2018,160.7,삼성동,318.93,6,8,다가구,11680
"520,000",1997,2018,279.5,대치동,641.86,6,1,다가구,11680
"475,000",1997,2018,294.2,대치동,531.65,6,2,다가구,11680
"300,000",1982,2018,194.1,대치동,230.78,6,15,단독,11680
"342,000",1986,2018,149.2,신사동,176.4,6,1,단독,11680
"1,410,000",1992,2018,192.1,신사동,593.17,6,4,다가구,11680
"230,000",2003,2018,89.2,신사동,125.64,6,16,단독,11680
"260,000",1990,2018,203.8,논현동,313.11,6,5,단독,11680
"270,000",1991,2018,209.3,논현동,399.9,6,12,단독,11680
"250,000",1990,2018,225.8,논현동,328.05,6,15,다가구,11680
"212,000",1980,2018,415,세곡동,98.3,6,8,단독,11680
"350,000",1982,2018,352.8,역삼동,292.69,7,2,단독,11680
"375,000",1993,2018,190.2,청담동,448.56,7,30,단독,11680
"230,000",1976,2018,120.5,삼성동,97.85,7,20,단독,11680
"390,000",1983,2018,224.6,대치동,335.25,7,20,단독,11680
"447,000",1989,2018,267.3,논현동,276.34,7,12,단독,11680
"390,000",1997,2018,231.5,논현동,506.02,7,16,단독,11680
"230,000",1995,2018,189.8,논현동,447.43,7,26,단독,11680
"275,000",1989,2018,298,자곡동,199.62,7,23,단독,11680
"173,500",1987,2018,198.2,일원동,249.57,7,19,다가구,11680
"460,000",1995,2018,330.9,역삼동,659.58,8,9,다가구,11680
"106,000",1991,2018,83.9,역삼동,106.56,8,27,단독,11680
"249,000",1992,2018,204.8,역삼동,479.64,8,30,단독,11680
"255,000",1988,2018,248,개포동,318.91,8,21,단독,11680
"477,700",1995,2018,272.3,청담동,653.58,8,3,다가구,11680
"120,000",1983,2018,64,삼성동,44.12,8,8,단독,11680
"450,000",1986,2018,198,삼성동,181.89,8,24,단독,11680
"160,000",1987,2018,139.1,삼성동,184.65,8,31,단독,11680
"201,000",1982,2018,294,세곡동,129.59,8,10,단독,11680
"310,000",1982,2018,397,세곡동,130.54,8,16,단독,11680
"240,000",1988,2018,318,자곡동,199.2,8,24,단독,11680
"270,000",1981,2018,294.94,자곡동,272.53,8,30,단독,11680
"200,000",1987,2018,203.8,일원동,249.84,8,4,단독,11680
"185,000",1987,2018,194.4,일원동,249.91,8,11,단독,11680
"280,000",1988,2018,231.7,일원동,462,8,20,다가구,11680
"176,000",1991,2018,195.2,일원동,249.84,8,22,단독,11680
"210,000",1991,2018,188.8,역삼동,357.54,9,1,다가구,11680
"477,000",1978,2018,319,역삼동,218.95,9,21,단독,11680
"272,000",1998,2018,128.7,청담동,247.15,9,21,단독,11680
"245,000",1995,2018,178,대치동,397.12,9,3,다가구,11680
"204,000",1997,2018,379.8,대치동,655.2,9,3,단독,11680
"1,250,000",2004,2018,388.4,신사동,1573.64,9,7,다가구,11680
"720,000",1990,2018,282.9,신사동,840.79,9,19,단독,11680
"440,000",1986,2018,232.9,신사동,279.06,9,29,단독,11680
"601,000",1978,2018,473.7,논현동,295.97,9,7,단독,11680
"419,000",2001,2018,314.4,논현동,649.14,9,7,다가구,11680
"180,000",1997,2018,162.4,논현동,363.56,9,11,다가구,11680
"586,000",1990,2018,323.1,논현동,882.89,9,14,단독,11680
"330,000",2015,2018,132.3,논현동,348.12,9,14,다가구,11680
"305,000",1993,2018,239.4,논현동,545.61,9,21,단독,11680
"285,000",1982,2018,399,세곡동,129.06,9,10,단독,11680
"190,000",1989,2018,307,자곡동,198.36,9,10,단독,11680
"257,000",1989,2018,309,율현동,199.98,9,6,단독,11680
"279,500",1994,2018,229.8,일원동,502.44,9,3,다가구,11680
"242,000",1986,2018,228.6,일원동,292.68,9,6,다가구,11680
"265,000",1983,2018,227.8,일원동,260.8,9,12,단독,11680
"530,000",1995,2018,333.1,역삼동,659.81,10,3,다가구,11680
"300,000",2018,2018,194,역삼동,225.63,10,30,다가구,11680
"370,000",1998,2018,196.3,청담동,374.97,10,13,다가구,11680
"620,000",1983,2018,288.8,삼성동,323.78,10,11,단독,11680
"300,000",1995,2018,199.3,대치동,419.3,10,9,다가구,11680
"580,000",1996,2018,303.2,신사동,655.44,10,22,다가구,11680
"540,000",1997,2018,272,논현동,707.73,10,1,다가구,11680
"125,000",2001,2018,112.45,논현동,424.04,10,8,단독,11680
"408,000",2000,2018,250.8,논현동,372.49,10,29,단독,11680
"260,000",2000,2018,408,세곡동,134.81,10,16,단독,11680
"200,000",1991,2018,200.8,일원동,307.8,10,3,단독,11680
"190,000",1985,2018,197.8,일원동,266.24,10,12,단독,11680
"557,000",2000,2018,234.4,역삼동,589.61,11,9,단독,11680
"310,000",2014,2018,251.1,개포동,579.13,11,13,단독,11680
"420,000",1995,2018,260.6,대치동,529.74,11,26,다가구,11680
"280,000",1989,2018,165.3,논현동,249.89,11,20,단독,11680
"275,000",2000,2018,316,율현동,392.02,11,14,다가구,11680
"480,000",2015,2018,454.2,역삼동,475.9,12,6,단독,11680
"443,098",1983,2018,333.8,삼성동,218.88,12,10,단독,11680
"810,000",1976,2018,344.5,신사동,200.96,12,7,단독,11680
"230,000",2000,2018,203.8,일원동,257.31,12,19,다가구,11680
"260,000",1986,2018,204.1,일원동,406.76,12,21,단독,11680
"182,000",1987,2018,198.4,일원동,244.4,12,30,단독,11680
"250,000",2018,2019,118.5,역삼동,264.81,1,22,단독,11680
"293,100",1989,2019,258.1,개포동,463.66,1,24,단독,11680
"755,000",1997,2019,315.9,대치동,854.02,1,10,단독,11680
"1,260,000",2003,2019,661,신사동,2936.53,1,25,단독,11680
"660,000",2006,2019,474.9,논현동,329.89,1,3,단독,11680
"700,000",1995,2019,333.5,논현동,1073.47,1,23,단독,11680
"690,000",1995,2019,237.8,역삼동,473.31,2,18,다가구,11680
"390,000",1978,2019,294.5,역삼동,227.76,2,26,단독,11680
"630,000",1990,2019,534.2,역삼동,539.32,2,28,단독,11680
"497,000",1999,2019,280.5,삼성동,941.99,2,14,다가구,11680
"559,000",1994,2019,355.7,논현동,658.78,2,22,다가구,11680
"259,000",1978,2019,214.2,논현동,205.98,2,27,단독,11680
"205,000",1982,2019,361,세곡동,193.32,2,18,단독,11680
"233,000",2000,2019,305,율현동,197.82,2,27,단독,11680
"209,000",1988,2019,189.3,일원동,249.78,2,2,다가구,11680
"234,000",1988,2019,203.8,일원동,276.38,2,21,단독,11680
"1,000,000",1994,2019,435.5,역삼동,648,3,4,다가구,11680
"350,000",1996,2019,288.2,역삼동,589.53,3,5,다가구,11680
"310,000",1996,2019,200.8,역삼동,477.08,3,6,다가구,11680
"353,000",1992,2019,259.3,개포동,922.29,3,14,단독,11680
"360,000",2000,2019,224.3,청담동,180.7,3,21,단독,11680
"1,574,711",1973,2019,702.8,청담동,319.51,3,27,단독,11680
"302,500",1975,2019,162.1,삼성동,167.23,3,21,단독,11680
"650,000",1977,2019,244.9,신사동,244.56,3,5,단독,11680
"480,000",1996,2019,280.8,논현동,634.64,3,11,다가구,11680
"290,000",2000,2019,184.1,논현동,428.37,3,13,다가구,11680
"264,000",1974,2019,300.6,논현동,174.41,3,14,단독,11680
"290,000",2001,2019,184.1,논현동,428.37,3,14,다가구,11680
"380,000",1978,2019,336.9,논현동,326.35,3,21,단독,11680
"283,000",1984,2019,136,논현동,169.2,3,28,단독,11680
"180,000",2003,2019,237.1,논현동,394.35,3,28,단독,11680
"165,000",1988,2019,175.5,개포동,247.65,4,2,단독,11680
"502,000",1997,2019,253.7,청담동,728.73,4,22,단독,11680
"560,000",2004,2019,228.4,논현동,703.16,4,8,단독,11680
"435,000",1996,2019,280.8,논현동,626.7,4,9,다가구,11680
"417,000",1992,2019,306.8,논현동,367.5,4,16,단독,11680
"220,000",1987,2019,186,논현동,383.68,4,19,단독,11680
"114,000",1973,2019,229.3,논현동,123.73,4,22,단독,11680
"289,000",1987,2019,320,자곡동,198.18,4,18,단독,11680
"180,000",1986,2019,192,일원동,225.18,4,18,단독,11680
"206,000",1986,2019,204,일원동,249.72,4,22,단독,11680
"505,000",1991,2019,393,역삼동,461.43,5,21,다가구,11680
"320,000",1999,2019,257.4,역삼동,320.15,5,24,단독,11680
"815,000",2018,2019,288.1,청담동,925.58,5,8,다가구,11680
"318,000",1987,2019,90.6,삼성동,185.79,5,2,단독,11680
"490,000",1991,2019,253.1,삼성동,501.76,5,2,다가구,11680
"835,000",1989,2019,468.6,신사동,546.32,5,30,단독,11680
"650,000",1982,2019,431.8,논현동,321.39,5,21,단독,11680
"300,000",1988,2019,297.7,일원동,324.35,5,10,다가구,11680
"200,000",1994,2019,230.2,일원동,375.09,5,13,다가구,11680
"193,000",1989,2019,192.8,일원동,249.05,5,17,단독,11680
"492,000",1994,2019,258.2,역삼동,603.1,6,24,다가구,11680
"196,000",1988,2019,161.7,역삼동,204.36,6,29,단독,11680
"270,000",1993,2019,217.5,개포동,722.5,6,28,단독,11680
"510,000",1973,2019,210.7,청담동,179.73,6,29,단독,11680
"328,000",1996,2019,196.3,삼성동,415.97,6,3,다가구,11680
"612,500",1978,2019,222.7,신사동,264.93,6,13,다가구,11680
"1,380,000",2003,2019,661,신사동,2936.53,6,17,다가구,11680
"238,000",2000,2019,227.1,논현동,544.04,6,5,다가구,11680
"290,000",1988,2019,324,수서동,195.83,6,21,단독,11680
"800,000",1975,2019,561.2,역삼동,219.74,7,3,단독,11680
"395,000",2000,2019,300,역삼동,782.49,7,5,다가구,11680
"425,500",1997,2019,341.9,역삼동,657.28,7,18,다가구,11680
"310,000",2004,2019,177.9,역삼동,424.16,7,23,단독,11680
"250,000",1995,2019,201.3,역삼동,440.02,7,31,다가구,11680
"220,000",1993,2019,183,개포동,428.94,7,25,단독,11680
"240,000",1995,2019,165.7,삼성동,341.13,7,6,다가구,11680
"398,000",2000,2019,192.9,대치동,434.89,7,27,단독,11680
"152,000",1996,2019,64.71,신사동,146.59,7,5,단독,11680
"610,000",1995,2019,260.7,신사동,556.57,7,10,다가구,11680
"510,000",1995,2019,264.8,논현동,779.95,7,16,단독,11680
"680,000",2002,2019,433,논현동,1160.14,7,23,다가구,11680
"240,000",1982,2019,335,세곡동,273.12,7,11,단독,11680
"240,000",1981,2019,347,세곡동,131.51,7,22,단독,11680
"230,000",1987,2019,286,율현동,196.92,7,8,단독,11680
"195,000",1990,2019,324,율현동,199.68,7,23,단독,11680
"175,000",1986,2019,192.5,일원동,256.64,7,10,단독,11680
"443,000",1977,2019,250.3,역삼동,191.6,8,2,단독,11680
"250,000",1991,2019,185.8,역삼동,199.98,8,30,다가구,11680
"585,000",1995,2019,247.6,신사동,655.28,8,14,단독,11680
"245,000",1977,2019,159,논현동,159.03,8,14,단독,11680
"840,000",1975,2019,360.2,논현동,162.91,8,14,단독,11680
"290,000",1992,2019,176.1,논현동,407.78,8,23,다가구,11680
"325,000",2017,2019,369,세곡동,433.38,8,13,다가구,11680
"320,000",1982,2019,374,세곡동,131.9,8,16,단독,11680
"258,000",1988,2019,330,자곡동,199.68,8,10,단독,11680
"164,000",1988,2019,177.7,일원동,249.86,8,1,단독,11680
"610,000",1986,2019,283.7,역삼동,551.24,9,1,단독,11680
"430,000",1996,2019,232.8,역삼동,389.79,9,6,다가구,11680
"357,000",1994,2019,253.5,역삼동,508.95,9,11,다가구,11680
"800,000",1976,2019,525.6,역삼동,182.61,9,17,단독,11680
"290,000",1996,2019,197.3,역삼동,417.42,9,21,다가구,11680
"410,000",1992,2019,312.5,역삼동,280.43,9,23,단독,11680
"596,000",1984,2019,266.5,삼성동,399.9,9,2,단독,11680
"550,000",1985,2019,379.6,삼성동,281.81,9,25,단독,11680
"305,000",1995,2019,180.3,삼성동,392.23,9,27,다가구,11680
"480,000",1995,2019,348.8,대치동,659.2,9,20,다가구,11680
"260,000",1997,2019,247.9,논현동,422.75,9,6,다가구,11680
"288,000",2017,2019,338,세곡동,424.08,9,6,다가구,11680
"127,000",1986,2019,139.44,일원동,434.44,9,17,다가구,11680
"198,000",1987,2019,194.5,일원동,248.25,9,26,다가구,11680
"270,000",1985,2019,180.3,역삼동,268.04,10,8,단독,11680
"422,000",1986,2019,366.9,역삼동,247.41,10,25,단독,11680
"310,000",1994,2019,225.1,개포동,696.18,10,2,단독,11680
"37,500",1988,2019,194.9,개포동,244.14,10,8,단독,11680
"685,000",1989,2019,289.6,청담동,494.44,10,7,다가구,11680
"373,000",1984,2019,176.1,삼성동,232.6,10,25,단독,11680
"375,000",1993,2019,229.5,논현동,496.82,10,4,다가구,11680
"845,000",1981,2019,640.9,논현동,316.83,10,8,단독,11680
"223,000",1997,2019,196.4,논현동,338.77,10,15,다가구,11680
"267,500",1977,2019,216.1,논현동,102.3,10,18,단독,11680
"295,000",2001,2019,265.9,논현동,534.5,10,23,다가구,11680
"1,038,538",1987,2019,426.4,논현동,800.42,10,30,단독,11680
"243,000",1989,2019,298,자곡동,199.76,10,3,단독,11680
"187,000",1987,2019,203.8,일원동,249.96,10,8,단독,11680
"190,000",1987,2019,193.5,일원동,249.93,10,8,단독,11680
"174,500",1987,2019,197.8,일원동,247.54,10,9,단독,11680
"190,000",1986,2019,195,일원동,249.6,10,10,단독,11680
"215,000",1986,2019,200.8,일원동,272.6,10,16,단독,11680
"184,000",1988,2019,200.9,일원동,248.01,10,22,단독,11680
"174,000",1988,2019,193.4,일원동,248.96,10,23,단독,11680
"186,000",1987,2019,194.6,일원동,292.22,10,25,다가구,11680
"310,000",1988,2019,249.7,일원동,316.38,10,30,단독,11680
"400,000",2000,2019,325.2,도곡동,849.68,10,18,단독,11680
"350,000",1991,2019,285.7,역삼동,272.7,11,8,다가구,11680
"332,000",1995,2019,226.9,역삼동,547.59,11,25,단독,11680
"325,000",1988,2019,149.4,청담동,213.24,11,20,단독,11680
"400,000",1998,2019,208.2,청담동,407.62,11,20,다가구,11680
"275,290",1985,2019,217.7,대치동,435.12,11,7,단독,11680
"300,000",2001,2019,191.1,대치동,341.7,11,19,다가구,11680
"650,000",1997,2019,314.9,신사동,635.49,11,19,다가구,11680
"280,000",1995,2019,163,신사동,345.57,11,22,다가구,11680
"473,000",1989,2019,228,신사동,346.21,11,28,단독,11680
"375,000",1991,2019,245,논현동,656.7,11,22,단독,11680
"144,000",1995,2019,189.6,논현동,463.11,11,22,다가구,11680
"257,000",1980,2019,351,세곡동,116.63,11,20,단독,11680
"277,750",1987,2019,204.1,일원동,423,11,4,단독,11680
"290,000",1983,2019,237,일원동,255.57,11,23,다가구,11680
"220,000",1994,2019,238.3,일원동,327.26,11,27,다가구,11680
"189,500",1986,2019,199,일원동,249.12,11,27,다가구,11680
"640,000",1978,2019,554.8,역삼동,315.48,12,3,단독,11680
"220,000",1978,2019,175.1,역삼동,195.27,12,5,단독,11680
"236,520",1990,2019,116.8,역삼동,1121.03,12,13,단독,11680
"290,000",1994,2019,222.3,역삼동,468.4,12,24,다가구,11680
"285,000",1978,2019,233.2,역삼동,211.47,12,27,단독,11680
"330,000",1992,2019,250.3,개포동,654.53,12,27,단독,11680
"430,000",1996,2019,253,대치동,539.64,12,2,다가구,11680
"129,712",1983,2019,107.2,대치동,163.79,12,16,단독,11680
"555,000",1996,2019,237.3,대치동,539.12,12,18,다가구,11680
"249,800",1996,2019,179.2,신사동,329.37,12,2,다가구,11680
"403,400",2019,2019,149.2,신사동,333.71,12,20,단독,11680
"168,000",1986,2019,62.28,신사동,157.6,12,26,단독,11680
"340,000",1996,2019,235.3,논현동,517.44,12,3,다가구,11680
"180,000",1978,2019,199,논현동,161.38,12,27,단독,11680
"397,060",1978,2019,271.75,논현동,255.08,12,30,단독,11680
"286,800",1981,2019,395,세곡동,124.2,12,9,단독,11680
"400,000",2014,2019,329,세곡동,658.44,12,20,다가구,11680
"241,000",1992,2019,312,자곡동,199.02,12,26,단독,11680
"240,000",1983,2019,233.6,일원동,263.7,12,2,단독,11680
"178,000",1986,2019,197.1,일원동,267.8,12,5,다가구,11680
"200,000",1987,2019,194.4,일원동,241.02,12,8,단독,11680
"205,000",1985,2019,200.7,일원동,290.37,12,18,다가구,11680
"250,000",1987,2019,202.2,일원동,249.38,12,20,다가구,11680
"400,000",1986,2019,235.3,도곡동,481.55,12,24,다가구,11680
