,gu,date,공공_정원,공공_현원,공공_정원율
0,강남구,2016-09,4565,4163,0.9119386637458926
1,강남구,2016-10,4486,4142,0.9233169861792243
2,강남구,2016-11,4486,4144,0.9237628176549264
3,강남구,2016-12,4486,4146,0.9242086491306286
4,강남구,2017-01,4486,4115,0.9172982612572448
5,강남구,2017-02,4486,2807,0.6257244761480161
6,강남구,2017-03,4486,4112,0.9166295140436915
7,강남구,2017-04,4486,4118,0.917967008470798
8,강남구,2017-05,4486,4104,0.9148461881408827
9,강남구,2017-06,4486,4117,0.917744092732947
10,강남구,2017-07,4486,4113,0.9168524297815426
11,강남구,2017-08,4486,4122,0.9188586714222025
12,강남구,2017-09,4486,4122,0.9188586714222025
13,강남구,2017-10,4486,4110,0.9161836825679893
14,강남구,2017-11,4486,4109,0.9159607668301382
15,강남구,2017-12,4486,4095,0.9128399465002229
16,강남구,2018-01,4554,4059,0.8913043478260869
17,강남구,2018-02,4554,2667,0.5856389986824769
18,강남구,2018-03,4554,4104,0.9011857707509882
19,강남구,2018-04,4554,4090,0.8981115502854633
20,강남구,2018-05,4554,4092,0.8985507246376812
21,강남구,2018-06,4554,4088,0.8976723759332454
22,강남구,2018-07,4554,4068,0.8932806324110671
23,강남구,2018-08,4554,4058,0.891084760649978
24,강남구,2018-09,4554,4067,0.8930610452349583
25,강남구,2018-10,4554,4046,0.8884497145366711
26,강남구,2018-11,4554,4038,0.8866930171277997
27,강남구,2018-12,4555,4018,0.8821075740944018
28,강남구,2019-01,4638,4007,0.8639499784389824
29,강남구,2019-02,4661,2549,0.5468783522849174
30,강남구,2019-03,4803,4076,0.8486362689985426
31,강남구,2019-04,4803,4100,0.8536331459504476
32,강남구,2019-05,4803,4194,0.8732042473454091
33,강남구,2019-06,4803,4210,0.8765354986466791
34,강남구,2019-07,4803,4194,0.8732042473454091
35,강남구,2019-08,4784,4183,0.8743729096989966
36,강남구,2019-09,4784,4183,0.8743729096989966
37,강남구,2019-10,4872,4192,0.8604269293924466
38,강남구,2019-11,4872,4188,0.8596059113300493
39,강남구,2019-12,4868,4198,0.862366474938373
40,강남구,2020-01,4835,4173,0.863081695966908
41,강남구,2020-02,4835,4161,0.8605997931747673
42,강남구,2020-03,4849,4085,0.8424417405650649
43,강남구,2020-04,4849,4096,0.8447102495359868
44,강남구,2020-05,4830,4103,0.8494824016563147
45,강남구,2020-06,4786,4089,0.8543669034684497
46,강남구,2020-07,4771,4091,0.8574722280444351
47,강남구,2020-08,4771,4072,0.8534898344162649
48,강동구,2016-09,3084,2813,0.9121271076523995
49,강동구,2016-10,3104,2834,0.9130154639175257
50,강동구,2016-11,3192,2843,0.8906641604010025
51,강동구,2016-12,3313,2841,0.85753093872623
52,강동구,2017-01,3347,2837,0.8476247385718554
53,강동구,2017-02,3389,1942,0.5730303924461493
54,강동구,2017-03,3404,3169,0.9309635722679201
55,강동구,2017-04,3404,3200,0.9400705052878966
56,강동구,2017-05,3404,3187,0.9362514688601645
57,강동구,2017-06,3428,3185,0.9291131855309218
58,강동구,2017-07,3498,3197,0.9139508290451687
59,강동구,2017-08,3498,3176,0.9079473985134362
60,강동구,2017-09,3491,3254,0.932111142938986
61,강동구,2017-10,3491,3244,0.9292466342022343
62,강동구,2017-11,3491,3254,0.932111142938986
63,강동구,2017-12,3550,3251,0.915774647887324
64,강동구,2018-01,3630,3237,0.8917355371900827
65,강동구,2018-02,3670,2177,0.5931880108991826
66,강동구,2018-03,3799,3541,0.9320873914187944
67,강동구,2018-04,3789,3542,0.9348112958564265
68,강동구,2018-05,3789,3544,0.9353391396146741
69,강동구,2018-06,3789,3546,0.9358669833729216
70,강동구,2018-07,3854,3574,0.9273482096523092
71,강동구,2018-08,3849,3563,0.9256949857105742
72,강동구,2018-09,3849,3560,0.924915562483762
73,강동구,2018-10,3845,3572,0.928998699609883
74,강동구,2018-11,3891,3573,0.9182729375481882
75,강동구,2018-12,3934,3566,0.9064565327910523
76,강동구,2019-01,3934,3549,0.902135231316726
77,강동구,2019-02,3978,2359,0.5930115635997989
78,강동구,2019-03,3980,3706,0.9311557788944723
79,강동구,2019-04,3971,3720,0.9367917401158399
80,강동구,2019-05,3971,3721,0.9370435658524301
81,강동구,2019-06,3971,3725,0.9380508687987912
82,강동구,2019-07,4066,3720,0.9149040826364978
83,강동구,2019-08,4066,3709,0.91219872110182
84,강동구,2019-09,4043,3779,0.9347019539945585
85,강동구,2019-10,4247,3782,0.8905109489051095
86,강동구,2019-11,4248,3788,0.891713747645951
87,강동구,2019-12,4248,3944,0.928436911487759
88,강동구,2020-01,4468,3943,0.8824977618621307
89,강동구,2020-02,4443,3941,0.8870132793157777
90,강동구,2020-03,4572,4175,0.913167104111986
91,강동구,2020-04,4569,4187,0.9163930838257824
92,강동구,2020-05,4573,4313,0.9431445440629783
93,강동구,2020-06,4603,4306,0.9354768629154899
94,강동구,2020-07,4651,4323,0.92947753171361
95,강동구,2020-08,4651,4317,0.9281874865620297
96,강북구,2016-09,1896,1779,0.9382911392405063
97,강북구,2016-10,1896,1776,0.9367088607594937
98,강북구,2016-11,1916,1797,0.9378914405010439
99,강북구,2016-12,1951,1795,0.920041004613019
100,강북구,2017-01,1971,1812,0.9193302891933028
101,강북구,2017-02,1971,1211,0.6144089294774226
102,강북구,2017-03,2188,1999,0.9136197440585009
103,강북구,2017-04,2228,2045,0.9178635547576302
104,강북구,2017-05,2228,2050,0.9201077199281867
105,강북구,2017-06,2228,2045,0.9178635547576302
106,강북구,2017-07,2228,2049,0.9196588868940754
107,강북구,2017-08,2228,2051,0.920556552962298
108,강북구,2017-09,2228,2055,0.9223518850987432
109,강북구,2017-10,2228,2052,0.9210053859964094
110,강북구,2017-11,2229,2050,0.9196949304620906
111,강북구,2017-12,2229,2058,0.9232839838492598
112,강북구,2018-01,2267,2030,0.8954565505072783
113,강북구,2018-02,2267,1341,0.5915306572562858
114,강북구,2018-03,2414,2141,0.8869096934548467
115,강북구,2018-04,2415,2159,0.8939958592132505
116,강북구,2018-05,2415,2152,0.8910973084886128
117,강북구,2018-06,2415,2159,0.8939958592132505
118,강북구,2018-07,2415,2161,0.894824016563147
119,강북구,2018-08,2415,2152,0.8910973084886128
120,강북구,2018-09,2435,2189,0.8989733059548255
121,강북구,2018-10,2435,2181,0.895687885010267
122,강북구,2018-11,2439,2181,0.8942189421894219
123,강북구,2018-12,2439,2181,0.8942189421894219
124,강북구,2019-01,2439,2184,0.8954489544895449
125,강북구,2019-02,2439,1433,0.5875358753587536
126,강북구,2019-03,2715,2340,0.861878453038674
127,강북구,2019-04,2705,2360,0.8724584103512015
128,강북구,2019-05,2705,2380,0.8798521256931608
129,강북구,2019-06,2705,2390,0.8835489833641405
130,강북구,2019-07,2705,2404,0.888724584103512
131,강북구,2019-08,2705,2409,0.8905730129390018
132,강북구,2019-09,2705,2426,0.8968576709796673
133,강북구,2019-10,2705,2431,0.8987060998151571
134,강북구,2019-11,2705,2433,0.899445471349353
135,강북구,2019-12,2700,2418,0.8955555555555555
136,강북구,2020-01,2700,2406,0.8911111111111111
137,강북구,2020-02,2725,2392,0.8777981651376147
138,강북구,2020-03,2770,2304,0.8317689530685921
139,강북구,2020-04,2766,2295,0.8297180043383948
140,강북구,2020-05,2766,2314,0.836587129428778
141,강북구,2020-06,2766,2319,0.8383947939262473
142,강북구,2020-07,2766,2338,0.8452639190166306
143,강북구,2020-08,2766,2338,0.8452639190166306
144,강서구,2016-09,3827,3512,0.9176900966814737
145,강서구,2016-10,3827,3518,0.9192579043637313
146,강서구,2016-11,4045,3510,0.8677379480840544
147,강서구,2016-12,4045,3508,0.8672435105067985
148,강서구,2017-01,4045,3637,0.8991347342398023
149,강서구,2017-02,4045,2533,0.6262051915945612
150,강서구,2017-03,4136,3831,0.9262572533849129
151,강서구,2017-04,4136,3840,0.9284332688588007
152,강서구,2017-05,4136,3831,0.9262572533849129
153,강서구,2017-06,4136,3833,0.9267408123791102
154,강서구,2017-07,4136,3825,0.9248065764023211
155,강서구,2017-08,4130,3816,0.9239709443099273
156,강서구,2017-09,4130,3828,0.9268765133171912
157,강서구,2017-10,4130,3819,0.9246973365617434
158,강서구,2017-11,4130,3824,0.92590799031477
159,강서구,2017-12,4250,3912,0.9204705882352942
160,강서구,2018-01,4250,3886,0.9143529411764706
161,강서구,2018-02,4250,2624,0.6174117647058823
162,강서구,2018-03,4330,4005,0.9249422632794457
163,강서구,2018-04,4330,3999,0.9235565819861432
164,강서구,2018-05,4330,3995,0.9226327944572749
165,강서구,2018-06,4330,4001,0.9240184757505774
166,강서구,2018-07,4330,3990,0.9214780600461894
167,강서구,2018-08,4330,3971,0.9170900692840647
168,강서구,2018-09,4330,3984,0.9200923787528869
169,강서구,2018-10,4330,3968,0.9163972286374134
170,강서구,2018-11,4330,3965,0.9157043879907621
171,강서구,2018-12,4330,3952,0.91270207852194
172,강서구,2019-01,4330,3946,0.9113163972286374
173,강서구,2019-02,4330,2615,0.6039260969976905
174,강서구,2019-03,4692,4187,0.8923699914748509
175,강서구,2019-04,4674,4189,0.8962344886606761
176,강서구,2019-05,4674,4202,0.8990158322635858
177,강서구,2019-06,4674,4213,0.9013692768506633
178,강서구,2019-07,4674,4194,0.8973042362002568
179,강서구,2019-08,4739,4174,0.8807765351339946
180,강서구,2019-09,4739,4228,0.8921713441654358
181,강서구,2019-10,4739,4224,0.8913272842371809
182,강서구,2019-11,4739,4224,0.8913272842371809
183,강서구,2019-12,4739,4196,0.8854188647393965
184,강서구,2020-01,4787,4181,0.8734071443492794
185,강서구,2020-02,4857,4179,0.8604076590487956
186,강서구,2020-03,5142,4339,0.8438350836250487
187,강서구,2020-04,5142,4496,0.8743679502139245
188,강서구,2020-05,5114,4524,0.8846304262807978
189,강서구,2020-06,5114,4501,0.8801329683222526
190,강서구,2020-07,5114,4499,0.8797418850215096
191,강서구,2020-08,5099,4487,0.8799764659737204
192,관악구,2016-09,3516,3201,0.9104095563139932
193,관악구,2016-10,3516,3203,0.9109783845278726
194,관악구,2016-11,3516,3204,0.9112627986348123
195,관악구,2016-12,3615,3201,0.8854771784232365
196,관악구,2017-01,3910,3182,0.8138107416879795
197,관악구,2017-02,3967,2229,0.561885555835644
198,관악구,2017-03,4038,3705,0.9175334323922734
199,관악구,2017-04,4038,3716,0.9202575532441802
200,관악구,2017-05,4038,3705,0.9175334323922734
201,관악구,2017-06,4038,3696,0.9153046062407132
202,관악구,2017-07,4038,3709,0.9185240217929668
203,관악구,2017-08,4038,3695,0.9150569588905398
204,관악구,2017-09,4038,3698,0.9157999009410599
205,관악구,2017-10,4038,3690,0.9138187221396731
206,관악구,2017-11,4067,3722,0.9151708876321613
207,관악구,2017-12,4067,3732,0.917629702483403
208,관악구,2018-01,4158,3720,0.8946608946608947
209,관악구,2018-02,4237,2559,0.6039650696247345
210,관악구,2018-03,4295,3809,0.8868451688009313
211,관악구,2018-04,4295,3855,0.8975552968568102
212,관악구,2018-05,4295,3858,0.8982537834691502
213,관악구,2018-06,4295,3855,0.8975552968568102
214,관악구,2018-07,4295,3847,0.8956926658905704
215,관악구,2018-08,4295,3835,0.8928987194412107
216,관악구,2018-09,4295,3837,0.8933643771827706
217,관악구,2018-10,4295,3830,0.8917345750873108
218,관악구,2018-11,4295,3820,0.889406286379511
219,관악구,2018-12,4344,3806,0.8761510128913443
220,관악구,2019-01,4344,3808,0.8766114180478821
221,관악구,2019-02,4344,2722,0.6266114180478821
222,관악구,2019-03,4478,4018,0.8972755694506476
223,관악구,2019-04,4479,4016,0.8966287117660192
224,관악구,2019-05,4479,4014,0.8961821835231079
225,관악구,2019-06,4479,4012,0.8957356552801965
226,관악구,2019-07,4644,4004,0.8621877691645133
227,관악구,2019-08,4644,4000,0.8613264427217916
228,관악구,2019-09,4644,4128,0.8888888888888888
229,관악구,2019-10,4644,4120,0.8871662360034454
230,관악구,2019-11,4644,4113,0.8856589147286822
231,관악구,2019-12,4644,4094,0.8815676141257537
232,관악구,2020-01,4644,4078,0.8781223083548665
233,관악구,2020-02,4644,4064,0.8751076658053403
234,관악구,2020-03,4644,4043,0.8705857019810508
235,관악구,2020-04,4644,4052,0.8725236864771748
236,관악구,2020-05,4644,4076,0.8776916451335056
237,관악구,2020-06,4740,4064,0.8573839662447258
238,관악구,2020-07,4762,4089,0.8586728265434691
239,관악구,2020-08,4762,4097,0.8603527929441411
240,광진구,2016-09,2095,1934,0.9231503579952267
241,광진구,2016-10,2214,1933,0.8730803974706414
242,광진구,2016-11,2214,1926,0.8699186991869918
243,광진구,2016-12,2214,1930,0.8717253839205059
244,광진구,2017-01,2214,1920,0.8672086720867209
245,광진구,2017-02,2214,1316,0.5943992773261066
246,광진구,2017-03,2254,2026,0.8988464951197871
247,광진구,2017-04,2254,2034,0.9023957409050577
248,광진구,2017-05,2254,2034,0.9023957409050577
249,광진구,2017-06,2254,2025,0.8984028393966282
250,광진구,2017-07,2303,2034,0.883195831524099
251,광진구,2017-08,2303,2024,0.8788536691272254
252,광진구,2017-09,2303,2068,0.8979591836734694
253,광진구,2017-10,2303,2072,0.8996960486322189
254,광진구,2017-11,2303,2071,0.8992618323925314
255,광진구,2017-12,2343,2092,0.8928723858301323
256,광진구,2018-01,2366,2101,0.8879966187658496
257,광진구,2018-02,2390,1521,0.6364016736401673
258,광진구,2018-03,2402,2171,0.9038301415487094
259,광진구,2018-04,2372,2171,0.9152613827993255
260,광진구,2018-05,2372,2165,0.9127318718381113
261,광진구,2018-06,2372,2157,0.9093591905564924
262,광진구,2018-07,2502,2164,0.864908073541167
263,광진구,2018-08,2575,2147,0.8337864077669903
264,광진구,2018-09,2595,2240,0.8631984585741811
265,광진구,2018-10,2595,2285,0.8805394990366089
266,광진구,2018-11,2595,2279,0.8782273603082852
267,광진구,2018-12,2615,2303,0.8806883365200765
268,광진구,2019-01,2615,2301,0.8799235181644359
269,광진구,2019-02,2615,1620,0.6195028680688337
270,광진구,2019-03,2763,2501,0.9051755338400289
271,광진구,2019-04,2764,2501,0.9048480463096961
272,광진구,2019-05,2764,2504,0.9059334298118669
273,광진구,2019-06,2764,2519,0.9113603473227206
274,광진구,2019-07,2764,2516,0.91027496382055
275,광진구,2019-08,2764,2522,0.9124457308248914
276,광진구,2019-09,2764,2516,0.91027496382055
277,광진구,2019-10,2764,2512,0.9088277858176556
278,광진구,2019-11,2764,2518,0.9109985528219972
279,광진구,2019-12,2764,2510,0.9081041968162084
280,광진구,2020-01,2764,2511,0.908465991316932
281,광진구,2020-02,2764,2491,0.9012301013024602
282,광진구,2020-03,2806,2525,0.8998574483250178
283,광진구,2020-04,2855,2581,0.9040280210157619
284,광진구,2020-05,2855,2572,0.9008756567425569
285,광진구,2020-06,2855,2568,0.8994746059544658
286,광진구,2020-07,2855,2560,0.8966725043782837
287,광진구,2020-08,2855,2559,0.896322241681261
288,구로구,2016-09,3433,3255,0.9481503058549374
289,구로구,2016-10,3433,3251,0.9469851441887562
290,구로구,2016-11,3524,3252,0.9228149829738933
291,구로구,2016-12,3524,3257,0.924233825198638
292,구로구,2017-01,3584,3293,0.9188058035714286
293,구로구,2017-02,3584,2220,0.6194196428571429
294,구로구,2017-03,3664,3444,0.9399563318777293
295,구로구,2017-04,3664,3460,0.9443231441048034
296,구로구,2017-05,3664,3467,0.9462336244541485
297,구로구,2017-06,3664,3462,0.9448689956331878
298,구로구,2017-07,3664,3462,0.9448689956331878
299,구로구,2017-08,3664,3455,0.9429585152838428
300,구로구,2017-09,3721,3524,0.9470572426766998
301,구로구,2017-10,3723,3529,0.9478914853612678
302,구로구,2017-11,3723,3530,0.9481600859521891
303,구로구,2017-12,3723,3523,0.94627988181574
304,구로구,2018-01,3782,3502,0.925965097831835
305,구로구,2018-02,3772,2298,0.6092258748674443
306,구로구,2018-03,3936,3693,0.9382621951219512
307,구로구,2018-04,3938,3703,0.9403250380904012
308,구로구,2018-05,3938,3712,0.9426104621635348
309,구로구,2018-06,3938,3701,0.9398171660741493
310,구로구,2018-07,3938,3696,0.9385474860335196
311,구로구,2018-08,3935,3681,0.9354510800508259
312,구로구,2018-09,3955,3710,0.9380530973451328
313,구로구,2018-10,3955,3702,0.9360303413400759
314,구로구,2018-11,3955,3706,0.9370417193426043
315,구로구,2018-12,4045,3697,0.9139678615574783
316,구로구,2019-01,4087,3681,0.9006606312698802
317,구로구,2019-02,4087,2466,0.6033765598238316
318,구로구,2019-03,4215,3891,0.9231316725978648
319,구로구,2019-04,4257,3930,0.923185341789993
320,구로구,2019-05,4356,3924,0.9008264462809917
321,구로구,2019-06,4382,3968,0.9055225924235509
322,구로구,2019-07,4382,4062,0.9269739844819717
323,구로구,2019-08,4597,4138,0.9001522732216664
324,구로구,2019-09,4597,4229,0.9199477920382858
325,구로구,2019-10,4597,4257,0.926038720904938
326,구로구,2019-11,4597,4265,0.92777898629541
327,구로구,2019-12,4597,4237,0.9216880574287579
328,구로구,2020-01,4626,4186,0.904885430177259
329,구로구,2020-02,4697,4157,0.8850329997870982
330,구로구,2020-03,4663,4239,0.9090714132532705
331,구로구,2020-04,4683,4245,0.9064702114029468
332,구로구,2020-05,4683,4280,0.9139440529575059
333,구로구,2020-06,4709,4294,0.9118708855383308
334,구로구,2020-07,4848,4298,0.8865511551155115
335,구로구,2020-08,4885,4312,0.8827021494370522
336,금천구,2016-09,2259,1973,0.8733953076582559
337,금천구,2016-10,2259,1974,0.8738379814077025
338,금천구,2016-11,2259,1969,0.8716246126604692
339,금천구,2016-12,2381,2077,0.8723225535489291
340,금천구,2017-01,2381,2134,0.8962620747585048
341,금천구,2017-02,2427,1499,0.6176349402554594
342,금천구,2017-03,2444,2155,0.8817512274959084
343,금천구,2017-04,2515,2225,0.8846918489065606
344,금천구,2017-05,2515,2249,0.894234592445328
345,금천구,2017-06,2515,2268,0.9017892644135189
346,금천구,2017-07,2515,2275,0.904572564612326
347,금천구,2017-08,2515,2271,0.9029821073558648
348,금천구,2017-09,2515,2278,0.9057654075546719
349,금천구,2017-10,2515,2275,0.904572564612326
350,금천구,2017-11,2515,2274,0.9041749502982107
351,금천구,2017-12,2515,2278,0.9057654075546719
352,금천구,2018-01,2515,2271,0.9029821073558648
353,금천구,2018-02,2515,1606,0.6385685884691849
354,금천구,2018-03,2645,2321,0.8775047258979206
355,금천구,2018-04,2645,2331,0.8812854442344046
356,금천구,2018-05,2645,2328,0.8801512287334594
357,금천구,2018-06,2665,2352,0.8825515947467167
358,금천구,2018-07,2661,2357,0.8857572341225103
359,금천구,2018-08,2661,2359,0.8865088312664412
360,금천구,2018-09,2661,2380,0.8944006012777151
361,금천구,2018-10,2661,2359,0.8865088312664412
362,금천구,2018-11,2641,2336,0.8845134418780765
363,금천구,2018-12,2661,2357,0.8857572341225103
364,금천구,2019-01,2661,2361,0.887260428410372
365,금천구,2019-02,2661,1577,0.5926343479894777
366,금천구,2019-03,2820,2434,0.8631205673758865
367,금천구,2019-04,2820,2440,0.8652482269503546
368,금천구,2019-05,2820,2458,0.8716312056737588
369,금천구,2019-06,2820,2468,0.875177304964539
370,금천구,2019-07,2820,2448,0.8680851063829788
371,금천구,2019-08,2820,2453,0.8698581560283688
372,금천구,2019-09,2820,2455,0.8705673758865248
373,금천구,2019-10,2882,2506,0.8695350451075642
374,금천구,2019-11,2882,2471,0.8573907009021513
375,금천구,2019-12,2944,2551,0.8665081521739131
376,금천구,2020-01,2944,2541,0.8631114130434783
377,금천구,2020-02,2937,2523,0.8590398365679265
378,금천구,2020-03,2937,2428,0.8266939053455907
379,금천구,2020-04,2928,2413,0.8241120218579235
380,금천구,2020-05,2928,2433,0.8309426229508197
381,금천구,2020-06,2908,2429,0.8352819807427786
382,금천구,2020-07,2908,2427,0.8345942228335625
383,금천구,2020-08,2915,2427,0.8325900514579759
384,노원구,2016-09,3535,3290,0.9306930693069307
385,노원구,2016-10,3535,3296,0.9323903818953324
386,노원구,2016-11,3535,3290,0.9306930693069307
387,노원구,2016-12,3575,3289,0.92
388,노원구,2017-01,3575,3249,0.9088111888111888
389,노원구,2017-02,3572,2198,0.6153415453527435
390,노원구,2017-03,3814,3506,0.9192448872574724
391,노원구,2017-04,3814,3516,0.9218668065023597
392,노원구,2017-05,3844,3511,0.9133714880332986
393,노원구,2017-06,3784,3499,0.9246828752642706
394,노원구,2017-07,3784,3515,0.9289112050739958
395,노원구,2017-08,3784,3515,0.9289112050739958
396,노원구,2017-09,3784,3542,0.936046511627907
397,노원구,2017-10,3786,3538,0.9344955097728473
398,노원구,2017-11,3786,3534,0.9334389857369255
399,노원구,2017-12,3806,3525,0.9261692065160273
400,노원구,2018-01,3806,3530,0.9274829217025748
401,노원구,2018-02,3806,2345,0.616132422490804
402,노원구,2018-03,4145,3789,0.9141133896260555
403,노원구,2018-04,4145,3768,0.9090470446320869
404,노원구,2018-05,4145,3782,0.9124246079613992
405,노원구,2018-06,4145,3784,0.912907117008444
406,노원구,2018-07,4145,3772,0.9100120627261761
407,노원구,2018-08,4145,3764,0.9080820265379976
408,노원구,2018-09,4376,3981,0.9097349177330896
409,노원구,2018-10,4376,3981,0.9097349177330896
410,노원구,2018-11,4376,3988,0.9113345521023766
411,노원구,2018-12,4376,3977,0.9088208409506399
412,노원구,2019-01,4376,3975,0.908363802559415
413,노원구,2019-02,4376,2635,0.6021480804387569
414,노원구,2019-03,4721,4278,0.9061639483160348
415,노원구,2019-04,4721,4256,0.9015039186613005
416,노원구,2019-05,4721,4258,0.9019275577208219
417,노원구,2019-06,4721,4256,0.9015039186613005
418,노원구,2019-07,4721,4252,0.900656640542258
419,노원구,2019-08,4721,4262,0.9027748358398644
420,노원구,2019-09,4721,4285,0.9076466850243593
421,노원구,2019-10,4721,4278,0.9061639483160348
422,노원구,2019-11,4721,4295,0.9097648803219657
423,노원구,2019-12,4837,4285,0.885879677486045
424,노원구,2020-01,4837,4277,0.8842257597684515
425,노원구,2020-02,4837,4260,0.8807111846185652
426,노원구,2020-03,4841,4153,0.8578806031811609
427,노원구,2020-04,4841,4156,0.8585003098533361
428,노원구,2020-05,4821,4193,0.8697365691765194
429,노원구,2020-06,4821,4190,0.8691142916407384
430,노원구,2020-07,4821,4206,0.8724331051649036
431,노원구,2020-08,4821,4186,0.8682845882596971
432,도봉구,2016-09,1907,1851,0.9706345044572627
433,도봉구,2016-10,1907,1851,0.9706345044572627
434,도봉구,2016-11,1907,1845,0.967488201363398
435,도봉구,2016-12,1946,1844,0.947584789311408
436,도봉구,2017-01,1946,1835,0.9429599177800617
437,도봉구,2017-02,1946,1229,0.631551901336074
438,도봉구,2017-03,2100,1982,0.9438095238095238
439,도봉구,2017-04,2100,1993,0.949047619047619
440,도봉구,2017-05,2100,2004,0.9542857142857143
441,도봉구,2017-06,2167,2012,0.9284725426857406
442,도봉구,2017-07,2167,2008,0.9266266728195662
443,도봉구,2017-08,2167,1993,0.9197046608214121
444,도봉구,2017-09,2167,2039,0.9409321642824181
445,도봉구,2017-10,2167,2042,0.9423165666820489
446,도봉구,2017-11,2167,2046,0.9441624365482234
447,도봉구,2017-12,2167,2044,0.9432395016151361
448,도봉구,2018-01,2167,2039,0.9409321642824181
449,도봉구,2018-02,2167,1383,0.6382095062298108
450,도봉구,2018-03,2311,2129,0.9212462137602769
451,도봉구,2018-04,2311,2136,0.9242752055387278
452,도봉구,2018-05,2311,2142,0.9268714842059714
453,도봉구,2018-06,2311,2161,0.9350930333189096
454,도봉구,2018-07,2311,2156,0.9329294677628732
455,도봉구,2018-08,2311,2158,0.9337948939852877
456,도봉구,2018-09,2311,2174,0.9407183037646041
457,도봉구,2018-10,2311,2173,0.9402855906533968
458,도봉구,2018-11,2311,2167,0.9376893119861531
459,도봉구,2018-12,2311,2171,0.9394201644309823
460,도봉구,2019-01,2334,2169,0.929305912596401
461,도봉구,2019-02,2617,1468,0.5609476499808942
462,도봉구,2019-03,2797,2515,0.8991776903825527
463,도봉구,2019-04,2797,2525,0.9027529495888452
464,도봉구,2019-05,2797,2525,0.9027529495888452
465,도봉구,2019-06,2797,2545,0.9099034680014301
466,도봉구,2019-07,2797,2552,0.9124061494458349
467,도봉구,2019-08,2797,2552,0.9124061494458349
468,도봉구,2019-09,2797,2556,0.9138362531283518
469,도봉구,2019-10,2797,2559,0.9149088308902396
470,도봉구,2019-11,2797,2576,0.9209867715409367
471,도봉구,2019-12,2797,2573,0.9199141937790489
472,도봉구,2020-01,2797,2558,0.9145513049696103
473,도봉구,2020-02,2797,2557,0.914193779048981
474,도봉구,2020-03,2777,2370,0.8534389629096147
475,도봉구,2020-04,2777,2366,0.851998559596687
476,도봉구,2020-05,2777,2387,0.8595606769895571
477,도봉구,2020-06,2777,2387,0.8595606769895571
478,도봉구,2020-07,2777,2414,0.8692833993518185
479,도봉구,2020-08,2777,2422,0.8721642059776737
480,동대문구,2016-09,2889,2621,0.9072343371408792
481,동대문구,2016-10,2889,2617,0.9058497750086535
482,동대문구,2016-11,2889,2610,0.9034267912772586
483,동대문구,2016-12,2969,2602,0.8763893566857528
484,동대문구,2017-01,2969,2586,0.871000336813742
485,동대문구,2017-02,2969,1729,0.5823509599191647
486,동대문구,2017-03,3008,2659,0.8839760638297872
487,동대문구,2017-04,3008,2673,0.8886303191489362
488,동대문구,2017-05,3008,2674,0.8889627659574468
489,동대문구,2017-06,3008,2680,0.8909574468085106
490,동대문구,2017-07,3068,2685,0.8751629726205997
491,동대문구,2017-08,3068,2678,0.8728813559322034
492,동대문구,2017-09,3104,2745,0.8843427835051546
493,동대문구,2017-10,3104,2758,0.8885309278350515
494,동대문구,2017-11,3104,2763,0.8901417525773195
495,동대문구,2017-12,3104,2759,0.8888530927835051
496,동대문구,2018-01,3104,2754,0.8872422680412371
497,동대문구,2018-02,3203,1907,0.5953793318763659
498,동대문구,2018-03,3419,3030,0.8862240421175782
499,동대문구,2018-04,3451,3082,0.8930744711677775
500,동대문구,2018-05,3461,3099,0.8954059520369835
501,동대문구,2018-06,3514,3164,0.900398406374502
502,동대문구,2018-07,3514,3179,0.9046670461013091
503,동대문구,2018-08,3587,3171,0.8840256481739616
504,동대문구,2018-09,3683,3238,0.8791745859353788
505,동대문구,2018-10,3703,3245,0.8763165001350256
506,동대문구,2018-11,3703,3307,0.8930596813394545
507,동대문구,2018-12,3703,3293,0.8892789630029706
508,동대문구,2019-01,3733,3293,0.8821323332440396
509,동대문구,2019-02,3733,2202,0.5898740959014198
510,동대문구,2019-03,3719,3244,0.8722774939499865
511,동대문구,2019-04,3703,3252,0.8782068593032676
512,동대문구,2019-05,3733,3254,0.8716849718724886
513,동대문구,2019-06,3689,3251,0.8812686364868528
514,동대문구,2019-07,3655,3246,0.8880984952120383
515,동대문구,2019-08,3655,3248,0.8886456908344733
516,동대문구,2019-09,3650,3251,0.8906849315068494
517,동대문구,2019-10,3676,3242,0.8819368879216539
518,동대문구,2019-11,3676,3256,0.8857453754080522
519,동대문구,2019-12,3676,3260,0.8868335146898803
520,동대문구,2020-01,3676,3250,0.8841131664853101
521,동대문구,2020-02,3658,3222,0.8808091853471842
522,동대문구,2020-03,3629,3129,0.8622209975199779
523,동대문구,2020-04,3637,3140,0.8633489139400605
524,동대문구,2020-05,3637,3156,0.867748144074787
525,동대문구,2020-06,3637,3170,0.8715974704426726
526,동대문구,2020-07,3637,3177,0.8735221336266153
527,동대문구,2020-08,3637,3161,0.8691229034918889
528,동작구,2016-09,3313,3127,0.9438575309387263
529,동작구,2016-10,3313,3141,0.9480833081798974
530,동작구,2016-11,3313,3143,0.9486869906429218
531,동작구,2016-12,3313,3144,0.9489888318744341
532,동작구,2017-01,3431,3122,0.9099387933547071
533,동작구,2017-02,3436,2121,0.6172875436554133
534,동작구,2017-03,3460,3288,0.9502890173410404
535,동작구,2017-04,3460,3290,0.9508670520231214
536,동작구,2017-05,3460,3298,0.9531791907514451
537,동작구,2017-06,3460,3306,0.9554913294797688
538,동작구,2017-07,3574,3294,0.9216564073866816
539,동작구,2017-08,3574,3269,0.9146614437604924
540,동작구,2017-09,3614,3381,0.9355285002767018
541,동작구,2017-10,3633,3413,0.9394439856867602
542,동작구,2017-11,3633,3408,0.9380677126341866
543,동작구,2017-12,3623,3410,0.941208942865029
544,동작구,2018-01,3623,3379,0.9326524979298924
545,동작구,2018-02,3623,2208,0.6094396908639249
546,동작구,2018-03,3597,3319,0.9227133722546567
547,동작구,2018-04,3597,3320,0.922991381706978
548,동작구,2018-05,3597,3310,0.9202112871837642
549,동작구,2018-06,3597,3330,0.9257714762301918
550,동작구,2018-07,3681,3302,0.8970388481390926
551,동작구,2018-08,3705,3301,0.8909581646423752
552,동작구,2018-09,3705,3376,0.9112010796221323
553,동작구,2018-10,3701,3360,0.907862739800054
554,동작구,2018-11,3701,3352,0.9057011618481492
555,동작구,2018-12,3701,3331,0.9000270197243988
556,동작구,2019-01,3950,3340,0.8455696202531645
557,동작구,2019-02,3953,2125,0.5375664052618264
558,동작구,2019-03,3999,3501,0.8754688672168042
559,동작구,2019-04,3919,3501,0.8933401377902526
560,동작구,2019-05,3919,3510,0.8956366420005103
561,동작구,2019-06,3922,3514,0.8959714431412544
562,동작구,2019-07,3922,3503,0.8931667516573177
563,동작구,2019-08,3928,3485,0.8872199592668024
564,동작구,2019-09,3928,3493,0.8892566191446029
565,동작구,2019-10,3919,3485,0.8892574636386833
566,동작구,2019-11,3919,3485,0.8892574636386833
567,동작구,2019-12,3919,3463,0.8836437866802755
568,동작구,2020-01,3946,3451,0.8745565129244804
569,동작구,2020-02,4140,3447,0.8326086956521739
570,동작구,2020-03,4173,3652,0.8751497723460341
571,동작구,2020-04,4173,3667,0.8787443086508507
572,동작구,2020-05,4206,3672,0.8730385164051355
573,동작구,2020-06,4206,3682,0.8754160722776986
574,동작구,2020-07,4206,3716,0.8834997622444127
575,동작구,2020-08,4206,3692,0.8777936281502615
576,마포구,2016-09,3571,3195,0.8947073648837861
577,마포구,2016-10,3571,3193,0.8941472976757211
578,마포구,2016-11,3571,3195,0.8947073648837861
579,마포구,2016-12,3571,3193,0.8941472976757211
580,마포구,2017-01,3571,3166,0.8865863903668441
581,마포구,2017-02,3630,2123,0.5848484848484848
582,마포구,2017-03,3775,3366,0.8916556291390728
583,마포구,2017-04,3776,3378,0.8945974576271186
584,마포구,2017-05,3860,3459,0.8961139896373057
585,마포구,2017-06,3861,3466,0.8976948976948977
586,마포구,2017-07,3861,3474,0.8997668997668997
587,마포구,2017-08,3861,3458,0.8956228956228957
588,마포구,2017-09,4105,3690,0.8989037758830695
589,마포구,2017-10,4105,3683,0.8971985383678441
590,마포구,2017-11,4105,3671,0.8942752740560292
591,마포구,2017-12,4116,3671,0.891885325558795
592,마포구,2018-01,4116,3651,0.8870262390670554
593,마포구,2018-02,4116,2462,0.598153547133139
594,마포구,2018-03,4222,3745,0.8870203694931312
595,마포구,2018-04,4222,3732,0.8839412600663192
596,마포구,2018-05,4222,3749,0.8879677877783041
597,마포구,2018-06,4286,3770,0.8796080261315913
598,마포구,2018-07,4286,3763,0.8779748016798881
599,마포구,2018-08,4286,3747,0.874241717218852
600,마포구,2018-09,4286,3797,0.8859076061595894
601,마포구,2018-10,4286,3788,0.8838077461502567
602,마포구,2018-11,4286,3781,0.8821745216985535
603,마포구,2018-12,4286,3777,0.8812412505832945
604,마포구,2019-01,4276,3776,0.883068288119738
605,마포구,2019-02,4256,2470,0.5803571428571429
606,마포구,2019-03,4304,3844,0.8931226765799256
607,마포구,2019-04,4283,3839,0.8963343450852206
608,마포구,2019-05,4283,3844,0.8975017511090357
609,마포구,2019-06,4283,3844,0.8975017511090357
610,마포구,2019-07,4283,3838,0.8961008638804576
611,마포구,2019-08,4369,3811,0.872281986724651
612,마포구,2019-09,4369,3867,0.8850995651178759
613,마포구,2019-10,4369,3874,0.886701762417029
614,마포구,2019-11,4386,3872,0.8828089375284998
615,마포구,2019-12,4458,3868,0.8676536563481382
616,마포구,2020-01,4458,3847,0.8629430237774787
617,마포구,2020-02,4446,3836,0.8627980206927576
618,마포구,2020-03,4600,3923,0.8528260869565217
619,마포구,2020-04,4640,3923,0.8454741379310344
620,마포구,2020-05,4640,3994,0.8607758620689655
621,마포구,2020-06,4640,4016,0.8655172413793103
622,마포구,2020-07,4640,4012,0.8646551724137931
623,마포구,2020-08,4640,4013,0.8648706896551724
624,서대문구,2016-09,2455,2228,0.9075356415478615
625,서대문구,2016-10,2455,2232,0.9091649694501018
626,서대문구,2016-11,2455,2221,0.904684317718941
627,서대문구,2016-12,2457,2219,0.9031339031339032
628,서대문구,2017-01,2457,2216,0.901912901912902
629,서대문구,2017-02,2487,1603,0.644551668677121
630,서대문구,2017-03,2570,2354,0.9159533073929961
631,서대문구,2017-04,2571,2367,0.9206534422403734
632,서대문구,2017-05,2571,2371,0.9222092570984053
633,서대문구,2017-06,2571,2380,0.9257098405289771
634,서대문구,2017-07,2816,2471,0.8774857954545454
635,서대문구,2017-08,2816,2455,0.8718039772727273
636,서대문구,2017-09,2816,2581,0.9165482954545454
637,서대문구,2017-10,2816,2583,0.9172585227272727
638,서대문구,2017-11,2812,2565,0.9121621621621622
639,서대문구,2017-12,2812,2567,0.912873399715505
640,서대문구,2018-01,2812,2561,0.9107396870554765
641,서대문구,2018-02,2808,1758,0.6260683760683761
642,서대문구,2018-03,2935,2666,0.9083475298126065
643,서대문구,2018-04,2935,2724,0.9281090289608177
644,서대문구,2018-05,2935,2708,0.9226575809199319
645,서대문구,2018-06,2935,2718,0.9260647359454856
646,서대문구,2018-07,2935,2725,0.9284497444633731
647,서대문구,2018-08,2935,2709,0.9229982964224872
648,서대문구,2018-09,2935,2710,0.9233390119250426
649,서대문구,2018-10,2930,2701,0.9218430034129693
650,서대문구,2018-11,2931,2704,0.9225520300238826
651,서대문구,2018-12,2931,2702,0.9218696690549301
652,서대문구,2019-01,3038,2687,0.8844634628044766
653,서대문구,2019-02,3038,1815,0.5974325213956551
654,서대문구,2019-03,3130,2802,0.8952076677316294
655,서대문구,2019-04,3128,2812,0.8989769820971867
656,서대문구,2019-05,3128,2853,0.9120843989769821
657,서대문구,2019-06,3161,2853,0.902562480227776
658,서대문구,2019-07,3129,2863,0.9149888143176734
659,서대문구,2019-08,3129,2855,0.9124320869287312
660,서대문구,2019-09,3129,2843,0.908596995845318
661,서대문구,2019-10,3129,2842,0.9082774049217002
662,서대문구,2019-11,3129,2829,0.9041227229146692
663,서대문구,2019-12,3124,2830,0.9058898847631242
664,서대문구,2020-01,3097,2816,0.9092670326122053
665,서대문구,2020-02,3190,2758,0.864576802507837
666,서대문구,2020-03,3280,2866,0.873780487804878
667,서대문구,2020-04,3264,2859,0.8759191176470589
668,서대문구,2020-05,3267,2936,0.8986838077747169
669,서대문구,2020-06,3268,2930,0.8965728274173806
670,서대문구,2020-07,3249,2949,0.9076638965835642
671,서대문구,2020-08,3249,2900,0.8925823330255463
672,서초구,2016-09,3252,3140,0.965559655596556
673,서초구,2016-10,3447,3133,0.9089062953292718
674,서초구,2016-11,3447,3274,0.9498114302291848
675,서초구,2016-12,3519,3268,0.9286729184427395
676,서초구,2017-01,3519,3234,0.9190110826939472
677,서초구,2017-02,3598,2160,0.6003335186214563
678,서초구,2017-03,3603,3381,0.9383846794338052
679,서초구,2017-04,3599,3409,0.9472075576549042
680,서초구,2017-05,3603,3413,0.9472661670829864
681,서초구,2017-06,3603,3407,0.945600888148765
682,서초구,2017-07,3745,3399,0.9076101468624833
683,서초구,2017-08,4061,3363,0.828121152425511
684,서초구,2017-09,4061,3630,0.8938685052942625
685,서초구,2017-10,4061,3657,0.9005171140113273
686,서초구,2017-11,4061,3688,0.9081507017975868
687,서초구,2017-12,4061,3667,0.9029795616843143
688,서초구,2018-01,4261,3645,0.8554329969490729
689,서초구,2018-02,4693,2314,0.4930747922437673
690,서초구,2018-03,4722,4137,0.8761118170266836
691,서초구,2018-04,4723,4203,0.8899004869786152
692,서초구,2018-05,4690,4237,0.9034115138592751
693,서초구,2018-06,4724,4244,0.8983911939034717
694,서초구,2018-07,4677,4236,0.9057087876844131
695,서초구,2018-08,4771,4215,0.8834625864598616
696,서초구,2018-09,4851,4299,0.8862090290661719
697,서초구,2018-10,4854,4285,0.8827770910589204
698,서초구,2018-11,4858,4339,0.8931659118979004
699,서초구,2018-12,4845,4307,0.8889576883384933
700,서초구,2019-01,4868,4284,0.8800328677074774
701,서초구,2019-02,4916,2785,0.5665174938974776
702,서초구,2019-03,4921,4448,0.9038813249339566
703,서초구,2019-04,4883,4447,0.9107106287118575
704,서초구,2019-05,4839,4444,0.9183715643728043
705,서초구,2019-06,4839,4465,0.9227113039884274
706,서초구,2019-07,4842,4458,0.9206939281288724
707,서초구,2019-08,4907,4456,0.9080904829834929
708,서초구,2019-09,4995,4486,0.8980980980980982
709,서초구,2019-10,4998,4505,0.9013605442176871
710,서초구,2019-11,4998,4518,0.9039615846338536
711,서초구,2019-12,4998,4499,0.9001600640256102
712,서초구,2020-01,4998,4480,0.896358543417367
713,서초구,2020-02,4998,4454,0.891156462585034
714,서초구,2020-03,5043,4416,0.875669244497323
715,서초구,2020-04,5013,4447,0.8870935567524436
716,서초구,2020-05,5063,4447,0.8783330041477385
717,서초구,2020-06,5063,4422,0.8733952202251629
718,서초구,2020-07,5063,4469,0.882678253999605
719,서초구,2020-08,5063,4459,0.8807031404305747
720,성동구,2016-09,3865,3441,0.8902975420439845
721,성동구,2016-10,3906,3428,0.8776241679467486
722,성동구,2016-11,3951,3428,0.8676284484940522
723,성동구,2016-12,3951,3437,0.8699063528220704
724,성동구,2017-01,4092,3406,0.832355816226784
725,성동구,2017-02,4092,2279,0.5569403714565004
726,성동구,2017-03,4123,3723,0.9029832646131458
727,성동구,2017-04,4123,3734,0.9056512248362842
728,성동구,2017-05,4123,3731,0.9049235993208828
729,성동구,2017-06,4123,3736,0.9061363085132186
730,성동구,2017-07,4123,3728,0.9041959738054814
731,성동구,2017-08,4123,3717,0.9015280135823429
732,성동구,2017-09,4173,3771,0.903666427030913
733,성동구,2017-10,4173,3770,0.9034267912772586
734,성동구,2017-11,4173,3761,0.9012700694943686
735,성동구,2017-12,4173,3760,0.9010304337407141
736,성동구,2018-01,4293,3746,0.8725832750989984
737,성동구,2018-02,4293,2466,0.5744234800838575
738,성동구,2018-03,4463,3922,0.8787810889536186
739,성동구,2018-04,4504,3952,0.8774422735346359
740,성동구,2018-05,4504,3989,0.8856571936056838
741,성동구,2018-06,4602,4014,0.8722294654498044
742,성동구,2018-07,4602,3996,0.8683181225554107
743,성동구,2018-08,4602,4045,0.8789656671012603
744,성동구,2018-09,4602,4068,0.8839634941329857
745,성동구,2018-10,4622,4066,0.8797057550843791
746,성동구,2018-11,4622,4072,0.8810038944180009
747,성동구,2018-12,4622,4058,0.87797490263955
748,성동구,2019-01,4622,4050,0.8762440501947208
749,성동구,2019-02,4643,2587,0.5571828559121258
750,성동구,2019-03,4621,4125,0.8926639255572387
751,성동구,2019-04,4621,4107,0.8887686647911708
752,성동구,2019-05,4613,4106,0.8900932148276609
753,성동구,2019-06,4613,4123,0.8937784522003035
754,성동구,2019-07,4613,4105,0.889876436158682
755,성동구,2019-08,4613,4086,0.8857576414480816
756,성동구,2019-09,4613,4055,0.8790375027097334
757,성동구,2019-10,4613,4036,0.8749187079991328
758,성동구,2019-11,4613,4041,0.8760026013440277
759,성동구,2019-12,4613,4012,0.8697160199436376
760,성동구,2020-01,4613,3993,0.8655972252330371
761,성동구,2020-02,4634,4017,0.86685369011653
762,성동구,2020-03,4805,4140,0.8616024973985432
763,성동구,2020-04,4805,4142,0.8620187304890738
764,성동구,2020-05,4805,4148,0.863267429760666
765,성동구,2020-06,4805,4131,0.8597294484911551
766,성동구,2020-07,4800,4106,0.8554166666666667
767,성동구,2020-08,4800,4079,0.8497916666666666
768,성북구,2016-09,3392,3113,0.917747641509434
769,성북구,2016-10,3392,3106,0.9156839622641509
770,성북구,2016-11,3392,3098,0.9133254716981132
771,성북구,2016-12,3392,3109,0.9165683962264151
772,성북구,2017-01,3392,3096,0.9127358490566038
773,성북구,2017-02,3387,2022,0.5969884853852967
774,성북구,2017-03,3623,3206,0.884902014904775
775,성북구,2017-04,3623,3212,0.8865581010212531
776,성북구,2017-05,3623,3212,0.8865581010212531
777,성북구,2017-06,3623,3208,0.8854540436102677
778,성북구,2017-07,3623,3218,0.8882141871377311
779,성북구,2017-08,3623,3225,0.8901462876069556
780,성북구,2017-09,3623,3244,0.8953905603091361
781,성북구,2017-10,3623,3239,0.8940104885454043
782,성북구,2017-11,3623,3231,0.8918023737234336
783,성북구,2017-12,3623,3224,0.8898702732542092
784,성북구,2018-01,3653,3197,0.8751710922529428
785,성북구,2018-02,3653,2115,0.5789761839583903
786,성북구,2018-03,3887,3352,0.8623617185490096
787,성북구,2018-04,3887,3380,0.8695652173913043
788,성북구,2018-05,3887,3382,0.8700797530228969
789,성북구,2018-06,4088,3510,0.8586105675146771
790,성북구,2018-07,4088,3513,0.8593444227005871
791,성북구,2018-08,4088,3471,0.8490704500978473
792,성북구,2018-09,4088,3539,0.8657045009784736
793,성북구,2018-10,4088,3541,0.8661937377690803
794,성북구,2018-11,4088,3533,0.8642367906066536
795,성북구,2018-12,4088,3529,0.8632583170254403
796,성북구,2019-01,4088,3529,0.8632583170254403
797,성북구,2019-02,4297,2244,0.5222248080055852
798,성북구,2019-03,4266,3438,0.8059071729957806
799,성북구,2019-04,4354,3606,0.8282039503904456
800,성북구,2019-05,4354,3625,0.8325677537896188
801,성북구,2019-06,4399,3682,0.8370084110025006
802,성북구,2019-07,4399,3696,0.8401909524892021
803,성북구,2019-08,4399,3737,0.8495112525573995
804,성북구,2019-09,4444,3754,0.8447344734473448
805,성북구,2019-10,4444,3757,0.8454095409540954
806,성북구,2019-11,4444,3822,0.86003600360036
807,성북구,2019-12,4467,3791,0.8486680098500112
808,성북구,2020-01,4467,3785,0.8473248265054847
809,성북구,2020-02,4467,3781,0.846429370942467
810,성북구,2020-03,4467,3757,0.8410566375643609
811,성북구,2020-04,4467,3759,0.8415043653458697
812,성북구,2020-05,4467,3774,0.8448623237071861
813,성북구,2020-06,4467,3748,0.8390418625475711
814,성북구,2020-07,4477,3774,0.8429752066115702
815,성북구,2020-08,4477,3768,0.8416350234532053
816,송파구,2016-09,3335,3200,0.95952023988006
817,송파구,2016-10,3335,3207,0.9616191904047976
818,송파구,2016-11,3335,3206,0.9613193403298351
819,송파구,2016-12,3415,3203,0.9379209370424597
820,송파구,2017-01,3472,3190,0.918778801843318
821,송파구,2017-02,3472,2052,0.5910138248847926
822,송파구,2017-03,3713,3314,0.8925397252895233
823,송파구,2017-04,3848,3323,0.8635654885654885
824,송파구,2017-05,3848,3370,0.8757796257796258
825,송파구,2017-06,3848,3582,0.9308731808731808
826,송파구,2017-07,3848,3657,0.9503638253638254
827,송파구,2017-08,3848,3651,0.9488045738045738
828,송파구,2017-09,3971,3654,0.9201712415008814
829,송파구,2017-10,3991,3657,0.916311701327988
830,송파구,2017-11,3968,3774,0.9511088709677419
831,송파구,2017-12,3988,3800,0.9528585757271816
832,송파구,2018-01,4244,3777,0.8899622997172478
833,송파구,2018-02,4312,2558,0.5932282003710575
834,송파구,2018-03,4371,4074,0.9320521619766644
835,송파구,2018-04,4428,4191,0.9464769647696477
836,송파구,2018-05,4428,4209,0.9505420054200542
837,송파구,2018-06,4428,4208,0.950316169828365
838,송파구,2018-07,4488,4266,0.9505347593582888
839,송파구,2018-08,4573,4252,0.929805379400831
840,송파구,2018-09,4573,4254,0.930242729061885
841,송파구,2018-10,4625,4336,0.9375135135135135
842,송파구,2018-11,4625,4342,0.9388108108108109
843,송파구,2018-12,4625,4329,0.936
844,송파구,2019-01,5085,4316,0.8487708947885939
845,송파구,2019-02,5318,2792,0.5250094020308387
846,송파구,2019-03,5410,5016,0.9271719038817006
847,송파구,2019-04,5509,5055,0.9175893991650027
848,송파구,2019-05,5586,5077,0.9088793412101682
849,송파구,2019-06,5586,5181,0.9274973147153598
850,송파구,2019-07,5586,5238,0.9377013963480129
851,송파구,2019-08,5586,5240,0.9380594343000358
852,송파구,2019-09,5586,5255,0.9407447189402076
853,송파구,2019-10,5586,5252,0.9402076620121733
854,송파구,2019-11,5606,5275,0.9409561184445238
855,송파구,2019-12,5606,5238,0.934356047092401
856,송파구,2020-01,5672,5221,0.9204866008462623
857,송파구,2020-02,5796,5340,0.9213250517598344
858,송파구,2020-03,5788,5384,0.9302004146510021
859,송파구,2020-04,5787,5412,0.9351995852773458
860,송파구,2020-05,5761,5419,0.9406353063704218
861,송파구,2020-06,5761,5419,0.9406353063704218
862,송파구,2020-07,5844,5448,0.9322381930184805
863,송파구,2020-08,5920,5489,0.9271959459459459
864,양천구,2016-09,3870,3446,0.8904392764857881
865,양천구,2016-10,3929,3471,0.883430898447442
866,양천구,2016-11,3929,3514,0.8943751590735556
867,양천구,2016-12,4014,3512,0.8749377179870453
868,양천구,2017-01,4014,3509,0.8741903338315894
869,양천구,2017-02,4057,2285,0.5632240571851121
870,양천구,2017-03,4074,3649,0.8956799214531174
871,양천구,2017-04,4074,3681,0.9035346097201767
872,양천구,2017-05,4074,3688,0.905252822778596
873,양천구,2017-06,4129,3749,0.9079680310002421
874,양천구,2017-07,4129,3750,0.9082102203923468
875,양천구,2017-08,4145,3744,0.9032569360675513
876,양천구,2017-09,4161,3759,0.9033886085075703
877,양천구,2017-10,4161,3758,0.9031482816630617
878,양천구,2017-11,4161,3759,0.9033886085075703
879,양천구,2017-12,4240,3766,0.8882075471698113
880,양천구,2018-01,4245,3742,0.8815076560659599
881,양천구,2018-02,4245,2475,0.5830388692579506
882,양천구,2018-03,4289,3770,0.8789927722079739
883,양천구,2018-04,4289,3786,0.8827232455117743
884,양천구,2018-05,4284,3774,0.8809523809523809
885,양천구,2018-06,4284,3789,0.884453781512605
886,양천구,2018-07,4284,3784,0.8832866479925303
887,양천구,2018-08,4284,3773,0.880718954248366
888,양천구,2018-09,4416,3888,0.8804347826086957
889,양천구,2018-10,4416,3910,0.8854166666666666
890,양천구,2018-11,4416,3907,0.8847373188405797
891,양천구,2018-12,4618,3984,0.862711130359463
892,양천구,2019-01,4618,3999,0.8659592897358164
893,양천구,2019-02,4618,2544,0.5508878302295366
894,양천구,2019-03,4677,3997,0.8546076544793672
895,양천구,2019-04,4762,4010,0.8420831583368332
896,양천구,2019-05,4743,4060,0.8559983133038161
897,양천구,2019-06,4743,4098,0.8640101201771031
898,양천구,2019-07,4732,4100,0.8664412510566357
899,양천구,2019-08,4733,4068,0.8594971476864568
900,양천구,2019-09,4733,4086,0.8633002324107332
901,양천구,2019-10,4733,4069,0.8597084301711388
902,양천구,2019-11,4733,4077,0.8613986900485949
903,양천구,2019-12,4733,4063,0.8584407352630467
904,양천구,2020-01,4733,4053,0.8563279104162265
905,양천구,2020-02,4711,4039,0.8573551263001485
906,양천구,2020-03,4510,3900,0.8647450110864745
907,양천구,2020-04,4705,3911,0.8312433581296493
908,양천구,2020-05,4705,3907,0.8303931987247609
909,양천구,2020-06,4705,4122,0.8760892667375133
910,양천구,2020-07,4705,4119,0.8754516471838469
911,양천구,2020-08,4705,4103,0.8720510095642933
912,영등포구,2016-09,2823,2439,0.8639744952178533
913,영등포구,2016-10,2823,2467,0.8738930216082182
914,영등포구,2016-11,2823,2486,0.8806234502302515
915,영등포구,2016-12,2880,2477,0.8600694444444444
916,영등포구,2017-01,2880,2464,0.8555555555555555
917,영등포구,2017-02,2920,1641,0.561986301369863
918,영등포구,2017-03,2975,2626,0.8826890756302521
919,영등포구,2017-04,3024,2681,0.8865740740740741
920,영등포구,2017-05,3093,2689,0.8693824765599741
921,영등포구,2017-06,3093,2677,0.8655027481409635
922,영등포구,2017-07,3138,2724,0.8680688336520076
923,영등포구,2017-08,3206,2719,0.8480973175296319
924,영등포구,2017-09,3280,2764,0.8426829268292683
925,영등포구,2017-10,3280,2811,0.8570121951219513
926,영등포구,2017-11,3280,2872,0.875609756097561
927,영등포구,2017-12,3359,2871,0.8547186662697231
928,영등포구,2018-01,3404,2858,0.8396004700352526
929,영등포구,2018-02,3404,1856,0.54524089306698
930,영등포구,2018-03,3537,3238,0.9154650834040147
931,영등포구,2018-04,3565,3271,0.9175315568022441
932,영등포구,2018-05,3583,3259,0.9095729835333519
933,영등포구,2018-06,3583,3268,0.9120848451018699
934,영등포구,2018-07,3600,3295,0.9152777777777777
935,영등포구,2018-08,3600,3279,0.9108333333333334
936,영등포구,2018-09,3648,3333,0.9136513157894737
937,영등포구,2018-10,3648,3328,0.9122807017543859
938,영등포구,2018-11,3648,3317,0.909265350877193
939,영등포구,2018-12,3711,3299,0.8889787119374831
940,영등포구,2019-01,3860,3283,0.8505181347150259
941,영등포구,2019-02,3860,2060,0.533678756476684
942,영등포구,2019-03,3953,3534,0.8940045535036681
943,영등포구,2019-04,4010,3620,0.9027431421446384
944,영등포구,2019-05,4010,3635,0.9064837905236908
945,영등포구,2019-06,4010,3625,0.9039900249376559
946,영등포구,2019-07,4010,3656,0.9117206982543641
947,영등포구,2019-08,4010,3646,0.9092269326683292
948,영등포구,2019-09,4010,3640,0.9077306733167082
949,영등포구,2019-10,4010,3636,0.9067331670822942
950,영등포구,2019-11,4008,3645,0.9094311377245509
951,영등포구,2019-12,4008,3629,0.905439121756487
952,영등포구,2020-01,4008,3601,0.8984530938123753
953,영등포구,2020-02,4073,3583,0.8796955561011539
954,영등포구,2020-03,4073,3596,0.8828873066535723
955,영등포구,2020-04,4138,3654,0.8830352827452875
956,영등포구,2020-05,4138,3690,0.8917351377477042
957,영등포구,2020-06,4138,3732,0.9018849685838569
958,영등포구,2020-07,4288,3737,0.8715018656716418
959,영등포구,2020-08,4318,3706,0.8582677165354331
960,용산구,2016-09,1654,1467,0.8869407496977025
961,용산구,2016-10,1654,1503,0.9087061668681983
962,용산구,2016-11,1654,1508,0.9117291414752116
963,용산구,2016-12,1654,1503,0.9087061668681983
964,용산구,2017-01,1654,1494,0.9032648125755743
965,용산구,2017-02,1654,1075,0.6499395405078597
966,용산구,2017-03,1695,1527,0.9008849557522124
967,용산구,2017-04,1755,1547,0.8814814814814815
968,용산구,2017-05,1755,1532,0.8729344729344729
969,용산구,2017-06,1755,1548,0.882051282051282
970,용산구,2017-07,1755,1577,0.8985754985754986
971,용산구,2017-08,1755,1576,0.898005698005698
972,용산구,2017-09,1755,1575,0.8974358974358975
973,용산구,2017-10,1835,1570,0.8555858310626703
974,용산구,2017-11,1835,1592,0.867574931880109
975,용산구,2017-12,1925,1631,0.8472727272727273
976,용산구,2018-01,1925,1623,0.8431168831168832
977,용산구,2018-02,1925,1162,0.6036363636363636
978,용산구,2018-03,1917,1737,0.9061032863849765
979,용산구,2018-04,1917,1757,0.9165362545644236
980,용산구,2018-05,1917,1756,0.9160146061554513
981,용산구,2018-06,1917,1768,0.9222743870631195
982,용산구,2018-07,1917,1750,0.9128847157016171
983,용산구,2018-08,1970,1722,0.8741116751269036
984,용산구,2018-09,1970,1779,0.9030456852791878
985,용산구,2018-10,1970,1787,0.9071065989847715
986,용산구,2018-11,1970,1789,0.9081218274111675
987,용산구,2018-12,1970,1790,0.9086294416243654
988,용산구,2019-01,1970,1784,0.9055837563451776
989,용산구,2019-02,1970,1227,0.6228426395939086
990,용산구,2019-03,1970,1798,0.9126903553299492
991,용산구,2019-04,1970,1788,0.9076142131979695
992,용산구,2019-05,1970,1777,0.9020304568527919
993,용산구,2019-06,1970,1784,0.9055837563451776
994,용산구,2019-07,1970,1773,0.9
995,용산구,2019-08,1970,1778,0.9025380710659898
996,용산구,2019-09,1970,1773,0.9
997,용산구,2019-10,1970,1769,0.8979695431472081
998,용산구,2019-11,1970,1771,0.898984771573604
999,용산구,2019-12,1970,1776,0.9015228426395939
1000,용산구,2020-01,1970,1768,0.8974619289340101
1001,용산구,2020-02,1994,1763,0.8841524573721163
1002,용산구,2020-03,2030,1796,0.8847290640394089
1003,용산구,2020-04,2030,1793,0.8832512315270936
1004,용산구,2020-05,2030,1807,0.8901477832512316
1005,용산구,2020-06,2030,1804,0.8886699507389163
1006,용산구,2020-07,2030,1805,0.8891625615763546
1007,용산구,2020-08,2030,1796,0.8847290640394089
1008,은평구,2016-09,1851,1746,0.9432739059967585
1009,은평구,2016-10,1851,1737,0.9384116693679092
1010,은평구,2016-11,1851,1737,0.9384116693679092
1011,은평구,2016-12,1900,1733,0.9121052631578948
1012,은평구,2017-01,1941,1719,0.8856259659969088
1013,은평구,2017-02,1941,1103,0.5682637815558991
1014,은평구,2017-03,2007,1832,0.9128051818634778
1015,은평구,2017-04,2092,1916,0.9158699808795411
1016,은평구,2017-05,2131,1912,0.8972313467855467
1017,은평구,2017-06,2216,1939,0.875
1018,은평구,2017-07,2216,2065,0.9318592057761733
1019,은평구,2017-08,2216,2059,0.9291516245487365
1020,은평구,2017-09,2216,2063,0.930956678700361
1021,은평구,2017-10,2216,2067,0.9327617328519856
1022,은평구,2017-11,2216,2064,0.9314079422382672
1023,은평구,2017-12,2238,2059,0.920017873100983
1024,은평구,2018-01,2311,2057,0.8900908697533535
1025,은평구,2018-02,2345,1437,0.6127931769722814
1026,은평구,2018-03,2554,2385,0.9338292873923257
1027,은평구,2018-04,2547,2389,0.9379662347860228
1028,은평구,2018-05,2570,2388,0.9291828793774319
1029,은평구,2018-06,2687,2424,0.9021213248976554
1030,은평구,2018-07,2716,2551,0.9392488954344624
1031,은평구,2018-08,2743,2541,0.9263580021873861
1032,은평구,2018-09,2743,2561,0.933649289099526
1033,은평구,2018-10,2788,2558,0.9175035868005739
1034,은평구,2018-11,2788,2559,0.9178622668579627
1035,은평구,2018-12,2788,2579,0.9250358680057389
1036,은평구,2019-01,2886,2574,0.8918918918918919
1037,은평구,2019-02,2974,1630,0.5480833893745797
1038,은평구,2019-03,3147,2824,0.8973625675246266
1039,은평구,2019-04,3196,2889,0.9039424280350438
1040,은평구,2019-05,3318,2934,0.8842676311030742
1041,은평구,2019-06,3318,2961,0.8924050632911392
1042,은평구,2019-07,3360,3018,0.8982142857142857
1043,은평구,2019-08,3360,3018,0.8982142857142857
1044,은평구,2019-09,3504,3085,0.8804223744292238
1045,은평구,2019-10,3545,3078,0.868265162200282
1046,은평구,2019-11,3581,3153,0.8804803127617984
1047,은평구,2019-12,3616,3201,0.8852323008849557
1048,은평구,2020-01,3652,3229,0.8841730558598029
1049,은평구,2020-02,3697,3222,0.8715174465783068
1050,은평구,2020-03,3814,3328,0.8725747246984793
1051,은평구,2020-04,3814,3336,0.8746722600943891
1052,은평구,2020-05,3925,3388,0.8631847133757962
1053,은평구,2020-06,4104,3367,0.8204191033138402
1054,은평구,2020-07,4104,3547,0.8642787524366472
1055,은평구,2020-08,4104,3622,0.8825536062378168
1056,종로구,2016-09,1971,1672,0.8483003551496702
1057,종로구,2016-10,1971,1674,0.8493150684931506
1058,종로구,2016-11,1991,1698,0.8528377699648418
1059,종로구,2016-12,1971,1668,0.8462709284627092
1060,종로구,2017-01,1956,1677,0.8573619631901841
1061,종로구,2017-02,1956,1097,0.560838445807771
1062,종로구,2017-03,1956,1626,0.8312883435582822
1063,종로구,2017-04,1956,1633,0.8348670756646217
1064,종로구,2017-05,1956,1625,0.8307770961145194
1065,종로구,2017-06,1956,1626,0.8312883435582822
1066,종로구,2017-07,1956,1631,0.8338445807770961
1067,종로구,2017-08,1956,1625,0.8307770961145194
1068,종로구,2017-09,1956,1647,0.8420245398773006
1069,종로구,2017-10,1956,1645,0.841002044989775
1070,종로구,2017-11,1956,1652,0.8445807770961146
1071,종로구,2017-12,1956,1647,0.8420245398773006
1072,종로구,2018-01,1956,1641,0.838957055214724
1073,종로구,2018-02,2151,1089,0.5062761506276151
1074,종로구,2018-03,2216,1679,0.7576714801444043
1075,종로구,2018-04,2216,1685,0.7603790613718412
1076,종로구,2018-05,2216,1685,0.7603790613718412
1077,종로구,2018-06,2216,1804,0.8140794223826715
1078,종로구,2018-07,2216,1808,0.8158844765342961
1079,종로구,2018-08,2216,1795,0.8100180505415162
1080,종로구,2018-09,2216,1804,0.8140794223826715
1081,종로구,2018-10,2216,1804,0.8140794223826715
1082,종로구,2018-11,2216,1799,0.8118231046931408
1083,종로구,2018-12,2216,1791,0.8082129963898917
1084,종로구,2019-01,2216,1781,0.8037003610108303
1085,종로구,2019-02,2216,1207,0.5446750902527075
1086,종로구,2019-03,2216,1728,0.779783393501805
1087,종로구,2019-04,2219,1730,0.7796304641730509
1088,종로구,2019-05,2219,1724,0.7769265434880577
1089,종로구,2019-06,2219,1727,0.7782785038305543
1090,종로구,2019-07,2316,1710,0.7383419689119171
1091,종로구,2019-08,2316,1713,0.7396373056994818
1092,종로구,2019-09,2316,1745,0.7534542314335061
1093,종로구,2019-10,2316,1759,0.7594991364421416
1094,종로구,2019-11,2316,1759,0.7594991364421416
1095,종로구,2019-12,2316,1747,0.7543177892918825
1096,종로구,2020-01,2265,1733,0.765121412803532
1097,종로구,2020-02,2265,1717,0.7580573951434879
1098,종로구,2020-03,2216,1636,0.7382671480144405
1099,종로구,2020-04,2216,1643,0.7414259927797834
1100,종로구,2020-05,2216,1647,0.743231046931408
1101,종로구,2020-06,2216,1638,0.7391696750902527
1102,종로구,2020-07,2216,1648,0.7436823104693141
1103,종로구,2020-08,2216,1635,0.7378158844765343
1104,중구,2016-09,1766,1603,0.9077010192525481
1105,중구,2016-10,1766,1598,0.9048697621744054
1106,중구,2016-11,1766,1606,0.9093997734994338
1107,중구,2016-12,1766,1589,0.8997734994337486
1108,중구,2017-01,1786,1603,0.8975363941769317
1109,중구,2017-02,1786,1153,0.6455767077267637
1110,중구,2017-03,1845,1599,0.8666666666666667
1111,중구,2017-04,1873,1633,0.8718633208756006
1112,중구,2017-05,1875,1629,0.8688
1113,중구,2017-06,1875,1660,0.8853333333333333
1114,중구,2017-07,1875,1669,0.8901333333333333
1115,중구,2017-08,1926,1698,0.881619937694704
1116,중구,2017-09,1926,1703,0.8842159916926272
1117,중구,2017-10,1932,1701,0.8804347826086957
1118,중구,2017-11,1932,1716,0.8881987577639752
1119,중구,2017-12,1932,1699,0.879399585921325
1120,중구,2018-01,1932,1675,0.8669772256728778
1121,중구,2018-02,1932,1140,0.5900621118012422
1122,중구,2018-03,1962,1670,0.8511722731906218
1123,중구,2018-04,1962,1677,0.8547400611620795
1124,중구,2018-05,2000,1697,0.8485
1125,중구,2018-06,2000,1709,0.8545
1126,중구,2018-07,2000,1716,0.858
1127,중구,2018-08,2000,1713,0.8565
1128,중구,2018-09,2000,1717,0.8585
1129,중구,2018-10,2000,1711,0.8555
1130,중구,2018-11,2000,1715,0.8575
1131,중구,2018-12,2000,1702,0.851
1132,중구,2019-01,2000,1703,0.8515
1133,중구,2019-02,2000,1153,0.5765
1134,중구,2019-03,2000,1673,0.8365
1135,중구,2019-04,2000,1679,0.8395
1136,중구,2019-05,2000,1674,0.837
1137,중구,2019-06,2033,1678,0.8253812100344319
1138,중구,2019-07,2033,1696,0.8342351205115592
1139,중구,2019-08,2033,1690,0.8312838170191835
1140,중구,2019-09,2033,1702,0.8371864240039351
1141,중구,2019-10,2033,1703,0.8376783079193311
1142,중구,2019-11,2033,1709,0.8406296114117069
1143,중구,2019-12,2033,1692,0.8322675848499754
1144,중구,2020-01,2033,1685,0.8288243974422036
1145,중구,2020-02,2033,1679,0.8258730939498279
1146,중구,2020-03,2033,1558,0.7663551401869159
1147,중구,2020-04,2033,1564,0.7693064436792917
1148,중구,2020-05,2033,1566,0.7702902115100836
1149,중구,2020-06,1981,1573,0.7940434124179707
1150,중구,2020-07,1981,1565,0.790005047955578
1151,중구,2020-08,1981,1570,0.7925290257445734
1152,중랑구,2016-09,2853,2614,0.9162285313704872
1153,중랑구,2016-10,2853,2629,0.9214861549246407
1154,중랑구,2016-11,2853,2629,0.9214861549246407
1155,중랑구,2016-12,2853,2627,0.9207851384507536
1156,중랑구,2017-01,2902,2643,0.9107512060647829
1157,중랑구,2017-02,3012,1870,0.6208499335989376
1158,중랑구,2017-03,3012,2794,0.9276228419654714
1159,중랑구,2017-04,3012,2792,0.9269588313413014
1160,중랑구,2017-05,3012,2782,0.9236387782204515
1161,중랑구,2017-06,3012,2789,0.9259628154050464
1162,중랑구,2017-07,3052,2790,0.9141546526867628
1163,중랑구,2017-08,3092,2853,0.9227037516170763
1164,중랑구,2017-09,3092,2857,0.9239974126778784
1165,중랑구,2017-10,3092,2839,0.9181759379042691
1166,중랑구,2017-11,3092,2837,0.9175291073738681
1167,중랑구,2017-12,3092,2845,0.9201164294954722
1168,중랑구,2018-01,3092,2824,0.9133247089262613
1169,중랑구,2018-02,3092,1989,0.6432729624838293
1170,중랑구,2018-03,3196,2901,0.9076971214017522
1171,중랑구,2018-04,3196,2897,0.9064455569461827
1172,중랑구,2018-05,3196,2904,0.9086357947434293
1173,중랑구,2018-06,3196,2902,0.9080100125156445
1174,중랑구,2018-07,3244,2891,0.8911837237977805
1175,중랑구,2018-08,3235,2861,0.8843894899536322
1176,중랑구,2018-09,3237,2939,0.9079394501081248
1177,중랑구,2018-10,3237,2938,0.9076305220883534
1178,중랑구,2018-11,3237,2937,0.907321594068582
1179,중랑구,2018-12,3277,2982,0.9099786389990845
1180,중랑구,2019-01,3277,2968,0.9057064388159902
1181,중랑구,2019-02,3277,2061,0.6289288983826671
1182,중랑구,2019-03,3337,2978,0.8924183398261912
1183,중랑구,2019-04,3337,2982,0.8936170212765957
1184,중랑구,2019-05,3337,2993,0.8969133952652083
1185,중랑구,2019-06,3337,2998,0.8984117470782139
1186,중랑구,2019-07,3337,2998,0.8984117470782139
1187,중랑구,2019-08,3337,2993,0.8969133952652083
1188,중랑구,2019-09,3357,2994,0.8918677390527256
1189,중랑구,2019-10,3549,3142,0.8853198083967315
1190,중랑구,2019-11,3549,3142,0.8853198083967315
1191,중랑구,2019-12,3684,3195,0.8672638436482085
1192,중랑구,2020-01,3707,3193,0.8613434043701106
1193,중랑구,2020-02,3658,3180,0.8693275013668671
1194,중랑구,2020-03,3678,3197,0.8692224034801522
1195,중랑구,2020-04,3720,3232,0.8688172043010752
1196,중랑구,2020-05,3720,3248,0.8731182795698925
1197,중랑구,2020-06,3794,3236,0.8529256721138639
1198,중랑구,2020-07,3865,3281,0.8489003880983182
1199,중랑구,2020-08,3865,3270,0.8460543337645536
