주소,동,lat,lng
서울특별시 송파구 가락1동,가락1동,37.4964619,127.1055147
서울특별시 송파구 가락2동,가락2동,37.498712,127.1266796
서울특별시 송파구 가락본동,가락본동,37.4954903,127.1217072
서울특별시 구로구 가리봉동,가리봉동,37.4830168,126.887363
서울특별시 금천구 가산동,가산동,37.4754693,126.8842387
서울특별시 강서구 가양제1동,가양제1동,37.5558122,126.8589261
서울특별시 강서구 가양제2동,가양제2동,37.5648322,126.8342406
서울특별시 강서구 가양제3동,가양제3동,37.5610056,126.8604808
서울특별시 종로구 가회동,가회동,37.5828064,126.9848647
서울특별시 은평구 갈현제1동,갈현제1동,37.623527,126.9167796
서울특별시 은평구 갈현제2동,갈현제2동,37.618528,126.9157518
서울특별시 강동구 강일동,강일동,37.5676689,127.1720391
서울특별시 구로구 개봉제1동,개봉제1동,37.5021516,126.8471508
서울특별시 구로구 개봉제2동,개봉제2동,37.4907641,126.8564832
서울특별시 구로구 개봉제3동,개봉제3동,37.4859037,126.8537616
서울특별시 강남구 개포1동,개포1동,37.4817688,127.0576308
서울특별시 강남구 개포2동,개포2동,37.4896011,127.0687685
서울특별시 강남구 개포4동,개포4동,37.4788251,127.0515205
서울특별시 송파구 거여1동,거여1동,37.4970185,127.143372
서울특별시 송파구 거여2동,거여2동,37.493547,127.146788
서울특별시 강동구 고덕제1동,고덕제1동,37.557194,127.1517112
서울특별시 강동구 고덕제2동,고덕제2동,37.5632814,127.1570594
서울특별시 구로구 고척제1동,고척제1동,37.5003741,126.8627053
서울특별시 구로구 고척제2동,고척제2동,37.5065122,126.8583166
서울특별시 마포구 공덕동,공덕동,37.5473874,126.9555575
서울특별시 노원구 공릉1.3동,공릉1.3동,37.6304778,127.0901988
서울특별시 노원구 공릉1동,공릉1동,37.6248346,127.0737922
서울특별시 노원구 공릉2동,공릉2동,37.6211412,127.0832634
서울특별시 강서구 공항동,공항동,37.5528356,126.8112163
서울특별시 광진구 광장동,광장동,37.5477291,127.1042141
서울특별시 중구 광희동,광희동,37.5644798,127.0052446
서울특별시 종로구 교남동,교남동,37.5684349,126.9644739
서울특별시 구로구 구로제1동,구로제1동,37.4929862,126.8757043
서울특별시 구로구 구로제2동,구로제2동,37.4913479,126.883592
서울특별시 구로구 구로제3동,구로제3동,37.4874197,126.890329
서울특별시 구로구 구로제4동,구로제4동,37.4855983,126.8866194
서울특별시 구로구 구로제5동,구로제5동,37.5000966,126.8893137
서울특별시 은평구 구산동,구산동,37.6122006,126.9088192
서울특별시 광진구 구의제1동,구의제1동,37.5424529,127.0856498
서울특별시 광진구 구의제2동,구의제2동,37.5466951,127.0914159
서울특별시 광진구 구의제3동,구의제3동,37.5389296,127.0976813
서울특별시 광진구 군자동,군자동,37.5532424,127.0734923
서울특별시 성동구 금호1가동,금호1가동,37.5547592,127.0211043
서울특별시 성동구 금호2.3가동,금호2.3가동,37.5529815,127.0211044
서울특별시 성동구 금호4가동,금호4가동,37.5472602,127.0223264
서울특별시 강동구 길동,길동,37.5397058,127.1470066
서울특별시 성북구 길음제1동,길음제1동,37.6041422,127.0221588
서울특별시 성북구 길음제2동,길음제2동,37.606614,127.0272973
서울특별시 관악구 낙성대동,낙성대동,37.4762397,126.9583907
서울특별시 관악구 난곡동,난곡동,37.4693789,126.9202006
서울특별시 관악구 난향동,난향동,37.4616858,126.9188389
서울특별시 서대문구 남가좌제1동,남가좌제1동,37.5743455,126.9188972
서울특별시 서대문구 남가좌제2동,남가좌제2동,37.5784486,126.9237802
서울특별시 용산구 남영동,남영동,37.5428503,126.9733899
서울특별시 관악구 남현동,남현동,37.4630565,126.9776244
서울특별시 서초구 내곡동,내곡동,37.4583407,127.0770851
서울특별시 동작구 노량진제1동,노량진제1동,37.512235,126.9419742
서울특별시 동작구 노량진제2동,노량진제2동,37.5085134,126.9372528
서울특별시 은평구 녹번동,녹번동,37.6041196,126.9344912
서울특별시 강남구 논현1동,논현1동,37.5115147,127.0283828
서울특별시 강남구 논현2동,논현2동,37.5135304,127.0315341
서울특별시 광진구 능동,능동,37.5511328,127.0818921
서울특별시 중구 다산동,다산동,37.554376,127.0084746
서울특별시 동대문구 답십리제1동,답십리제1동,37.5716467,127.0515179
서울특별시 동대문구 답십리제2동,답십리제2동,37.5720638,127.0594611
서울특별시 영등포구 당산제1동,당산제1동,37.5249277,126.8974232
서울특별시 영등포구 당산제2동,당산제2동,37.5347036,126.9021445
서울특별시 영등포구 대림제1동,대림제1동,37.4955091,126.899438
서울특별시 영등포구 대림제2동,대림제2동,37.4955091,126.899438
서울특별시 영등포구 대림제3동,대림제3동,37.498236,126.8980349
서울특별시 동작구 대방동,대방동,37.5067515,126.9277454
서울특별시 은평구 대조동,대조동,37.6126506,126.9243912
서울특별시 강남구 대치1동,대치1동,37.4932114,127.0567416
서울특별시 강남구 대치2동,대치2동,37.5021274,127.0641296
서울특별시 강남구 대치4동,대치4동,37.4997386,127.0577693
서울특별시 관악구 대학동,대학동,37.470546,126.9368929
서울특별시 마포구 대흥동,대흥동,37.5498968,126.9427567
서울특별시 강남구 도곡1동,도곡1동,37.4908234,127.0382995
서울특별시 강남구 도곡2동,도곡2동,37.4824625,127.0430492
서울특별시 영등포구 도림동,도림동,37.5082421,126.9015397
서울특별시 도봉구 도봉제1동,도봉제1동,37.6786055,127.0433486
서울특별시 도봉구 도봉제2동,도봉제2동,37.6695786,127.0464596
서울특별시 마포구 도화동,도화동,37.5395606,126.9506254
서울특별시 금천구 독산제1동,독산제1동,37.4700734,126.8969528
서울특별시 금천구 독산제2동,독산제2동,37.4659619,126.8997027
서울특별시 금천구 독산제3동,독산제3동,37.4765728,126.9080626
서울특별시 금천구 독산제4동,독산제4동,37.4676288,126.9020634
서울특별시 성북구 돈암제1동,돈암제1동,37.6033644,127.0264084
서울특별시 성북구 돈암제2동,돈암제2동,37.5978368,127.0107711
서울특별시 성북구 동선동,동선동,37.5935604,127.0157427
서울특별시 중구 동화동,동화동,37.559973,127.018296
서울특별시 강동구 둔촌제1동,둔촌제1동,37.5392074,127.1461206
서울특별시 강동구 둔촌제2동,둔촌제2동,37.53332,127.1419272
서울특별시 강서구 등촌제1동,등촌제1동,37.5558122,126.8589261
서울특별시 강서구 등촌제2동,등촌제2동,37.5425909,126.8624812
서울특별시 강서구 등촌제3동,등촌제3동,37.5588666,126.8477051
서울특별시 성동구 마장동,마장동,37.5670762,127.0407445
서울특별시 송파구 마천1동,마천1동,37.4959357,127.1498994
서울특별시 송파구 마천2동,마천2동,37.4968796,127.1485105
서울특별시 중랑구 망우본동,망우본동,37.6012551,127.1065397
서울특별시 중랑구 망우제3동,망우제3동,37.5927,127.0981797
서울특별시 마포구 망원제1동,망원제1동,37.5555904,126.9055602
서울특별시 마포구 망원제2동,망원제2동,37.5602564,126.9022268
서울특별시 중랑구 면목본동,면목본동,37.5873125,127.0874309
서울특별시 중랑구 면목제2동,면목제2동,37.5897,127.0790427
서울특별시 중랑구 면목제3.8동,면목제3.8동,37.582979,127.088014
서울특별시 중랑구 면목제4동,면목제4동,37.574675,127.0855975
서울특별시 중랑구 면목제5동,면목제5동,37.5857565,127.0795146
서울특별시 중랑구 면목제7동,면목제7동,37.5788965,127.0867362
서울특별시 중구 명동,명동,37.55998,126.9858296
서울특별시 종로구 명륜3가동,명륜3가동,37.5833663,126.9977728
서울특별시 강동구 명일제1동,명일제1동,37.5392074,127.1461206
서울특별시 강동구 명일제2동,명일제2동,37.5392074,127.1461206
서울특별시 양천구 목1동,목1동,37.5303155,126.8711197
서울특별시 양천구 목2동,목2동,37.5460906,126.8717032
서울특별시 양천구 목3동,목3동,37.5448407,126.8643419
서울특별시 양천구 목4동,목4동,37.5323423,126.8683419
서울특별시 양천구 목5동,목5동,37.5350651,126.8785078
서울특별시 종로구 무악동,무악동,37.5767914,126.9582275
서울특별시 중랑구 묵제1동,묵제1동,37.6124092,127.0785743
서울특별시 중랑구 묵제2동,묵제2동,37.6000262,127.0778661
서울특별시 영등포구 문래동,문래동,37.5169837,126.8993953
서울특별시 송파구 문정1동,문정1동,37.490047,127.1241801
서울특별시 송파구 문정2동,문정2동,37.4898248,127.1108474
서울특별시 관악구 미성동,미성동,37.476128,126.9156168
서울특별시 강북구 미아동,미아동,37.6219876,127.0235677
서울특별시 서초구 반포1동,반포1동,37.506043,127.0126625
서울특별시 서초구 반포2동,반포2동,37.5044869,126.9944423
서울특별시 서초구 반포3동,반포3동,37.5119312,127.0055521
서울특별시 서초구 반포4동,반포4동,37.4975719,127.000386
서울특별시 서초구 반포본동,반포본동,37.5004593,126.9861093
서울특별시 강서구 발산제1동,발산제1동,37.5530061,126.8333727
서울특별시 서초구 방배1동,방배1동,37.4832955,126.9944149
서울특별시 서초구 방배2동,방배2동,37.4798788,126.9854989
서울특별시 서초구 방배3동,방배3동,37.480185,126.9990806
서울특별시 서초구 방배4동,방배4동,37.4895447,126.9912761
서울특별시 서초구 방배본동,방배본동,37.4941271,126.9887762
서울특별시 송파구 방이1동,방이1동,37.5109334,127.1238455
서울특별시 송파구 방이2동,방이2동,37.5145158,127.1144024
서울특별시 도봉구 방학제1동,방학제1동,37.6641352,127.0406833
서울특별시 도봉구 방학제2동,방학제2동,37.6681901,127.0350444
서울특별시 도봉구 방학제3동,방학제3동,37.6591356,127.0279067
서울특별시 강서구 방화제1동,방화제1동,37.5714755,126.8122083
서울특별시 강서구 방화제2동,방화제2동,37.5480629,126.841817
서울특별시 강서구 방화제3동,방화제3동,37.5785856,126.8136239
서울특별시 강북구 번1동,번1동,37.6378322,127.0287962
서울특별시 강북구 번2동,번2동,37.6321391,127.0386284
서울특별시 강북구 번3동,번3동,37.625834,127.0465718
서울특별시 강북구 번제1동,번제1동,37.6377279,127.0305766
서울특별시 강북구 번제2동,번제2동,37.6279206,127.037216
서울특별시 강북구 번제3동,번제3동,37.6279206,127.037216
서울특별시 용산구 보광동,보광동,37.5268849,127.0017003
서울특별시 관악구 보라매동,보라매동,37.4880718,126.9326988
서울특별시 성북구 보문동,보문동,37.5803121,127.0227704
서울특별시 종로구 부암동,부암동,37.5934957,126.9672852
서울특별시 서대문구 북가좌제1동,북가좌제1동,37.5795042,126.9069208
서울특별시 서대문구 북가좌제2동,북가좌제2동,37.581421,126.9111143
서울특별시 서대문구 북아현동,북아현동,37.5636974,126.9549002
서울특별시 은평구 불광제1동,불광제1동,37.623527,126.9167796
서울특별시 은평구 불광제2동,불광제2동,37.6215274,126.9276956
서울특별시 성동구 사근동,사근동,37.5589469,127.046752
서울특별시 동작구 사당제1동,사당제1동,37.476379,126.9735832
서울특별시 동작구 사당제2동,사당제2동,37.4886556,126.9792213
서울특별시 동작구 사당제3동,사당제3동,37.4866557,126.971972
서울특별시 동작구 사당제4동,사당제4동,37.4809894,126.9715562
서울특별시 동작구 사당제5동,사당제5동,37.4857107,126.9667226
서울특별시 종로구 사직동,사직동,37.5753838,126.9658263
서울특별시 강북구 삼각산동,삼각산동,37.6166126,127.0174369
서울특별시 성북구 삼선동,삼선동,37.5939763,127.0105212
서울특별시 강남구 삼성1동,삼성1동,37.5117931,127.0553802
서울특별시 강남구 삼성2동,삼성2동,37.511098,127.0459091
서울특별시 관악구 삼성동,삼성동,37.5147968,127.0550895
서울특별시 강북구 삼양동,삼양동,37.620695,127.0127143
서울특별시 송파구 삼전동,삼전동,37.5018103,127.0897698
서울특별시 종로구 삼청동,삼청동,37.5898785,126.9813798
서울특별시 노원구 상계10동,상계10동,37.6612189,127.0601815
서울특별시 노원구 상계1동,상계1동,37.6796616,127.0549865
서울특별시 노원구 상계2동,상계2동,37.6587754,127.0684857
서울특별시 노원구 상계3.4동,상계3.4동,37.6637749,127.0753459
서울특별시 노원구 상계5동,상계5동,37.6628859,127.0693465
서울특별시 노원구 상계6.7동,상계6.7동,37.6530259,127.0581539
서울특별시 노원구 상계8동,상계8동,37.6666901,127.0515152
서울특별시 노원구 상계9동,상계9동,37.6644966,127.063792
서울특별시 동작구 상도제1동,상도제1동,37.498071,126.9530576
서울특별시 동작구 상도제2동,상도제2동,37.5054029,126.9422524
서울특별시 동작구 상도제3동,상도제3동,37.4991534,126.9315036
서울특별시 동작구 상도제4동,상도제4동,37.5004864,126.937725
서울특별시 중랑구 상봉제1동,상봉제1동,37.5998379,127.0871526
서울특별시 중랑구 상봉제2동,상봉제2동,37.5897,127.0790427
서울특별시 마포구 상암동,상암동,37.5715459,126.877877
서울특별시 강동구 상일동,상일동,37.5508013,127.1698689
서울특별시 마포구 서강동,서강동,37.5480085,126.9324192
서울특별시 마포구 서교동,서교동,37.5536496,126.9200803
서울특별시 관악구 서림동,서림동,37.4749615,126.934949
서울특별시 용산구 서빙고동,서빙고동,37.5191265,126.991401
서울특별시 관악구 서원동,서원동,37.4797388,126.9313932
서울특별시 서초구 서초1동,서초1동,37.4887673,127.0190234
서울특별시 서초구 서초2동,서초2동,37.492017,127.0247167
서울특별시 서초구 서초3동,서초3동,37.4876872,127.0174271
서울특별시 서초구 서초4동,서초4동,37.5026266,127.0221057
서울특별시 성북구 석관동,석관동,37.6079392,127.0611739
서울특별시 송파구 석촌동,석촌동,37.502828,127.1041069
서울특별시 강동구 성내제1동,성내제1동,37.530375,127.1223451
서울특별시 강동구 성내제2동,성내제2동,37.5323199,127.1294284
서울특별시 강동구 성내제3동,성내제3동,37.5259868,127.1329002
서울특별시 성북구 성북동,성북동,37.5963213,126.9925431
서울특별시 마포구 성산제1동,성산제1동,37.5632282,126.9078651
서울특별시 마포구 성산제2동,성산제2동,37.5685335,126.9086709
서울특별시 성동구 성수1가제1동,성수1가제1동,37.5420391,127.0496855
서울특별시 성동구 성수1가제2동,성수1가제2동,37.5463162,127.0442692
서울특별시 성동구 성수2가제1동,성수2가제1동,37.5395117,127.0540462
서울특별시 성동구 성수2가제3동,성수2가제3동,37.5482051,127.0552403
서울특별시 관악구 성현동,성현동,37.4894329,126.9481693
서울특별시 강남구 세곡동,세곡동,37.4644483,127.1066379
서울특별시 중구 소공동,소공동,37.5638976,126.9799891
서울특별시 성동구 송정동,송정동,37.5541037,127.0621614
서울특별시 강북구 송중동,송중동,37.615974,127.0336574
서울특별시 강북구 송천동,송천동,37.6180845,127.0237133
서울특별시 송파구 송파1동,송파1동,37.504609,127.1119305
서울특별시 송파구 송파2동,송파2동,37.5022674,127.1166805
서울특별시 구로구 수궁동,수궁동,37.4939023,126.8314305
서울특별시 은평구 수색동,수색동,37.5849864,126.8928476
서울특별시 강남구 수서동,수서동,37.4855136,127.0984643
서울특별시 강북구 수유1동,수유1동,37.6387326,127.0089103
서울특별시 강북구 수유2동,수유2동,37.6446372,127.0198799
서울특별시 강북구 수유3동,수유3동,37.63886,127.0231577
서울특별시 강북구 수유제1동,수유제1동,37.63,127.0175472
서울특별시 강북구 수유제2동,수유제2동,37.6479697,127.0118806
서울특별시 강북구 수유제3동,수유제3동,37.63886,127.0231577
서울특별시 종로구 숭인제1동,숭인제1동,37.5747055,127.0186416
서울특별시 종로구 숭인제2동,숭인제2동,37.5748401,127.0199652
서울특별시 금천구 시흥제1동,시흥제1동,37.4535195,126.9031187
서울특별시 금천구 시흥제2동,시흥제2동,37.4659619,126.8997027
서울특별시 금천구 시흥제3동,시흥제3동,37.4402156,126.9057857
서울특별시 금천구 시흥제4동,시흥제4동,37.4589629,126.9060902
서울특별시 금천구 시흥제5동,시흥제5동,37.4523531,126.9082851
서울특별시 영등포구 신길제1동,신길제1동,37.5109018,126.9213373
서울특별시 영등포구 신길제3동,신길제3동,37.507263,126.9077007
서울특별시 영등포구 신길제4동,신길제4동,37.508319,126.9113663
서울특별시 영등포구 신길제5동,신길제5동,37.5015967,126.9052561
서울특별시 영등포구 신길제6동,신길제6동,37.499347,126.9098667
서울특별시 영등포구 신길제7동,신길제7동,37.5063464,126.9213654
서울특별시 중랑구 신내1동,신내1동,37.6057824,127.0994562
서울특별시 중랑구 신내2동,신내2동,37.6062543,127.0941517
서울특별시 중구 신당동,신당동,37.556819,127.0154305
서울특별시 중구 신당제1동,신당제1동,37.565064,127.021826
서울특별시 중구 신당제2동,신당제2동,37.5748401,127.0199652
서울특별시 중구 신당제3동,신당제3동,37.5525373,127.0089946
서울특별시 중구 신당제4동,신당제4동,37.5570088,127.0146609
서울특별시 중구 신당제5동,신당제5동,37.565064,127.021826
서울특별시 중구 신당제6동,신당제6동,37.5598976,127.0195213
서울특별시 동작구 신대방제1동,신대방제1동,37.4889042,126.9100339
서울특별시 동작구 신대방제2동,신대방제2동,37.4989034,126.9258932
서울특별시 구로구 신도림동,신도림동,37.5105874,126.8830734
서울특별시 관악구 신림동,신림동,37.4630314,126.9347745
서울특별시 관악구 신사동,신사동,37.522901,127.0246548
서울특별시 강남구 신사동,신사동,37.522901,127.0246548
서울특별시 은평구 신사제1동,신사제1동,37.598002,126.9121697
서울특별시 은평구 신사제2동,신사제2동,37.5953803,126.9075953
서울특별시 마포구 신수동,신수동,37.5480088,126.9372619
서울특별시 관악구 신원동,신원동,37.4451504,127.0596521
서울특별시 양천구 신월1동,신월1동,37.5329255,126.8313455
서울특별시 양천구 신월2동,신월2동,37.5249267,126.8445674
서울특별시 양천구 신월3동,신월3동,37.5335914,126.8290407
서울특별시 양천구 신월4동,신월4동,37.5247317,126.8400678
서울특별시 양천구 신월5동,신월5동,37.5396466,126.8273457
서울특별시 양천구 신월6동,신월6동,37.5160668,126.8436787
서울특별시 양천구 신월7동,신월7동,37.5218429,126.8346794
서울특별시 양천구 신정1동,신정1동,37.5184827,126.8542326
서울특별시 양천구 신정2동,신정2동,37.5191779,126.870676
서울특별시 양천구 신정3동,신정3동,37.5150671,126.8548167
서울특별시 양천구 신정4동,신정4동,37.5233712,126.8586771
서울특별시 양천구 신정6동,신정6동,37.5169831,126.8643707
서울특별시 양천구 신정7동,신정7동,37.5143723,126.8596492
서울특별시 서대문구 신촌동,신촌동,37.5651557,126.9433451
서울특별시 도봉구 쌍문제1동,쌍문제1동,37.6522545,127.0304855
서울특별시 도봉구 쌍문제2동,쌍문제2동,37.6545436,127.0346127
서울특별시 도봉구 쌍문제3동,쌍문제3동,37.6522545,127.0304855
서울특별시 도봉구 쌍문제4동,쌍문제4동,37.6522545,127.0304855
서울특별시 마포구 아현동,아현동,37.554422,126.9559626
서울특별시 성북구 안암동,안암동,37.5858384,127.0213534
서울특별시 강동구 암사제1동,암사제1동,37.5619609,127.1453531
서울특별시 강동구 암사제2동,암사제2동,37.566695,127.1381688
서울특별시 강동구 암사제3동,암사제3동,37.5634189,127.1413985
서울특별시 강남구 압구정동,압구정동,37.52883,127.0295045
서울특별시 중구 약수동,약수동,37.5615738,127.0194523
서울특별시 서초구 양재1동,양재1동,37.4844071,127.0361048
서울특별시 서초구 양재2동,양재2동,37.4707419,127.0413547
서울특별시 영등포구 양평제1동,양평제1동,37.5236497,126.8882292
서울특별시 영등포구 양평제2동,양평제2동,37.5396754,126.8888401
서울특별시 영등포구 여의동,여의동,37.5175402,126.9345308
서울특별시 강남구 역삼1동,역삼1동,37.4999072,127.0373932
서울특별시 강남구 역삼2동,역삼2동,37.4959889,127.0467425
서울특별시 은평구 역촌동,역촌동,37.60508,126.9121446
서울특별시 마포구 연남동,연남동,37.5626693,126.9223734
서울특별시 서대문구 연희동,연희동,37.5725293,126.9312648
서울특별시 마포구 염리동,염리동,37.5492254,126.9472146
서울특별시 강서구 염창동,염창동,37.5559718,126.8712408
서울특별시 영등포구 영등포동,영등포동,37.5134157,126.9067835
서울특별시 영등포구 영등포본동,영등포본동,37.5145952,126.9093664
서울특별시 송파구 오금동,오금동,37.5037347,127.1339176
서울특별시 구로구 오류제1동,오류제1동,37.4967632,126.8450681
서울특별시 구로구 오류제2동,오류제2동,37.4887641,126.8395129
서울특별시 송파구 오륜동,오륜동,37.5154331,127.1343724
서울특별시 성동구 옥수동,옥수동,37.5420259,127.0219996
서울특별시 성동구 왕십리도선동,왕십리도선동,37.5659801,127.031437
서울특별시 성동구 왕십리제2동,왕십리제2동,37.5610086,127.0304642
서울특별시 마포구 용강동,용강동,37.5412882,126.9404514
서울특별시 성동구 용답동,용답동,37.5624296,127.0550851
서울특별시 용산구 용문동,용문동,37.5377219,126.9597098
서울특별시 용산구 용산2가동,용산2가동,37.5458707,126.9854421
서울특별시 동대문구 용신동,용신동,37.5762288,127.0302138
서울특별시 강북구 우이동,우이동,37.6632405,126.9992181
서울특별시 강서구 우장산동,우장산동,37.5480629,126.841817
서울특별시 용산구 원효로제1동,원효로제1동,37.5371771,126.9676658
서울특별시 용산구 원효로제2동,원효로제2동,37.5342605,126.9515837
서울특별시 노원구 월계1동,월계1동,37.619835,127.0629324
서울특별시 노원구 월계2동,월계2동,37.6324443,127.0507382
서울특별시 노원구 월계3동,월계3동,37.620919,127.0692367
서울특별시 성북구 월곡제1동,월곡제1동,37.610225,127.0374875
서울특별시 성북구 월곡제2동,월곡제2동,37.6001709,127.0272973
서울특별시 송파구 위례동,위례동,37.4811919,127.1441343
서울특별시 관악구 은천동,은천동,37.4869051,126.94142
서울특별시 중구 을지로동,을지로동,37.5667292,126.9913019
서울특별시 성동구 응봉동,응봉동,37.5505366,127.0348586
서울특별시 은평구 응암제1동,응암제1동,37.6006408,126.9267236
서울특별시 은평구 응암제2동,응암제2동,37.5945306,126.9231128
서울특별시 은평구 응암제3동,응암제3동,37.5922528,126.9157525
서울특별시 동대문구 이문제1동,이문제1동,37.6004162,127.0655265
서울특별시 동대문구 이문제2동,이문제2동,37.5673695,127.0612392
서울특별시 용산구 이촌제1동,이촌제1동,37.5213736,126.9731935
서울특별시 용산구 이촌제2동,이촌제2동,37.5342605,126.9515837
서울특별시 용산구 이태원제1동,이태원제1동,37.5324559,126.9950799
서울특별시 용산구 이태원제2동,이태원제2동,37.5418991,126.9901913
서울특별시 종로구 이화동,이화동,37.5773254,127.0054705
서울특별시 강북구 인수동,인수동,37.6351934,127.0191862
서울특별시 관악구 인헌동,인헌동,37.475074,126.965307
서울특별시 강남구 일원1동,일원1동,37.4917961,127.0879606
서울특별시 강남구 일원2동,일원2동,37.4921008,127.073629
서울특별시 강남구 일원본동,일원본동,37.4833521,127.086378
서울특별시 광진구 자양제1동,자양제1동,37.5385957,127.0730723
서울특별시 광진구 자양제2동,자양제2동,37.5387393,127.0699124
서울특별시 광진구 자양제3동,자양제3동,37.537702,127.069424
서울특별시 광진구 자양제4동,자양제4동,37.5324005,127.0715809
서울특별시 송파구 잠실2동,잠실2동,37.5156676,127.0856413
서울특별시 송파구 잠실3동,잠실3동,37.5071834,127.0941266
서울특별시 송파구 잠실4동,잠실4동,37.5200285,127.1084342
서울특별시 송파구 잠실6동,잠실6동,37.5179042,127.1007366
서울특별시 송파구 잠실7동,잠실7동,37.5087379,127.0770452
서울특별시 송파구 잠실본동,잠실본동,37.5061273,127.0842945
서울특별시 서초구 잠원동,잠원동,37.5153035,127.0093893
서울특별시 동대문구 장안제1동,장안제1동,37.5783962,127.0705438
서울특별시 동대문구 장안제2동,장안제2동,37.5784239,127.070599
서울특별시 성북구 장위제1동,장위제1동,37.6156087,127.0507954
서울특별시 성북구 장위제2동,장위제2동,37.6122528,127.0545994
서울특별시 성북구 장위제3동,장위제3동,37.6165023,127.0565711
서울특별시 송파구 장지동,장지동,37.4785724,127.1320169
서울특별시 중구 장충동,장충동,37.5617581,127.0077164
서울특별시 동대문구 전농제1동,전농제1동,37.5779387,127.04775
서울특별시 동대문구 전농제2동,전농제2동,37.578451,127.0576841
서울특별시 성북구 정릉제1동,정릉제1동,37.6013925,127.0166034
서울특별시 성북구 정릉제2동,정릉제2동,37.604475,127.0109379
서울특별시 성북구 정릉제3동,정릉제3동,37.6087243,127.0041325
서울특별시 성북구 정릉제4동,정릉제4동,37.6133078,127.006965
서울특별시 동대문구 제기동,제기동,37.5847824,127.0368405
서울특별시 관악구 조원동,조원동,37.4810442,126.9090343
서울특별시 종로구 종로1.2.3.4가동,종로1.2.3.4가동,37.5706457,126.988968
서울특별시 종로구 종로5.6가동,종로5.6가동,37.5719508,127.0050224
서울특별시 성북구 종암동,종암동,37.596525,127.0332811
서울특별시 노원구 중계1동,중계1동,37.6514398,127.0831273
서울특별시 노원구 중계2.3동,중계2.3동,37.6406105,127.0651536
서울특별시 노원구 중계4동,중계4동,37.6587195,127.0779568
서울특별시 노원구 중계본동,중계본동,37.6477769,127.0802349
서울특별시 광진구 중곡제1동,중곡제1동,37.5606486,127.0799594
서울특별시 광진구 중곡제2동,중곡제2동,37.5606486,127.0799594
서울특별시 광진구 중곡제3동,중곡제3동,37.5687026,127.0800152
서울특별시 광진구 중곡제4동,중곡제4동,37.5653701,127.0874036
서울특별시 중구 중림동,중림동,37.5591646,126.9655627
서울특별시 관악구 중앙동,중앙동,37.4841276,126.9497523
서울특별시 중랑구 중화제1동,중화제1동,37.6011436,127.0805692
서울특별시 중랑구 중화제2동,중화제2동,37.5949493,127.0748759
서울특별시 은평구 증산동,증산동,37.583179,126.9061068
서울특별시 은평구 진관동,진관동,37.6422519,126.934085
서울특별시 종로구 창신제1동,창신제1동,37.5707016,127.0163823
서울특별시 종로구 창신제2동,창신제2동,37.5744233,127.010855
서울특별시 종로구 창신제3동,창신제3동,37.5778119,127.0150212
서울특별시 도봉구 창제1동,창제1동,37.6483315,127.0437663
서울특별시 도봉구 창제2동,창제2동,37.641388,127.035656
서울특별시 도봉구 창제3동,창제3동,37.641388,127.035656
서울특별시 도봉구 창제4동,창제4동,37.6522306,127.0515139
서울특별시 도봉구 창제5동,창제5동,37.6562472,127.0435717
서울특별시 서대문구 천연동,천연동,37.5678141,126.9597564
서울특별시 강동구 천호제1동,천호제1동,37.5450685,127.1367043
서울특별시 강동구 천호제2동,천호제2동,37.543462,127.1231788
서울특별시 강동구 천호제3동,천호제3동,37.539763,127.1297892
서울특별시 중구 청구동,청구동,37.5570753,127.0146477
서울특별시 강남구 청담동,청담동,37.5255867,127.0522746
서울특별시 동대문구 청량리동,청량리동,37.5883148,127.0460899
서울특별시 관악구 청룡동,청룡동,37.4791001,126.9416142
서울특별시 관악구 청림동,청림동,37.4917938,126.9586402
서울특별시 종로구 청운효자동,청운효자동,37.5840608,126.9705804
서울특별시 용산구 청파동,청파동,37.5435097,126.9696097
서울특별시 서대문구 충현동,충현동,37.5628962,126.9623598
서울특별시 종로구 평창동,평창동,37.6139675,126.9743016
서울특별시 송파구 풍납1동,풍납1동,37.5382351,127.1220949
서울특별시 송파구 풍납2동,풍납2동,37.5286251,127.1164568
서울특별시 중구 필동,필동,37.5600911,126.9955787
서울특별시 노원구 하계1동,하계1동,37.6405557,127.0725689
서울특별시 노원구 하계2동,하계2동,37.6320006,127.0679316
서울특별시 용산구 한강로동,한강로동,37.5290615,126.9694881
서울특별시 용산구 한남동,한남동,37.5374384,127.0060971
서울특별시 마포구 합정동,합정동,37.5478042,126.9079929
서울특별시 성동구 행당제1동,행당제1동,37.5584767,127.0360833
서울특별시 성동구 행당제2동,행당제2동,37.5582034,127.0293536
서울특별시 관악구 행운동,행운동,37.4805452,126.9571127
서울특별시 종로구 혜화동,혜화동,37.587822,127.0023228
서울특별시 서대문구 홍은제1동,홍은제1동,37.5988376,126.9471453
서울특별시 서대문구 홍은제2동,홍은제2동,37.5828653,126.9364458
서울특별시 서대문구 홍제제1동,홍제제1동,37.58767,126.944944
서울특별시 서대문구 홍제제2동,홍제제2동,37.5828653,126.9364458
서울특별시 서대문구 홍제제3동,홍제제3동,37.5939752,126.9495272
서울특별시 강서구 화곡본동,화곡본동,37.5381184,126.8471024
서울특별시 강서구 화곡제1동,화곡제1동,37.530398,126.8415945
서울특별시 강서구 화곡제2동,화곡제2동,37.5319531,126.8544552
서울특별시 강서구 화곡제3동,화곡제3동,37.5425905,126.8382335
서울특별시 강서구 화곡제4동,화곡제4동,37.5330091,126.8632873
서울특별시 강서구 화곡제6동,화곡제6동,37.5517566,126.8500661
서울특별시 강서구 화곡제8동,화곡제8동,37.5326759,126.8485388
서울특별시 광진구 화양동,화양동,37.5435023,127.0736981
서울특별시 중구 황학동,황학동,37.5685914,127.0204705
서울특별시 동대문구 회기동,회기동,37.594437,127.0521251
서울특별시 중구 회현동,회현동,37.5572302,126.9793303
서울특별시 용산구 효창동,효창동,37.543576,126.9607221
서울특별시 용산구 후암동,후암동,37.5503851,126.9805049
서울특별시 동대문구 휘경제1동,휘경제1동,37.5900176,127.0636187
서울특별시 동대문구 휘경제2동,휘경제2동,37.5909942,127.0684019
서울특별시 동작구 흑석동,흑석동,37.5052783,126.9638232
