,no_capa,no_capa,no_capa,no_capa,no_capa,no_capa,no_capa,no_capa,no_capa,no_capa,no_capa,no_capa,no_capa,no_capa,no_capa,no_capa,no_capa,no_capa,no_capa,no_capa,no_capa,no_capa,no_capa,no_capa,no_capa,no_enroll,no_enroll,no_enroll,no_enroll,no_enroll,no_enroll,no_enroll,no_enroll,no_enroll,no_enroll,no_enroll,no_enroll,no_enroll,no_enroll,no_enroll,no_enroll,no_enroll,no_enroll,no_enroll,no_enroll,no_enroll,no_enroll,no_enroll,no_enroll,no_enroll,cap_ratio,cap_ratio,cap_ratio,cap_ratio,cap_ratio,cap_ratio,cap_ratio,cap_ratio,cap_ratio,cap_ratio,cap_ratio,cap_ratio,cap_ratio,cap_ratio,cap_ratio,cap_ratio,cap_ratio,cap_ratio,cap_ratio,cap_ratio,cap_ratio,cap_ratio,cap_ratio,cap_ratio,cap_ratio
sigungu,강남구,강동구,강북구,강서구,관악구,광진구,구로구,금천구,노원구,도봉구,동대문구,동작구,마포구,서대문구,서초구,성동구,성북구,송파구,양천구,영등포구,용산구,은평구,종로구,중구,중랑구,강남구,강동구,강북구,강서구,관악구,광진구,구로구,금천구,노원구,도봉구,동대문구,동작구,마포구,서대문구,서초구,성동구,성북구,송파구,양천구,영등포구,용산구,은평구,종로구,중구,중랑구,강남구,강동구,강북구,강서구,관악구,광진구,구로구,금천구,노원구,도봉구,동대문구,동작구,마포구,서대문구,서초구,성동구,성북구,송파구,양천구,영등포구,용산구,은평구,종로구,중구,중랑구
ops_day,,,,,,,,,,,,,,,,,,,,,,,,,,,,,,,,,,,,,,,,,,,,,,,,,,,,,,,,,,,,,,,,,,,,,,,,,,,
2016-09-30,11684,12781,8686,17134,11731,8959,13818,8217,14105,10166,9536,10024,9620,7283,9706,8040,11886,16441,12978,11871,5323,14757,4939,4133,11681,10057,11039,7683,15218,10398,7709,12704,6860,12289,8665,8307,8713,8367,6319,8635,6962,10236,14692,11325,9910,4730,12301,3921,3481,10094,0.8607497432386169,0.8637039355293014,0.8845268247755008,0.8881755573713085,0.8863694484698662,0.8604754994977118,0.9193805181647127,0.8348545697943288,0.8712513293158455,0.8523509738343498,0.871119966442953,0.8692138866719872,0.8697505197505198,0.8676369627900591,0.8896558829589944,0.8659203980099502,0.8611812216052499,0.8936196095128034,0.8726306056403144,0.834807514110016,0.8885966560210408,0.8335705089110252,0.7938854019032193,0.8422453423663199,0.8641383443198356
2016-10-31,11775,12781,8666,17126,11731,9078,13817,8201,14097,10166,9488,10024,9620,7283,9842,8081,11849,16352,13058,11884,5323,14680,4939,4133,11658,10155,11177,7674,15339,10445,7779,12760,6899,12400,8753,8309,8761,8390,6351,8612,7009,10277,14707,11388,9983,4764,12429,3934,3484,10184,0.8624203821656051,0.8745012127376575,0.8855296561273944,0.8956557281326638,0.8903759270309437,0.856906807666887,0.9235000361873055,0.8412388733081332,0.8796197772575726,0.861007279165847,0.8757377740303541,0.8740023942537909,0.8721413721413721,0.8720307565563641,0.8750254013411908,0.8673431506001732,0.867330576419951,0.8994006849315068,0.8721090519221933,0.8400370245708516,0.8949840315611497,0.8466621253405995,0.7965175136667342,0.8429712073554319,0.8735632183908046
2016-11-30,11794,12830,8735,17363,11673,9078,13890,8207,14097,10146,9508,9950,9616,7230,9862,8113,11793,16332,13058,11869,5323,14644,4939,4136,11657,10191,11268,7714,15397,10448,7819,12771,6916,12482,8794,8337,8779,8381,6365,8774,7032,10312,14810,11411,10021,4779,12480,3942,3476,10277,0.8640834322536883,0.8782540919719407,0.8831139095592444,0.8867707193457351,0.8950569690739313,0.8613130645516633,0.9194384449244061,0.8426952601437797,0.8854366177200823,0.8667455154740784,0.8768405553218342,0.8823115577889448,0.8715682196339434,0.8803596127247579,0.8896775501926587,0.8667570565758659,0.8744170270499448,0.9068087190791085,0.8738704242609895,0.8443002780352178,0.8978019913582567,0.8522261677137394,0.798137274751974,0.8404255319148937,0.8816161962769151
2016-12-31,11794,12906,8769,17363,11772,9078,13905,8213,14137,10205,9532,9950,9586,7204,9934,8133,11863,16393,13059,11802,5323,14693,4939,4136,11657,10219,11302,7736,15433,10473,7856,12765,6950,12534,8849,8364,8796,8334,6373,8795,7049,10376,14867,11450,10042,4790,12515,3901,3446,10302,0.8664575207732745,0.8757167209050054,0.8821986543505531,0.8888440937625987,0.8896534148827727,0.8653888521700815,0.918015102481122,0.8462194082552051,0.8866096059984439,0.8671239588437041,0.8774653797733949,0.8840201005025126,0.8693928645941998,0.884647418101055,0.8853432655526474,0.8667158490102054,0.8746522801989379,0.9069114866101384,0.8767899532889195,0.850872733435011,0.8998684952094683,0.851766147144899,0.7898359991901195,0.8331721470019342,0.8837608304023333
2017-01-31,11775,12921,8758,17351,12047,9059,13899,8229,14137,10205,9532,10068,9557,7226,9961,8239,11863,16471,13059,11839,5323,14734,4904,4137,11667,10124,11256,7668,15466,10404,7827,12689,6997,12485,8838,8342,8762,8266,6375,8759,6990,10351,14798,11447,9961,4728,12450,3889,3418,10263,0.8597876857749469,0.8711400046436034,0.8755423612696963,0.8913607284882715,0.8636174981323151,0.8640026492990396,0.9129433772213829,0.8502855754040588,0.8831435240857325,0.8660460558549731,0.8751573646663869,0.8702820818434645,0.864915768546615,0.8822308331026848,0.8793293845999398,0.848403932516082,0.8725448874652281,0.8984275393115172,0.8765602266636037,0.8413717374778276,0.8882209280480932,0.8449843898466133,0.793026101141925,0.8262025622431713,0.8796605811262536
2017-02-28,11775,13078,8716,17352,12104,9059,13899,8275,14118,10200,9532,10053,9530,7256,10040,8219,11858,16566,13102,11881,5305,14714,4904,4137,11777,6409,7123,5076,9904,6396,5128,7820,4842,7660,5852,5268,5407,5139,4259,5367,4396,6461,9161,7078,6206,3186,8124,2702,2315,6856,0.5442887473460721,0.5446551460467961,0.5823772372648004,0.5707699400645458,0.5284203569068077,0.5660668948007507,0.5626304050651126,0.5851359516616315,0.5425697690891061,0.5737254901960784,0.5526647083508183,0.5378493981895951,0.5392444910807975,0.586962513781698,0.5345617529880478,0.5348582552621973,0.5448642266824085,0.5530001207292043,0.5402228667379027,0.5223466038212272,0.6005655042412819,0.5521272257713742,0.550978792822186,0.5595842397872854,0.5821516515241573
2017-03-31,11622,13017,8602,17187,11832,8978,13798,8215,14079,10103,9430,9700,9407,7236,9892,8133,11685,16751,12956,11783,5250,14500,4788,4191,11689,9674,10818,7057,14831,9934,7254,12125,6632,11388,7903,7778,8547,7997,6165,8685,6951,9453,14191,10689,9836,4635,11156,3781,3341,9647,0.8323868525210807,0.8310670661442728,0.8203906068356196,0.8629196485715948,0.8395875591615957,0.8079750501225217,0.8787505435570373,0.807303712720633,0.8088642659279779,0.7822428981490647,0.8248144220572641,0.8811340206185567,0.8501116190071224,0.8519900497512438,0.877982207844723,0.8546661748432313,0.8089858793324776,0.847173303086383,0.825023155294844,0.8347619451752525,0.8828571428571429,0.7693793103448275,0.7896825396825397,0.7971844428537342,0.8253058431003507
2017-04-30,11586,12859,8538,17167,11832,8978,13666,8191,14043,10027,9427,9698,9329,7165,9890,8182,11762,16916,12850,11753,5328,14284,4788,4219,11656,9762,11012,7087,14905,10017,7357,12196,6692,11535,8014,7814,8596,8044,6205,8759,7015,9583,14351,10788,9925,4674,11286,3796,3436,9727,0.8425686172967375,0.856365191694533,0.8300538767861326,0.8682355682413934,0.8466024340770791,0.8194475384272667,0.8924337772574272,0.8169942619948725,0.8214056825464644,0.7992420464745188,0.8288957250450832,0.8863683233656424,0.862257476685604,0.8660153524075367,0.8856420626895855,0.8573698362258616,0.8147423907498724,0.8483684086072357,0.8395330739299611,0.8444652429167021,0.8772522522522522,0.7901148137776534,0.7928153717627402,0.814410997866793,0.8345058339052849
2017-05-31,11568,12859,8538,17227,11832,8978,13647,8237,14016,10027,9427,9696,9359,7164,9894,8182,11753,16979,12846,11818,5328,14256,4788,4221,11645,9762,11048,7128,14978,10014,7373,12265,6730,11633,8090,7828,8573,8054,6236,8782,7059,9576,14417,10794,9954,4668,11320,3794,3430,9751,0.8438796680497925,0.8591647873084999,0.8348559381588194,0.8694491205665525,0.8463488843813387,0.8212296725328581,0.8987323221220781,0.8170450406701469,0.8299800228310502,0.8068215817293308,0.8303808210459319,0.8841790429042904,0.8605620258574634,0.870463428252373,0.8876086517081059,0.8627474945001222,0.8147706968433591,0.8491077213027858,0.8402615600186829,0.8422744965307158,0.8761261261261262,0.7940516273849607,0.7923976608187134,0.8126036484245439,0.8373550880206097
2017-06-30,11567,12879,8538,17262,11768,8932,13647,8255,13956,10094,9433,9614,9247,7085,9894,8182,11718,16874,12846,11818,5330,14296,4768,4221,11645,9815,11163,7186,15123,10053,7424,12324,6862,11779,8147,7902,8637,8083,6202,8824,7101,9664,14815,10925,10020,4681,11338,3778,3464,9867,0.8485346243624103,0.8667598416026089,0.8416490981494495,0.8760862009037191,0.8542658055744392,0.8311688311688312,0.9030556166190371,0.8312537855844943,0.8440097449125824,0.8071131365167427,0.8376974451394043,0.898377366340753,0.8741213366497242,0.8753705010585745,0.8918536486759653,0.8678807137619164,0.8247141150366957,0.8779779542491407,0.8504592869375681,0.8478591978338128,0.8782363977485929,0.7930889759373251,0.7923657718120806,0.8206586117033878,0.8473164448261056
2017-07-31,11547,12949,8538,17261,11768,8981,13628,8235,13943,10094,9473,9728,9227,7210,10075,8164,11698,16785,12832,11864,5330,14234,4768,4221,11671,9836,11234,7209,15200,10114,7488,12370,6889,11850,8215,7936,8663,8102,6330,8812,7115,9673,14933,10995,10107,4696,11534,3788,3482,9898,0.8518229843249329,0.867557340335161,0.8443429374560787,0.8805978796130004,0.8594493541808294,0.8337601603384923,0.9076900498972703,0.8365513054037644,0.8498888331062182,0.813849811769368,0.8377493930117175,0.8905222039473685,0.8780752140457353,0.8779472954230236,0.8746401985111663,0.8715090641842235,0.8268934860659942,0.8896633899314864,0.8568422693266833,0.8519049224544841,0.8810506566604127,0.8103133342700576,0.7944630872483222,0.8249230040274816,0.8480849970011138
2017-08-31,11514,12949,8538,17275,11768,8981,13623,8211,13854,10066,9473,9728,9302,7210,10373,8163,11669,16785,12777,11936,5330,14146,4768,4272,11579,9864,11231,7230,15272,10133,7540,12382,6922,11977,8230,7963,8628,8090,6311,8676,7121,9726,14999,11048,10071,4685,11584,3737,3503,9961,0.856696195935383,0.8673256622132983,0.8468025298664793,0.8840520984081042,0.8610639021074099,0.8395501614519542,0.9089040593114586,0.8430154670563877,0.864515663346326,0.8176038148221737,0.8405995988599176,0.8869243421052632,0.8697054396903892,0.8753120665742025,0.836402198014075,0.8723508514026705,0.8334904447681892,0.8935954721477509,0.8646787195742349,0.84375,0.8789868667917449,0.8188887317969744,0.78376677852349,0.8199906367041199,0.8602642715260386
2017-09-30,11487,12941,8492,17295,11768,8981,13610,8211,13906,10053,9473,9748,9303,7235,10316,8226,11482,16908,12743,11915,5268,14055,4812,4272,11579,9914,11392,7293,15449,10290,7667,12480,6977,12142,8400,8079,8805,8137,6473,8975,7228,9835,15116,11143,10265,4702,11747,3779,3518,10047,0.8630625924958649,0.880302913221544,0.8588082901554405,0.8932639491182423,0.8744051665533651,0.8536911257098319,0.916972814107274,0.8497137985629034,0.873148281317417,0.8355714712026261,0.852844927689222,0.9032622076323349,0.8746640868537031,0.8946786454733933,0.8700077549437767,0.8786773644541697,0.856558090924926,0.8940146676129643,0.8744408694969787,0.8615190935795216,0.8925588458618071,0.8357879758093205,0.7853283458021613,0.8235018726591761,0.8676915104931341
2017-10-31,11554,12912,8492,17295,11768,8981,13612,8211,13905,10034,9473,9708,9263,7235,10316,8243,11461,16867,12743,11896,5348,14009,4702,4327,11527,9950,11394,7312,15487,10290,7709,12509,7017,12162,8430,8113,8807,8135,6501,8977,7249,9867,15149,11188,10325,4671,11865,3786,3531,10076,0.8611736195257054,0.8824349442379182,0.8610456900612341,0.8954611159294594,0.8744051665533651,0.8583676650707048,0.9189685571554511,0.8545853123858239,0.8746494066882416,0.8401435120589994,0.8564340757943629,0.9071899464359291,0.8782251970204038,0.8985487214927436,0.870201628538193,0.87941283513284,0.8609196405200245,0.8981443054485089,0.8779722200423762,0.8679388029589779,0.8734106207928197,0.8469555285887643,0.8051892811569545,0.8160388259764271,0.8741216274833
2017-11-30,11548,12899,8493,17295,11767,8981,13627,8211,13905,10034,9413,9708,9248,7231,10315,8243,11461,16824,12724,11957,5328,13992,4702,4327,11527,9969,11481,7351,15512,10311,7751,12515,7009,12237,8452,8161,8813,8117,6481,9006,7266,9892,15299,11201,10401,4654,11939,3801,3528,10106,0.8632663664703845,0.8900689975967129,0.8655363240315554,0.8969066204105233,0.8762641284949435,0.8630442044315778,0.9183972994789755,0.8536110096212398,0.8800431499460626,0.8423360574048236,0.8669924572399873,0.907807993407499,0.8777032871972318,0.896279905960448,0.8730974309258361,0.881475191071212,0.8631009510513917,0.9093556823585355,0.880304935554857,0.8698670235008782,0.8734984984984985,0.853273299028016,0.808379413015738,0.8153455049688005,0.8767242127179665
2017-12-31,11545,12930,8496,17450,11767,8965,13614,8230,13898,9971,9413,9698,9329,7231,10266,8243,11526,16824,12735,12001,5514,13987,4702,4279,11488,9926,11481,7375,15593,10319,7753,12505,7024,12276,8515,8167,8807,8145,6485,8938,7264,9931,15352,11180,10365,4714,11986,3783,3509,10151,0.8597661325249025,0.8879350348027842,0.8680555555555556,0.8935816618911174,0.8769439959207954,0.8648075850529838,0.9185397385044807,0.8534629404617254,0.8832925600805871,0.8539765319426337,0.8676298735790927,0.9081253866776655,0.8730839318254904,0.8968330797953257,0.8706409507110852,0.8812325609608153,0.8616172132569843,0.9125059438896814,0.8778955634079308,0.8636780268310974,0.8549147624229234,0.856938585829699,0.8045512547851977,0.8200514138817481,0.8836176880222841
2018-01-31,11631,12977,8533,17450,11806,8946,13673,8177,13898,9971,9413,9698,9280,7231,10447,8364,11486,17029,12740,12046,5514,14059,4702,4284,11463,9823,11416,7326,15465,10262,7706,12404,7004,12246,8504,8134,8734,8088,6470,8880,7235,9865,15264,11134,10261,4722,11913,3747,3472,10093,0.8445533488092167,0.8797102566078446,0.8585491620766437,0.8862464183381089,0.8692190411655091,0.8613905656159178,0.9071893512762378,0.8565488565488566,0.8811339761116708,0.8528733326647278,0.8641240837140125,0.9005980614559703,0.871551724137931,0.8947586779145347,0.8500047860629846,0.8650167384026781,0.8588716698589587,0.8963532796993364,0.8739403453689168,0.8518180308816204,0.8563656147986942,0.8473575645493989,0.7968949383241174,0.8104575163398693,0.8804850388205531
2018-02-28,11680,12915,8529,17467,11901,8964,13663,8177,13885,9971,9512,9698,9269,7227,10918,8364,11414,17049,12703,12046,5514,13985,4897,4286,11463,6079,7137,5075,9831,6472,5063,7676,4991,7550,5633,5184,5443,5198,4202,5310,4492,6147,9366,6886,6560,3168,7888,2552,2391,6742,0.5204623287671233,0.5526132404181184,0.5950287255246804,0.5628327703669778,0.5438198470716746,0.5648148148148148,0.5618092659006075,0.6103705515470221,0.5437522506301764,0.5649383211312807,0.5449957947855341,0.5612497422148897,0.5607940446650124,0.5814307458143074,0.48635281187030593,0.537063605930177,0.5385491501664622,0.5493577335914129,0.542076674801228,0.5445791133986385,0.5745375408052231,0.5640328923846979,0.5211353890136818,0.5578628091460569,0.5881531885195848
2018-03-31,11633,12814,8458,17489,11706,8644,13333,8146,13579,9917,9371,9525,9188,7106,10582,8358,11153,16925,12427,11828,5347,13684,4913,4294,11358,9218,10827,6740,15005,9590,7104,11634,6535,10953,7708,7573,8222,8007,6141,8797,6999,9019,14659,10329,10222,4637,10922,3740,3416,9320,0.7924009283933637,0.8449352270953644,0.7968786947268858,0.8579678655154669,0.8192379976080643,0.8218417399352151,0.8725718142953574,0.8022342253866929,0.806613152662199,0.7772511848341233,0.8081314694269555,0.8632020997375328,0.8714627775359164,0.864199268224036,0.8313173313173313,0.8374012921751616,0.8086613467228548,0.8661152141802068,0.8311740564899011,0.8642204937436592,0.8672152608939593,0.7981584332066647,0.7612456747404844,0.7955286446204005,0.8205670012326114
2018-04-30,11595,12835,8265,17468,11642,8557,13335,8063,13538,9898,9351,9467,9188,7089,10529,8385,11111,16905,12365,11838,5382,13724,4922,4294,11330,9246,10921,6801,15075,9668,7150,11692,6570,10998,7712,7634,8253,8031,6210,8893,7059,9089,14804,10362,10297,4671,10946,3749,3436,9378,0.7974126778783959,0.850876509544215,0.8228675136116153,0.8630066407144493,0.8304415048960659,0.8355732149117682,0.87679040119985,0.8148331886394642,0.812379967498892,0.7791473024853506,0.8163832745160945,0.8717650786944122,0.8740748802786243,0.8760050782903089,0.844619621996391,0.8418604651162791,0.8180181801818018,0.8757172434191067,0.8380105135463001,0.869825984118939,0.8678929765886287,0.7975808802098514,0.7616822429906542,0.80018630647415,0.8277140335392763
2018-05-31,11556,12800,8265,17468,11592,8521,13335,8063,13510,9878,9360,9447,9188,7072,10496,8360,11044,16868,12272,11849,5397,13700,4922,4332,11290,9291,11012,6800,15182,9676,7197,11714,6584,11089,7783,7681,8277,8073,6206,8971,7108,9128,14909,10386,10302,4707,10912,3736,3450,9451,0.8039979231568016,0.8603125,0.822746521476104,0.8691321273185253,0.8347135955831608,0.8446191761530337,0.8784401949756281,0.8165695150688329,0.82079940784604,0.7879125329013971,0.8206196581196581,0.8761511590981264,0.8786460600783631,0.8775452488687783,0.8547065548780488,0.8502392344497608,0.8265121332850417,0.8838629357363055,0.8463168187744459,0.8694404591104734,0.8721511951083936,0.7964963503649635,0.7590410402275498,0.796398891966759,0.8371124889282551
2018-06-30,11556,12800,8265,17468,11476,8389,13249,7982,13451,9863,9299,9447,9215,7072,10531,8442,11055,16868,12296,11849,5397,13647,4902,4332,11264,9343,11066,6870,15278,9734,7240,11779,6606,11218,7853,7773,8361,8102,6252,9006,7214,9204,14981,10481,10391,4727,11133,3865,3470,9523,0.8084977500865351,0.86453125,0.8312159709618875,0.8746278910006869,0.8482049494597421,0.8630349266897127,0.8890482300550985,0.8276121272863944,0.8339900379153966,0.7962080502889587,0.8358963329390257,0.8850428707526199,0.8792186652197505,0.8840497737556561,0.855189440698889,0.8545368396114664,0.8325644504748982,0.888131373013991,0.8523910214703969,0.8769516414887333,0.8758569575690198,0.8157836887227963,0.788453692370461,0.8010156971375808,0.8454367897727273
2018-07-31,11556,12865,8248,17468,11476,8487,13249,7909,13448,9852,9299,9487,9215,7072,10484,8432,10944,16798,12315,11848,5358,13588,4902,4332,11292,9346,11132,6885,15274,9762,7255,11807,6578,11293,7864,7778,8288,8098,6267,9000,7217,9224,15034,10537,10372,4694,11208,3863,3482,9551,0.8087573554863274,0.8652934317916828,0.8347478176527643,0.8743989008472636,0.850644823980481,0.8548368092376576,0.8911615971016681,0.8317107093184979,0.8397531231409875,0.7982135606983354,0.8364340251639961,0.8736165278802572,0.878784590341834,0.886170814479638,0.8584509729111026,0.8559060721062619,0.8428362573099415,0.8949874985117275,0.8556232237109216,0.87542201215395,0.876073161627473,0.8248454518692965,0.7880456956344349,0.8037857802400739,0.8458200495926319
2018-08-31,11545,12780,8248,17505,11476,8543,13246,7909,13416,9752,9361,9511,9215,7072,10579,8400,10871,16854,12227,11848,5392,13566,4902,4394,11283,9313,11135,6902,15211,9745,7189,11768,6576,11145,7871,7766,8278,8089,6251,8955,7261,9205,15067,10422,10312,4644,11246,3838,3476,9551,0.8066695539194456,0.871283255086072,0.8368089233753637,0.868951728077692,0.8491634715928895,0.841507667095868,0.8884191454023856,0.8314578328486534,0.8307245080500895,0.8071164889253486,0.8296122209165687,0.8703606350541478,0.877807921866522,0.883908371040724,0.8464883259287267,0.8644047619047619,0.8467482292337412,0.8939717574463035,0.8523758894250429,0.8703578663065497,0.8612759643916914,0.828984225269055,0.7829457364341085,0.7910787437414656,0.8464947265798103
2018-09-30,11535,12756,8250,17505,11456,8498,13230,7909,13377,9752,9336,9511,9215,7072,10645,8400,10839,16802,12230,11747,5392,13525,4902,4394,11162,9385,11158,6988,15319,9805,7304,11840,6621,11418,7951,7908,8397,8153,6304,9089,7309,9328,15167,10622,10402,4718,11313,3859,3539,9602,0.8136107498916342,0.8747256193164001,0.847030303030303,0.8751213938874607,0.8558833798882681,0.859496352082843,0.8949357520786092,0.8371475534201542,0.8535546086566494,0.8153199343724364,0.8470437017994858,0.8828724634633582,0.8847531199131851,0.8914027149321267,0.8538280883043683,0.8701190476190476,0.8605959959405849,0.9026901559338174,0.8685200327064595,0.8855026815357112,0.875,0.8364510166358595,0.7872297021623827,0.8054164770141101,0.8602401003404407
2018-10-31,11535,12749,8250,17506,11456,8461,13185,7909,13351,9752,9361,9505,9212,7067,10630,8420,10781,16795,12230,11747,5392,13535,4902,4394,11142,9376,11153,7013,15317,9788,7336,11859,6624,11459,7992,7934,8382,8140,6288,9054,7293,9360,15226,10663,10388,4740,11340,3870,3538,9631,0.8128305158214131,0.8748137108792846,0.8500606060606061,0.8749571575459842,0.8543994413407822,0.8670369932632077,0.8994311717861206,0.8375268681249209,0.858287768706464,0.8195242001640689,0.847559021472065,0.8818516570226197,0.8836300477637864,0.8897693505023347,0.8517403574788335,0.8661520190023753,0.8681940450793062,0.9065793390890146,0.8718724448078495,0.8843108878862689,0.879080118694362,0.8378278537125969,0.7894736842105263,0.8051888939462903,0.8643870041285228
2018-11-30,11527,12756,8223,17531,11456,8461,13185,7909,13335,9739,9364,9505,9209,7021,10557,8401,10772,16748,12234,11799,5392,13535,4902,4394,11125,9371,11168,6999,15297,9770,7350,11859,6651,11502,8025,7981,8378,8130,6286,9076,7288,9364,15213,10566,10357,4745,11410,3846,3535,9603,0.8129608744686388,0.8755095641266855,0.8511492156147391,0.8725685927785066,0.8528282122905028,0.86869164401371,0.8994311717861206,0.8409407004678214,0.8625421822272216,0.8240065715165829,0.8523067065356685,0.8814308258811152,0.8828320121620155,0.8953140578265204,0.8597139338827319,0.8675157719319129,0.8692907538061642,0.9083472653451158,0.8636586562040216,0.8777862530722943,0.8800074183976261,0.842999630587366,0.784577723378213,0.8045061447428311,0.8631910112359551
2018-12-31,11508,12739,8223,17629,11505,8478,13275,7859,13237,9699,9344,9505,9170,7021,10498,8381,10734,16748,12284,11862,5392,13529,4902,4394,11125,9319,11118,7015,15292,9764,7371,11835,6647,11513,8073,7997,8361,8099,6273,9023,7286,9370,15215,10640,10308,4726,11444,3829,3500,9657,0.8097844977407022,0.8727529633409216,0.8530949775021281,0.8674343411424358,0.8486744893524555,0.8694267515923567,0.8915254237288136,0.845781906094923,0.8697590088388608,0.8323538509124652,0.8558433219178082,0.8796422935297212,0.883206106870229,0.8934624697336562,0.8594970470565823,0.8693473332537883,0.8729271473821502,0.9084666825889659,0.8661673721914686,0.8689934243803743,0.8764836795252225,0.8458866139404243,0.781109751121991,0.7965407373691398,0.8680449438202247
2019-01-31,11553,12719,8220,17606,11465,8459,13294,8015,13237,9702,9374,9754,9195,7128,10648,8382,10787,17208,12222,12009,5392,13627,4902,4345,11119,9309,11094,7003,15261,9744,7341,11771,6608,11534,8074,7974,8341,8064,6266,8976,7230,9338,15160,10639,10264,4727,11440,3814,3493,9620,0.8057647364320956,0.872238383520717,0.8519464720194647,0.8668067704191753,0.8498909725250763,0.8678330771958861,0.8854370392658342,0.8244541484716157,0.8713454710281786,0.8321995464852607,0.850650736078515,0.855136354316178,0.8769983686786297,0.8790684624017957,0.8429752066115702,0.8625626342161775,0.8656716417910447,0.8809855880985588,0.8704794632629684,0.85469231409776,0.8766691394658753,0.8395097967270859,0.7780497756017952,0.8039125431530495,0.8651857181401205
2019-02-28,11435,12724,8182,17495,11464,8459,13275,7995,13237,9983,9374,9705,9224,7128,10696,8380,10904,17399,12222,12013,5392,13715,4902,4410,11108,5839,6641,4614,9410,6113,4843,7279,4297,6634,5172,5120,5100,4977,4087,5425,4430,5849,9236,6280,6247,3156,7103,2598,2376,6433,0.5106252732837778,0.5219270669600754,0.5639208017599608,0.5378679622749357,0.5332344731332868,0.5725263033455491,0.5483239171374764,0.5374609130706691,0.5011709601873536,0.5180807372533307,0.5461915937700021,0.5255023183925811,0.539570685169124,0.5733726150392817,0.5071989528795812,0.5286396181384249,0.5364086573734409,0.5308351054658313,0.5138275241368024,0.5200199783567802,0.5853115727002968,0.5179001093693036,0.5299877600979193,0.5387755102040817,0.5791321570039611
2019-03-31,11298,12091,8093,17296,11111,8311,13095,7765,12621,9320,9059,9529,9111,6967,10289,8179,10655,16966,11679,12074,5299,12836,4830,4335,11046,8621,10208,6338,14025,8899,6808,10900,6113,9985,7150,7329,7977,7838,5944,8816,6949,8248,14914,9525,9969,4556,10183,3644,3437,8863,0.7630554080368207,0.8442643288396328,0.7831459285802546,0.8108811285846439,0.8009180091800918,0.8191553363012875,0.8323787705231004,0.7872504829362524,0.7911417478805166,0.7671673819742489,0.8090296942267359,0.8371287648231713,0.8602787838876084,0.8531649203387398,0.8568373991641559,0.849614867343196,0.7740966682308775,0.8790522220912413,0.8155664012329823,0.825658439622329,0.859784865068881,0.7933156746650046,0.7544513457556936,0.7928489042675894,0.8023718993300742
2019-04-30,11287,12033,7999,17232,11012,8288,13006,7715,12547,9213,9008,9444,9081,6876,10257,8179,10689,16998,11764,11961,5297,12845,4814,4335,10847,8666,10224,6353,14100,8900,6830,10943,6172,10024,7191,7365,7997,7858,5957,8845,6896,8431,15021,9565,10080,4549,10279,3644,3447,8878,0.7677859484362541,0.8496634255796559,0.7942242780347544,0.8182451253481894,0.8082092262985834,0.8240830115830116,0.8413809011225588,0.8,0.7989160755559098,0.7805275154672745,0.8176065719360568,0.8467810249894112,0.8653232022904966,0.866346713205352,0.8623379155698547,0.8431348575620492,0.7887547946487042,0.883692199082245,0.8130737844270656,0.8427389014296464,0.8587879932037003,0.800233553912028,0.7569588699626091,0.7951557093425605,0.8184751544205772
2019-05-31,11198,12049,7999,17174,10928,8250,13095,7715,12493,9178,9038,9444,9081,6876,10213,8112,10524,17096,11745,11848,5252,12811,4765,4465,10817,8786,10258,6394,14141,8924,6835,10965,6213,10102,7252,7383,8036,7877,6024,8850,6946,8470,15134,9610,10101,4562,10339,3599,3447,8883,0.7846043936417217,0.8513569590837414,0.7993499187398425,0.8233958309071853,0.8166178623718887,0.8284848484848485,0.8373424971363116,0.8053143227478937,0.8086128231809814,0.7901503595554588,0.8168842664306263,0.8509106310885218,0.8674154828763352,0.8760907504363001,0.866542641731127,0.8562623274161736,0.8048270619536299,0.8852363125877398,0.8182205193699447,0.8525489534098583,0.8686214775323686,0.8070408242916244,0.755299055613851,0.7720044792833146,0.8212073587870944
2019-06-30,11121,12048,7963,17096,10899,8230,13095,7702,12382,9178,8975,9406,9081,6896,10213,8112,10549,17045,11745,11842,5238,12742,4765,4498,10787,8799,10337,6441,14230,8979,6898,11055,6225,10137,7310,7444,8093,7905,6049,8880,7007,8595,15287,9681,10136,4565,10440,3608,3505,8945,0.7912058268141354,0.857984727755644,0.8088660052743941,0.8323584464202153,0.8238370492705753,0.8381530984204131,0.8442153493699885,0.8082316281485329,0.8186884186722662,0.7964698191327086,0.8294150417827298,0.8604082500531576,0.8704988437396762,0.8771751740139211,0.8694800744149613,0.8637820512820513,0.814769172433406,0.8968612496333236,0.8242656449553001,0.8559364972133086,0.8715158457426498,0.819337623606969,0.7571878279118573,0.7792352156514006,0.8292388986743302
2019-07-31,10888,12099,7921,17069,11053,8229,13056,7673,12345,9178,8921,9401,9063,6861,10196,8112,10549,16996,11666,11842,5238,12764,4862,4498,10787,8784,10359,6453,14205,8984,6898,11113,6256,10186,7337,7440,8105,7903,6084,8865,7009,8616,15358,9738,10173,4558,10507,3580,3517,8960,0.8067597354886114,0.8561864616910488,0.814669864916046,0.8322104399789091,0.812811001538044,0.8382549519990278,0.8511795343137255,0.8153264694382901,0.8251113811259619,0.7994116365221181,0.8339872211635467,0.8621423252845442,0.8720070616793556,0.8867512024486226,0.8694586112200863,0.8640285996055227,0.8167598824533131,0.9036243822075782,0.8347334133379051,0.8590609694308394,0.8701794578083238,0.8231745534315261,0.7363225010283834,0.7819030680302357,0.8306294613887086
2019-08-31,10817,12095,7863,17065,11053,8229,13054,7663,12279,9167,8937,9396,9149,6861,10261,8112,10465,16982,11667,11842,5238,12764,4862,4479,10791,8830,10418,6460,14285,8981,6912,11201,6278,10253,7371,7467,8114,7896,6094,8849,7014,8689,15383,9722,10174,4577,10527,3572,3523,8982,0.8163076638624388,0.8613476643241008,0.8215693755564034,0.8370934661588045,0.8125395820139328,0.8399562522785271,0.8580511720545426,0.8192613858802036,0.8350028503949833,0.8040798516417584,0.8355152735817388,0.8635589612601107,0.8630451415455241,0.8882087159306223,0.8623915797680538,0.8646449704142012,0.830291447682752,0.9058414792132846,0.833290477414931,0.8591454146259078,0.8738067964872088,0.8247414603572548,0.7346770876182641,0.7865594998883679,0.8323603002502085
2019-09-30,10802,12000,7863,17010,11053,8229,13054,7663,12279,9147,8913,9364,9149,6861,10349,8112,10471,16983,11647,11842,5199,12889,4867,4479,10772,8884,10530,6509,14452,9138,6949,11334,6295,10325,7422,7515,8161,7973,6093,8915,7009,8775,15476,9759,10185,4596,10653,3596,3539,9051,0.8224402888354009,0.8775,0.8278010937301284,0.8496178718400941,0.8267438704424138,0.8444525458743468,0.8682396200398346,0.821479838183479,0.8408665200749247,0.811413578222368,0.8431504543924605,0.8715292609995728,0.8714613618974751,0.8880629645824224,0.8614358875253648,0.8640285996055227,0.8380288415624104,0.9112642053818525,0.8378981712028849,0.8600743117716602,0.8840161569532602,0.8265187369074405,0.7388535031847133,0.7901317258316588,0.8402339398440402
2019-10-31,10870,12201,7720,17040,11053,8175,13014,7725,12245,9140,8892,9366,9149,6861,10383,8112,10471,16983,11634,11842,5199,12892,4867,4459,10638,8911,10580,6578,14516,9121,6951,11395,6366,10393,7440,7539,8171,8008,6100,8974,7003,8824,15518,9782,10210,4601,10704,3605,3547,9127,0.8197792088316468,0.8671420375379068,0.8520725388601036,0.8518779342723005,0.8252058264724509,0.8502752293577982,0.8755955125249731,0.8240776699029126,0.848754593711719,0.8140043763676149,0.8478407557354926,0.8724108477471706,0.8752869166029075,0.8890832240198222,0.8642974092266205,0.8632889546351085,0.8427084328144399,0.9137372666784431,0.8408114148186351,0.8621854416483702,0.884977880361608,0.8302823456407075,0.740702691596466,0.7954698362861629,0.8579620229366423
2019-11-30,10851,12222,7720,17040,11028,8175,13014,7691,12186,9140,8892,9325,9166,6837,10383,8112,10481,16944,11633,11840,5181,12908,4881,4459,10638,8939,10634,6605,14562,9141,6977,11449,6345,10489,7512,7572,8197,8014,6103,9001,7029,8980,15594,9842,10256,4598,10844,3614,3550,9162,0.8237950419316192,0.8700703649157258,0.8555699481865285,0.8545774647887324,0.8288900979325353,0.8534556574923547,0.8797448901183341,0.8249902483422181,0.8607418348924996,0.8218818380743983,0.8515519568151148,0.8790348525469169,0.8743181322277984,0.8926429720637706,0.8668978137339882,0.8664940828402367,0.8567884743822154,0.9203257790368272,0.8460414338519728,0.8662162162162163,0.8874734607218684,0.8400991633095755,0.7404220446629789,0.7961426328773268,0.8612521150592216
2019-12-31,10847,12238,7715,16902,11028,8161,12982,7753,12302,9120,8892,9325,9238,6832,10384,8113,10508,16884,11614,11840,5181,12938,4881,4459,10602,8958,10809,6598,14500,9107,6937,11387,6389,10487,7500,7568,8142,7976,6095,8976,7005,8946,15520,9755,10210,4570,10816,3581,3512,9132,0.8258504655665161,0.8832325543389443,0.8552171095268957,0.8578866406342445,0.8258070366340224,0.8500183801004779,0.8771375751039902,0.8240681026699342,0.8524630141440416,0.8223684210526315,0.851102114260009,0.8731367292225201,0.8633903442303529,0.8921252927400468,0.864406779661017,0.8634290644644398,0.8513513513513513,0.9192134565268893,0.839934561735836,0.862331081081081,0.8820690986296081,0.8359870149945896,0.733661135013317,0.7876205427225835,0.8613469156762875
2020-01-31,10794,12469,7715,16901,10847,8161,13012,7654,12302,9120,8903,9351,9238,6805,10377,8113,10527,16950,11578,11840,5181,12860,4830,4444,10625,8910,10763,6589,14435,9066,6906,11288,6341,10503,7482,7542,8109,7933,6072,8915,6977,8924,15364,9747,10119,4550,10832,3548,3493,9114,0.8254585881045025,0.8631806881065042,0.854050550874919,0.8540914738772853,0.8358071356135337,0.8462198260017155,0.8675069166922841,0.8284557094329762,0.8537636156722485,0.8203947368421053,0.8471301808379198,0.8671799807507219,0.8587356570686295,0.8922850844966936,0.8591114965789727,0.8599778133859238,0.8477248978816377,0.9064306784660767,0.8418552427016756,0.8546452702702703,0.8782088399922795,0.8423017107309487,0.734575569358178,0.786003600360036,0.8577882352941176
2020-02-29,10794,12417,7740,16955,10817,8201,13083,7647,12283,9101,8863,9525,9261,6898,10517,8069,10527,16911,11537,11885,5205,12905,4830,4493,10576,8853,10785,6581,14383,9032,6882,11138,6314,10483,7482,7518,8090,7880,6011,8881,6964,8918,15363,9710,9956,4528,10778,3503,3463,9099,0.82017787659811,0.8685672867842474,0.8502583979328165,0.8483043350044235,0.8349819728205602,0.8391659553712962,0.8513337919437438,0.8256832744867268,0.8534559960921599,0.8221074607186023,0.8482455150626199,0.8493438320209974,0.8508800345535039,0.8714120034792694,0.844442331463345,0.8630561407857231,0.8471549349292296,0.9084619478445982,0.8416399410592008,0.8376945729911653,0.8699327569644573,0.835180162727625,0.7252587991718427,0.7707545070109059,0.8603441754916793
2020-03-31,10805,12366,7623,16343,10531,7908,12677,7647,11739,8664,8590,9003,8909,6771,10286,8012,10309,16489,11029,11611,5247,12245,4722,4483,10367,8073,10189,5845,12422,8036,6064,10107,5638,9038,6329,6739,7308,7337,5596,8342,6423,7793,14112,8536,9392,4294,9460,3301,3274,8111,0.7471540953262379,0.8239527737344331,0.7667584940312213,0.7600807685247507,0.763080429209002,0.7668184117349519,0.7972706476295653,0.737282594481496,0.7699122582843513,0.730493998153278,0.7845168800931316,0.8117294235254915,0.8235492198899989,0.8264658100723674,0.8110052498541707,0.8016724912631054,0.7559414104180813,0.8558432894657044,0.7739595611569499,0.8088881233313238,0.8183724032780637,0.7725602286647612,0.6990681914443032,0.730314521525764,0.7823864184431368
2020-04-30,10758,12340,7619,15999,10491,7812,12449,7620,11704,8582,8578,8995,8949,6707,10200,7952,10052,16419,11224,11533,5187,12234,4671,4483,10312,8055,10205,5819,12472,8033,6062,10069,5617,9083,6330,6747,7323,7300,5590,8390,6442,7828,14099,8559,9470,4327,9501,3317,3284,8126,0.7487451199107641,0.8269854132901134,0.7637485234282714,0.7795487217951121,0.7657039367076541,0.7759856630824373,0.8088199855410073,0.7371391076115485,0.7760594668489406,0.7375903052901421,0.7865469806481697,0.8141189549749861,0.8157336015197229,0.8334575816311317,0.8225490196078431,0.8101106639839034,0.77875049741345,0.8587002862537304,0.7625623663578047,0.8211219977455996,0.8342008868324657,0.7766061794997547,0.7101263112823807,0.7325451706446576,0.7880139643134213
2020-05-31,10739,12406,7619,15964,10352,7710,12395,7600,11684,8582,8578,9028,8924,6710,10250,7981,9933,16360,11187,11533,5187,12266,4671,4376,10274,8100,10391,5859,12517,8044,6081,10135,5649,9197,6390,6782,7353,7410,5688,8414,6467,7871,14188,8588,9502,4347,9588,3320,3283,8197,0.7542601732004842,0.8375785910043527,0.7689985562409765,0.7840766725131546,0.777047913446677,0.788715953307393,0.8176684146833401,0.7432894736842105,0.7871448134200616,0.7445816825914705,0.7906271858242014,0.814466105449712,0.8303451367099955,0.8476900149031297,0.8208780487804878,0.8102994612203984,0.7924091412463505,0.8672371638141809,0.7676767676767676,0.8238966444116882,0.8380566801619433,0.781672917006359,0.7107685720402483,0.7502285191956124,0.797839205762118
2020-06-30,10637,12423,7603,15925,10277,7710,12421,7580,11684,8582,8610,9028,8896,6711,10250,7966,9894,16361,11247,11571,5187,12418,4726,4324,10317,8072,10401,5871,12426,8045,6118,10165,5673,9239,6410,6791,7352,7407,5691,8369,6461,7884,14219,8813,9510,4344,9580,3318,3291,8201,0.7588605809908809,0.8372373822748128,0.7721951861107458,0.7802825745682889,0.7828159968862508,0.793514915693904,0.8183721117462363,0.7484168865435357,0.7907394727832934,0.7469121416919133,0.7887340301974448,0.8143553389455028,0.8326214028776978,0.8480107286544479,0.8164878048780487,0.8110720562390158,0.7968465736810187,0.8690789071572642,0.7835867342402418,0.8218822919367385,0.8374783111625217,0.77146078273474,0.7020736352094795,0.7611008325624422,0.794901618687603
2020-07-31,10671,12396,7583,15829,10277,7661,12541,7546,11651,8563,8593,9012,8896,6692,10250,7961,9884,16420,11232,11721,5188,12418,4726,4324,10388,8114,10435,5932,12522,8069,6142,10193,5683,9291,6447,6855,7390,7416,5715,8391,6446,7938,14300,8852,9616,4354,9822,3341,3267,8264,0.7603785961952957,0.8418038076798967,0.7822761440063299,0.791079663908017,0.785151308747689,0.8017230126615325,0.8127741009488877,0.7531142327060695,0.7974422796326496,0.7528903421698003,0.7977423484231351,0.8200177541056369,0.8336330935251799,0.8540047818290496,0.8186341463414634,0.8096972742117824,0.8031161473087819,0.8708891595615104,0.7881054131054132,0.820407815032847,0.8392444101773323,0.7909486229666614,0.70694033008887,0.7555504162812211,0.7955333076626877
2020-08-31,10651,12303,7583,15751,10287,7651,12578,7551,11632,8510,8567,9012,8925,6692,10250,7961,9864,16377,11213,11700,5171,12447,4700,4334,10369,8127,10460,5924,12493,8056,6135,10210,5699,9331,6449,6847,7383,7436,5671,8400,6411,7908,14283,8873,9570,4359,9921,3307,3279,8267,0.763026945826683,0.8501991384215232,0.7812211525781353,0.7931559900958669,0.7831243316807621,0.8018559665403215,0.8117347750039752,0.7547344722553304,0.8021836313617606,0.7578143360752057,0.7992296019610132,0.8192410119840213,0.8331652661064426,0.8474297668858338,0.8195121951219512,0.8053008416028137,0.8017031630170316,0.8721377541674299,0.7913136537947025,0.8179487179487179,0.8429704119125895,0.79705953241745,0.7036170212765958,0.7565759113982464,0.7972803549040409
