거래금액,건축년도,년,단지,법정동,시군구,월,일,전용면적,지번,지역코드,층
"6,800",2002,2010,서일타운,면목동,중랑구,1,29,28.18,68-2,11260,6
"12,100",2003,2010,한일써너스빌,상봉동,중랑구,1,11,32.48,81-5,11260,9
"8,500",2000,2010,시네마시티,상봉동,중랑구,1,18,38.88,92-2,11260,12
"8,500",2000,2010,시네마시티,상봉동,중랑구,1,25,38.88,92-2,11260,13
"15,000",2004,2010,(128-5),상봉동,중랑구,1,26,43.49,128-5,11260,3
"14,500",2003,2010,한일써너스빌,상봉동,중랑구,1,31,42.04,81-5,11260,23
"20,000",2004,2010,묵동신도주상복합,묵동,중랑구,1,10,37.67,169-10,11260,4
"7,900",2003,2010,엘리어트하우스,신내동,중랑구,1,6,18.59,644,11260,4
"12,970",2003,2010,디아뜨갤러리,신내동,중랑구,1,7,35.1,648,11260,4
"8,700",2003,2010,엘리어트하우스,신내동,중랑구,1,19,23.93,644,11260,5
"13,000",2003,2010,디아뜨갤러리,신내동,중랑구,1,23,35.1,648,11260,4
"12,500",2003,2010,한일써너스빌,상봉동,중랑구,2,12,32.48,81-5,11260,21
"9,300",1988,2010,상봉오피스텔,상봉동,중랑구,2,21,35.64,137-15,11260,5
"12,800",2003,2010,금강리빙스텔,신내동,중랑구,2,1,35.1,646,11260,5
"12,700",2003,2010,금강리빙스텔,신내동,중랑구,2,4,35.1,646,11260,4
"8,000",2003,2010,엘리어트하우스,신내동,중랑구,2,20,18.59,644,11260,4
"12,500",2003,2010,디아뜨갤러리,신내동,중랑구,2,21,35.1,648,11260,2
"8,500",2003,2010,엘리어트하우스,신내동,중랑구,2,22,23.93,644,11260,4
"13,000",2003,2010,금강리빙스텔,신내동,중랑구,2,22,35.1,646,11260,3
"7,100",2002,2010,서일타운,면목동,중랑구,3,4,26.57,68-2,11260,6
"11,500",2003,2010,한일써너스빌,상봉동,중랑구,3,12,27.53,81-5,11260,3
"12,500",2003,2010,한일써너스빌,상봉동,중랑구,3,13,32.48,81-5,11260,14
"9,100",1988,2010,상봉오피스텔,상봉동,중랑구,3,23,35.64,137-15,11260,2
"12,500",2003,2010,한일써너스빌,상봉동,중랑구,3,26,32.48,81-5,11260,10
"6,800",2004,2010,묵동신도주상복합,묵동,중랑구,3,10,26.45,169-10,11260,4
"12,770",2003,2010,금강리빙스텔,신내동,중랑구,3,1,35.1,646,11260,4
"13,500",2003,2010,디아뜨갤러리,신내동,중랑구,3,11,35.1,648,11260,5
"12,900",2003,2010,디아뜨갤러리,신내동,중랑구,3,12,35.1,648,11260,3
"13,000",2003,2010,금강리빙스텔,신내동,중랑구,3,15,33.3,646,11260,4
"12,600",2003,2010,디아뜨갤러리,신내동,중랑구,3,29,35.1,648,11260,4
"6,500",2002,2010,서일타운,면목동,중랑구,4,13,28.35,68-2,11260,4
"13,000",2003,2010,한일써너스빌,상봉동,중랑구,4,1,32.48,81-5,11260,12
"14,500",2003,2010,한일써너스빌,상봉동,중랑구,4,3,42.04,81-5,11260,25
"9,000",2000,2010,시네마시티,상봉동,중랑구,4,23,38.88,92-2,11260,7
"9,100",1988,2010,상봉오피스텔,상봉동,중랑구,4,23,35.64,137-15,11260,5
"9,600",2004,2010,묵동신도주상복합,묵동,중랑구,4,1,37.67,169-10,11260,4
"12,000",2004,2010,묵동신도주상복합,묵동,중랑구,4,3,28.51,169-10,11260,3
"15,000",2004,2010,묵동신도주상복합,묵동,중랑구,4,15,37.67,169-10,11260,4
"21,200",2008,2010,한일써너스빌리젠시 2단지,망우동,중랑구,4,8,59.29,495,11260,7
"12,800",2003,2010,디아뜨갤러리,신내동,중랑구,4,9,36.66,648,11260,2
"20,800",2003,2010,디아뜨갤러리,신내동,중랑구,4,23,54,648,11260,4
"12,500",2003,2010,디아뜨갤러리,신내동,중랑구,4,28,35.1,648,11260,3
"12,950",2003,2010,디아뜨갤러리,신내동,중랑구,4,28,35.1,648,11260,4
"12,100",2003,2010,디아뜨갤러리,신내동,중랑구,4,30,36.66,648,11260,2
"6,300",2002,2010,서일타운,면목동,중랑구,5,20,25.76,68-2,11260,7
"7,000",2000,2010,시네마시티,상봉동,중랑구,5,4,38.88,92-2,11260,12
"21,500",2008,2010,한일써너스빌리젠시 1단지,망우동,중랑구,5,20,59.61,479,11260,21
"21,000",2008,2010,한일써너스빌리젠시 1단지,망우동,중랑구,5,26,59.29,479,11260,24
"11,400",2003,2010,금강리빙스텔,신내동,중랑구,5,7,33.3,646,11260,5
"6,500",2003,2010,엘리어트하우스,신내동,중랑구,5,19,18.59,644,11260,3
"12,995",2003,2010,금강리빙스텔,신내동,중랑구,5,25,35.1,646,11260,3
"12,300",2003,2010,한일써너스빌,상봉동,중랑구,6,28,32.48,81-5,11260,18
"8,000",2000,2010,시네마시티,상봉동,중랑구,6,28,38.88,92-2,11260,7
"8,000",2000,2010,시네마시티,상봉동,중랑구,6,28,38.88,92-2,11260,7
"12,900",2003,2010,디아뜨갤러리,신내동,중랑구,6,4,36.66,648,11260,5
"12,550",2003,2010,디아뜨갤러리,신내동,중랑구,6,21,35.1,648,11260,2
"12,000",2003,2010,금강리빙스텔,신내동,중랑구,6,28,37.35,646,11260,4
"12,500",2003,2010,한일써너스빌,상봉동,중랑구,7,8,32.48,81-5,11260,5
"12,300",2003,2010,한일써너스빌,상봉동,중랑구,7,10,32.48,81-5,11260,21
"11,000",2003,2010,한일써너스빌,상봉동,중랑구,7,18,30.88,81-5,11260,3
"12,750",2003,2010,디아뜨갤러리,신내동,중랑구,7,10,36.66,648,11260,3
"10,000",2003,2010,디아뜨갤러리,신내동,중랑구,7,12,35.1,648,11260,4
"13,300",2003,2010,디아뜨갤러리,신내동,중랑구,7,13,35.1,648,11260,5
"11,800",2004,2010,묵동신도주상복합,묵동,중랑구,8,12,37.67,169-10,11260,4
"22,000",2008,2010,한일써너스빌리젠시 2단지,망우동,중랑구,8,14,59.28,495,11260,12
"21,900",2008,2010,한일써너스빌리젠시 1단지,망우동,중랑구,8,16,59.63,479,11260,9
"12,900",2003,2010,디아뜨갤러리,신내동,중랑구,8,17,36.66,648,11260,5
"10,000",2003,2010,디아뜨갤러리,신내동,중랑구,8,17,35.1,648,11260,4
"6,680",2000,2010,시네마시티,상봉동,중랑구,9,3,31.68,92-2,11260,10
"12,350",2003,2010,한일써너스빌,상봉동,중랑구,9,7,32.48,81-5,11260,6
"9,000",2004,2010,경운오피스텔,상봉동,중랑구,9,8,19.39,88-46,11260,7
"8,200",2003,2010,한일써너스빌,상봉동,중랑구,9,24,35.72,81-5,11260,4
"6,720",2000,2010,시네마시티,상봉동,중랑구,9,27,31.68,92-2,11260,7
"12,600",2003,2010,한일써너스빌,상봉동,중랑구,9,29,32.48,81-5,11260,15
"7,000",2000,2010,시네마시티,상봉동,중랑구,9,30,31.68,92-2,11260,14
"12,500",2003,2010,금강리빙스텔,신내동,중랑구,9,3,33.3,646,11260,5
"13,000",2003,2010,디아뜨갤러리,신내동,중랑구,9,9,35.1,648,11260,3
"12,800",2003,2010,디아뜨갤러리,신내동,중랑구,9,11,35.1,648,11260,2
"7,050",2002,2010,서일타운,면목동,중랑구,10,5,26.57,68-2,11260,7
"9,300",1988,2010,상봉오피스텔,상봉동,중랑구,10,5,35.64,137-15,11260,3
"12,300",2003,2010,한일써너스빌,상봉동,중랑구,10,7,32.48,81-5,11260,22
"15,000",2003,2010,한일써너스빌,상봉동,중랑구,10,23,42.04,81-5,11260,18
"10,000",2004,2010,묵동신도주상복합,묵동,중랑구,10,2,28.51,169-10,11260,4
"11,500",2004,2010,묵동신도주상복합,묵동,중랑구,10,4,28.51,169-10,11260,3
"13,300",2003,2010,디아뜨갤러리,신내동,중랑구,10,9,35.1,648,11260,3
"13,000",2003,2010,디아뜨갤러리,신내동,중랑구,10,15,35.1,648,11260,4
"12,000",2003,2010,금강리빙스텔,신내동,중랑구,10,16,35.1,646,11260,5
"12,000",2003,2010,디아뜨갤러리,신내동,중랑구,10,25,35.1,648,11260,4
"8,400",2003,2010,엘리어트하우스,신내동,중랑구,10,28,18.59,644,11260,5
"13,250",2003,2010,디아뜨갤러리,신내동,중랑구,10,28,36.66,648,11260,4
"12,500",2003,2010,한일써너스빌,상봉동,중랑구,11,4,32.48,81-5,11260,21
"13,000",2003,2010,한일써너스빌,상봉동,중랑구,11,11,35.72,81-5,11260,3
"10,500",2004,2010,묵동신도주상복합,묵동,중랑구,11,15,28.51,169-10,11260,3
"23,300",2008,2010,한일써너스빌리젠시 2단지,망우동,중랑구,11,23,59.61,495,11260,20
"13,600",2003,2010,디아뜨갤러리,신내동,중랑구,11,11,35.1,648,11260,3
"13,300",2003,2010,금강리빙스텔,신내동,중랑구,11,16,35.1,646,11260,5
"12,900",2003,2010,디아뜨갤러리,신내동,중랑구,11,22,36.66,648,11260,3
"12,700",2003,2010,금강리빙스텔,신내동,중랑구,11,23,33.3,646,11260,4
"11,500",2003,2010,엘리어트하우스,신내동,중랑구,11,25,29.69,644,11260,3
"6,900",2002,2010,서일타운,면목동,중랑구,12,6,25.76,68-2,11260,5
"12,700",2003,2010,한일써너스빌,상봉동,중랑구,12,9,31.88,81-5,11260,2
"12,950",2003,2010,한일써너스빌,상봉동,중랑구,12,13,31.88,81-5,11260,2
"14,800",2003,2010,한일써너스빌,상봉동,중랑구,12,16,41.39,81-5,11260,2
"11,900",2004,2010,라메즈오피스텔(104-32),상봉동,중랑구,12,31,28.4,104-32,11260,3
"14,700",2004,2010,묵동신도주상복합,묵동,중랑구,12,17,37.67,169-10,11260,3
"22,700",2008,2010,한일써너스빌리젠시 2단지,망우동,중랑구,12,4,59.29,495,11260,23
"12,800",2003,2010,금강리빙스텔,신내동,중랑구,12,8,35.1,646,11260,5
"13,000",2003,2010,디아뜨갤러리,신내동,중랑구,12,28,35.1,648,11260,2
"12,000",2003,2010,디아뜨갤러리,신내동,중랑구,12,30,35.1,648,11260,5
"12,700",2003,2010,금강리빙스텔,신내동,중랑구,12,31,33.3,646,11260,4
"7,100",2002,2011,서일타운,면목동,중랑구,1,17,28.18,68-2,11260,4
"16,000",2003,2011,한일써너스빌,상봉동,중랑구,1,3,42.04,81-5,11260,8
"8,450",2000,2011,시네마시티,상봉동,중랑구,1,6,38.88,92-2,11260,8
"13,000",2003,2011,한일써너스빌,상봉동,중랑구,1,13,32.48,81-5,11260,16
"13,000",2003,2011,한일써너스빌,상봉동,중랑구,1,14,32.48,81-5,11260,17
"6,800",2000,2011,시네마시티,상봉동,중랑구,1,19,31.68,92-2,11260,11
"14,500",2003,2011,한일써너스빌,상봉동,중랑구,1,19,37.56,81-5,11260,16
"13,000",2003,2011,한일써너스빌,상봉동,중랑구,1,23,32.48,81-5,11260,7
"13,000",2003,2011,한일써너스빌,상봉동,중랑구,1,26,32.48,81-5,11260,6
"14,500",2003,2011,한일써너스빌,상봉동,중랑구,1,28,37.56,81-5,11260,21
"16,500",2004,2011,묵동신도주상복합,묵동,중랑구,1,11,37.67,169-10,11260,4
"22,000",2008,2011,한일써너스빌리젠시 1단지,망우동,중랑구,1,19,59.29,479,11260,12
"22,000",2008,2011,한일써너스빌리젠시 1단지,망우동,중랑구,1,20,59.2,479,11260,10
"13,150",2003,2011,디아뜨갤러리,신내동,중랑구,1,14,36.66,648,11260,3
"13,100",2003,2011,금강리빙스텔,신내동,중랑구,1,31,33.3,646,11260,4
"13,000",2004,2011,(128-5),상봉동,중랑구,2,2,43.49,128-5,11260,2
"7,500",2000,2011,시네마시티,상봉동,중랑구,2,7,38.88,92-2,11260,9
"15,500",2003,2011,한일써너스빌,상봉동,중랑구,2,10,42.04,81-5,11260,9
"15,500",2003,2011,한일써너스빌,상봉동,중랑구,2,10,42.04,81-5,11260,10
"8,200",2000,2011,시네마시티,상봉동,중랑구,2,23,38.88,92-2,11260,8
"15,000",2003,2011,한일써너스빌,상봉동,중랑구,2,25,42.04,81-5,11260,11
"13,100",2003,2011,한일써너스빌,상봉동,중랑구,2,26,32.48,81-5,11260,8
"8,200",2000,2011,시네마시티,상봉동,중랑구,2,28,38.88,92-2,11260,8
"8,200",2000,2011,시네마시티,상봉동,중랑구,2,28,38.88,92-2,11260,8
"12,000",2004,2011,묵동신도주상복합,묵동,중랑구,2,24,26.45,169-10,11260,3
"14,000",2003,2011,디아뜨갤러리,신내동,중랑구,2,17,35.1,648,11260,4
"13,550",2003,2011,디아뜨갤러리,신내동,중랑구,2,18,36.66,648,11260,2
"13,200",2003,2011,금강리빙스텔,신내동,중랑구,2,19,33.3,646,11260,5
"13,700",2003,2011,디아뜨갤러리,신내동,중랑구,2,23,35.1,648,11260,3
"13,000",2003,2011,금강리빙스텔,신내동,중랑구,2,23,33.3,646,11260,5
"13,500",2003,2011,디아뜨갤러리,신내동,중랑구,2,24,35.1,648,11260,2
"7,200",2002,2011,서일타운,면목동,중랑구,3,2,26.57,68-2,11260,7
"8,200",2002,2011,서일타운,면목동,중랑구,3,4,32.67,68-2,11260,6
"12,000",2003,2011,한일써너스빌,상봉동,중랑구,3,11,27.53,81-5,11260,5
"7,300",2000,2011,시네마시티,상봉동,중랑구,3,11,31.68,92-2,11260,8
"8,350",2000,2011,시네마시티,상봉동,중랑구,3,13,38.88,92-2,11260,13
"7,300",2000,2011,시네마시티,상봉동,중랑구,3,18,31.68,92-2,11260,14
"12,000",2004,2011,라메즈오피스텔(104-32),상봉동,중랑구,3,23,26.6,104-32,11260,4
"9,000",1988,2011,상봉오피스텔,상봉동,중랑구,3,24,35.64,137-15,11260,5
"17,000",2004,2011,(128-5),상봉동,중랑구,3,30,46.81,128-5,11260,4
"23,000",2008,2011,한일써너스빌리젠시 1단지,망우동,중랑구,3,1,59.28,479,11260,10
"14,450",2003,2011,디아뜨갤러리,신내동,중랑구,3,8,36.66,648,11260,5
"9,100",2003,2011,엘리어트하우스,신내동,중랑구,3,12,25.5,644,11260,3
"13,800",2003,2011,금강리빙스텔,신내동,중랑구,3,23,37.35,646,11260,4
"15,500",2003,2011,디아뜨갤러리,신내동,중랑구,3,26,38.25,648,11260,4
"14,750",2003,2011,디아뜨갤러리,신내동,중랑구,3,27,38.7,648,11260,5
"7,300",2000,2011,시네마시티,상봉동,중랑구,4,4,31.68,92-2,11260,8
"13,000",2003,2011,한일써너스빌,상봉동,중랑구,4,4,32.48,81-5,11260,8
"7,400",2000,2011,시네마시티,상봉동,중랑구,4,9,31.68,92-2,11260,7
"7,400",2000,2011,시네마시티,상봉동,중랑구,4,9,31.68,92-2,11260,14
"13,300",2003,2011,한일써너스빌,상봉동,중랑구,4,15,32.48,81-5,11260,12
"12,980",2003,2011,한일써너스빌,상봉동,중랑구,4,17,30.88,81-5,11260,3
"13,000",2003,2011,한일써너스빌,상봉동,중랑구,4,28,33.08,81-5,11260,4
"13,600",2003,2011,디아뜨갤러리,신내동,중랑구,4,5,35.1,648,11260,5
"14,500",2003,2011,디아뜨갤러리,신내동,중랑구,4,8,35.1,648,11260,5
"8,800",2003,2011,엘리어트하우스,신내동,중랑구,4,19,18.59,644,11260,5
"7,350",2000,2011,시네마시티,상봉동,중랑구,5,2,31.68,92-2,11260,8
"8,350",2000,2011,시네마시티,상봉동,중랑구,5,2,38.88,92-2,11260,7
"13,500",2003,2011,한일써너스빌,상봉동,중랑구,5,17,32.48,81-5,11260,21
"7,500",2000,2011,시네마시티,상봉동,중랑구,5,27,31.68,92-2,11260,14
"5,000",2000,2011,시네마시티,상봉동,중랑구,5,31,16.8,92-2,11260,7
"13,850",2003,2011,디아뜨갤러리,신내동,중랑구,5,20,35.1,648,11260,5
"13,600",2003,2011,디아뜨갤러리,신내동,중랑구,5,25,35.1,648,11260,4
"14,500",2003,2011,디아뜨갤러리,신내동,중랑구,5,26,36.66,648,11260,5
"4,800",2002,2011,서일타운,면목동,중랑구,6,4,13.5,68-2,11260,6
"8,300",2000,2011,시네마시티,상봉동,중랑구,6,6,38.88,92-2,11260,10
"13,880",2003,2011,한일써너스빌,상봉동,중랑구,6,10,37.56,81-5,11260,24
"16,000",2003,2011,한일써너스빌,상봉동,중랑구,6,11,42.04,81-5,11260,18
"7,770",2000,2011,시네마시티,상봉동,중랑구,6,23,38.88,92-2,11260,13
"8,150",2000,2011,시네마시티,상봉동,중랑구,6,24,38.88,92-2,11260,14
"7,750",2000,2011,시네마시티,상봉동,중랑구,6,30,31.68,92-2,11260,11
"8,950",2003,2011,엘리어트하우스,신내동,중랑구,6,13,18.59,644,11260,4
"13,500",2003,2011,한일써너스빌,상봉동,중랑구,7,4,32.48,81-5,11260,13
"14,500",2003,2011,한일써너스빌,상봉동,중랑구,7,19,37.56,81-5,11260,23
"11,400",2004,2011,묵동신도주상복합,묵동,중랑구,7,18,28.51,169-10,11260,4
"14,200",2003,2011,디아뜨갤러리,신내동,중랑구,7,2,35.1,648,11260,5
"13,800",2003,2011,디아뜨갤러리,신내동,중랑구,7,7,35.1,648,11260,4
"18,000",2003,2011,디아뜨갤러리,신내동,중랑구,7,29,60.3,648,11260,5
"13,900",2003,2011,디아뜨갤러리,신내동,중랑구,7,30,35.1,648,11260,2
"13,500",2003,2011,한일써너스빌,상봉동,중랑구,8,10,32.48,81-5,11260,6
"12,300",2003,2011,한일써너스빌,상봉동,중랑구,8,11,27.53,81-5,11260,4
"7,800",2000,2011,시네마시티,상봉동,중랑구,8,12,31.68,92-2,11260,13
"13,350",2003,2011,한일써너스빌,상봉동,중랑구,8,15,32.48,81-5,11260,21
"8,500",2003,2011,한일써너스빌,상봉동,중랑구,8,23,35.72,81-5,11260,4
"14,700",2003,2011,한일써너스빌,상봉동,중랑구,8,24,37.56,81-5,11260,24
"13,500",2003,2011,한일써너스빌,상봉동,중랑구,8,29,32.48,81-5,11260,17
"21,900",2008,2011,한일써너스빌리젠시 1단지,망우동,중랑구,8,6,59.61,479,11260,11
"22,800",2008,2011,한일써너스빌리젠시 1단지,망우동,중랑구,8,28,59.29,479,11260,8
"22,350",2008,2011,한일써너스빌리젠시 2단지,망우동,중랑구,8,31,59.28,495,11260,14
"13,500",2003,2011,금강리빙스텔,신내동,중랑구,8,27,39.52,646,11260,3
"8,600",2000,2011,시네마시티,상봉동,중랑구,9,16,38.88,92-2,11260,11
"12,000",2004,2011,묵동신도주상복합,묵동,중랑구,9,26,28.51,169-10,11260,3
"24,600",2008,2011,한일써너스빌리젠시 1단지,망우동,중랑구,9,7,59.63,479,11260,19
"23,500",2008,2011,한일써너스빌리젠시 2단지,망우동,중랑구,9,30,59.2,495,11260,21
"13,600",2003,2011,디아뜨갤러리,신내동,중랑구,9,9,38.25,648,11260,3
"7,500",2002,2011,서일타운,면목동,중랑구,10,12,28.18,68-2,11260,5
"12,500",2003,2011,한일써너스빌,상봉동,중랑구,10,7,27.53,81-5,11260,3
"8,150",2000,2011,시네마시티,상봉동,중랑구,10,14,31.68,92-2,11260,10
"13,300",2003,2011,디아뜨갤러리,신내동,중랑구,10,8,35.1,648,11260,4
"14,000",2003,2011,디아뜨갤러리,신내동,중랑구,10,8,35.1,648,11260,4
"6,800",2002,2011,서일타운,면목동,중랑구,11,2,27.41,68-2,11260,4
"8,700",2000,2011,시네마시티,상봉동,중랑구,11,4,38.88,92-2,11260,11
"13,670",2003,2011,한일써너스빌,상봉동,중랑구,11,15,33.08,81-5,11260,3
"10,000",1988,2011,상봉오피스텔,상봉동,중랑구,11,24,35.64,137-15,11260,3
"22,000",2008,2011,한일써너스빌리젠시 2단지,망우동,중랑구,11,15,59.28,495,11260,5
"13,200",2003,2011,금강리빙스텔,신내동,중랑구,11,7,37.8,646,11260,5
"10,000",2003,2011,금강리빙스텔,신내동,중랑구,11,11,35.1,646,11260,3
"13,500",2003,2011,디아뜨갤러리,신내동,중랑구,11,15,35.1,648,11260,3
"12,500",2003,2011,금강리빙스텔,신내동,중랑구,11,16,33.3,646,11260,4
"7,800",2002,2011,서일타운,면목동,중랑구,12,16,26.57,68-2,11260,6
"12,600",2003,2011,한일써너스빌,상봉동,중랑구,12,1,30.88,81-5,11260,3
"13,500",2003,2011,한일써너스빌,상봉동,중랑구,12,6,32.48,81-5,11260,9
"12,900",2003,2011,한일써너스빌,상봉동,중랑구,12,9,30.88,81-5,11260,4
"13,000",2003,2011,한일써너스빌,상봉동,중랑구,12,10,30.88,81-5,11260,3
"13,500",2003,2011,한일써너스빌,상봉동,중랑구,12,10,32.48,81-5,11260,25
"15,000",2003,2011,한일써너스빌,상봉동,중랑구,12,14,42.04,81-5,11260,25
"12,700",2003,2011,한일써너스빌,상봉동,중랑구,12,14,27.53,81-5,11260,4
"14,750",2003,2011,한일써너스빌,상봉동,중랑구,12,17,37.56,81-5,11260,25
"21,000",2008,2011,한일써너스빌리젠시 2단지,망우동,중랑구,12,5,59.2,495,11260,10
"23,400",2008,2011,한일써너스빌리젠시 2단지,망우동,중랑구,12,9,59.28,495,11260,16
"24,000",2008,2011,한일써너스빌리젠시 2단지,망우동,중랑구,12,26,59.28,495,11260,19
"13,500",2003,2011,디아뜨갤러리,신내동,중랑구,12,6,35.1,648,11260,4
"9,200",2002,2012,서일타운,면목동,중랑구,1,9,32.67,68-2,11260,6
"13,500",2003,2012,한일써너스빌,상봉동,중랑구,1,7,32.48,81-5,11260,5
"13,700",2003,2012,한일써너스빌,상봉동,중랑구,1,28,32.48,81-5,11260,11
"13,400",2003,2012,디아뜨갤러리,신내동,중랑구,1,7,35.1,648,11260,2
"16,000",2003,2012,한일써너스빌,상봉동,중랑구,2,8,42.04,81-5,11260,12
"13,500",2003,2012,한일써너스빌,상봉동,중랑구,2,13,32.48,81-5,11260,12
"12,700",2003,2012,한일써너스빌,상봉동,중랑구,2,21,27.53,81-5,11260,5
"22,900",2008,2012,한일써너스빌리젠시 1단지,망우동,중랑구,2,9,59.61,479,11260,22
"12,800",2003,2012,금강리빙스텔,신내동,중랑구,2,24,35.1,646,11260,4
"14,000",2003,2012,한일써너스빌,상봉동,중랑구,3,6,32.48,81-5,11260,7
"10,000",1988,2012,상봉오피스텔,상봉동,중랑구,3,8,35.64,137-15,11260,5
"8,440",2000,2012,시네마시티,상봉동,중랑구,3,29,38.88,92-2,11260,12
"22,500",2008,2012,한일써너스빌리젠시 2단지,망우동,중랑구,3,29,59.29,495,11260,12
"13,400",2003,2012,디아뜨갤러리,신내동,중랑구,3,13,35.1,648,11260,3
"13,400",2003,2012,금강리빙스텔,신내동,중랑구,3,15,35.1,646,11260,5
"9,320",2003,2012,엘리어트하우스,신내동,중랑구,3,28,21.65,644,11260,5
"13,400",2003,2012,금강리빙스텔,신내동,중랑구,3,30,39.15,646,11260,4
"13,900",2003,2012,한일써너스빌,상봉동,중랑구,4,3,32.48,81-5,11260,18
"8,400",2000,2012,시네마시티,상봉동,중랑구,4,3,38.88,92-2,11260,10
"13,700",2003,2012,한일써너스빌,상봉동,중랑구,4,16,32.48,81-5,11260,8
"14,800",2003,2012,한일써너스빌,상봉동,중랑구,4,21,37.56,81-5,11260,17
"11,500",2004,2012,묵동신도주상복합,묵동,중랑구,4,7,26.45,169-10,11260,4
"12,200",2004,2012,묵동신도주상복합,묵동,중랑구,4,28,28.51,169-10,11260,4
"23,000",2008,2012,한일써너스빌리젠시 1단지,망우동,중랑구,4,10,59.29,479,11260,11
"13,300",2003,2012,디아뜨갤러리,신내동,중랑구,4,11,36.66,648,11260,5
"13,100",2003,2012,디아뜨갤러리,신내동,중랑구,4,11,35.1,648,11260,5
"13,280",2003,2012,디아뜨갤러리,신내동,중랑구,4,20,35.1,648,11260,3
"13,300",2003,2012,금강리빙스텔,신내동,중랑구,4,23,39.15,646,11260,3
"7,900",2002,2012,서일타운,면목동,중랑구,5,29,29.38,68-2,11260,4
"9,200",2000,2012,시네마시티,상봉동,중랑구,5,5,38.88,92-2,11260,12
"8,000",2000,2012,시네마시티,상봉동,중랑구,5,10,31.68,92-2,11260,11
"23,400",2008,2012,한일써너스빌리젠시 2단지,망우동,중랑구,5,8,59.28,495,11260,14
"13,500",2003,2012,금강리빙스텔,신내동,중랑구,5,10,35.1,646,11260,4
"9,000",2003,2012,엘리어트하우스,신내동,중랑구,5,10,18.59,644,11260,4
"13,000",2003,2012,금강리빙스텔,신내동,중랑구,5,11,35.1,646,11260,4
"12,950",2003,2012,금강리빙스텔,신내동,중랑구,5,14,35.55,646,11260,5
"12,800",2003,2012,금강리빙스텔,신내동,중랑구,5,31,35.55,646,11260,4
"13,900",2003,2012,한일써너스빌,상봉동,중랑구,6,13,32.48,81-5,11260,20
"14,000",2003,2012,한일써너스빌,상봉동,중랑구,6,19,32.48,81-5,11260,23
"13,500",2003,2012,디아뜨갤러리,신내동,중랑구,6,11,35.1,648,11260,5
"13,600",2003,2012,디아뜨갤러리,신내동,중랑구,6,13,35.1,648,11260,5
"8,500",2003,2012,금강리빙스텔,신내동,중랑구,6,25,33.3,646,11260,4
"4,300",2002,2012,서일타운,면목동,중랑구,7,11,13.5,68-2,11260,4
"22,000",2008,2012,한일써너스빌리젠시 1단지,망우동,중랑구,7,20,59.61,479,11260,6
"12,500",2003,2012,금강리빙스텔,신내동,중랑구,7,5,35.1,646,11260,3
"7,500",2002,2012,서일타운,면목동,중랑구,8,22,28.35,68-2,11260,4
"13,950",2003,2012,한일써너스빌,상봉동,중랑구,8,10,32.48,81-5,11260,11
"13,600",2003,2012,한일써너스빌,상봉동,중랑구,8,30,32.48,81-5,11260,19
"11,300",2004,2012,묵동신도주상복합,묵동,중랑구,8,8,28.51,169-10,11260,4
"22,500",2008,2012,한일써너스빌리젠시 2단지,망우동,중랑구,8,6,59.2,495,11260,14
"22,700",2008,2012,한일써너스빌리젠시 2단지,망우동,중랑구,8,14,59.2,495,11260,23
"10,500",2003,2012,디아뜨갤러리,신내동,중랑구,8,9,35.1,648,11260,3
"11,000",2003,2012,엘리어트하우스,신내동,중랑구,8,22,37.19,644,11260,3
"13,500",2003,2012,디아뜨갤러리,신내동,중랑구,8,25,35.1,648,11260,5
"13,900",2003,2012,한일써너스빌,상봉동,중랑구,9,4,32.48,81-5,11260,25
"11,000",2003,2012,디아뜨갤러리,신내동,중랑구,9,27,35.1,648,11260,4
"13,800",2003,2012,한일써너스빌,상봉동,중랑구,10,22,35.72,81-5,11260,3
"13,500",2003,2012,한일써너스빌,상봉동,중랑구,10,23,33.08,81-5,11260,3
"12,900",2003,2012,디아뜨갤러리,신내동,중랑구,10,2,36.66,648,11260,2
"9,500",2003,2012,엘리어트하우스,신내동,중랑구,10,16,37.19,644,11260,5
"23,500",2008,2012,한일써너스빌리젠시 1단지,망우동,중랑구,11,24,59.61,479,11260,18
"12,950",2003,2012,디아뜨갤러리,신내동,중랑구,11,3,36.66,648,11260,4
"13,200",2003,2012,디아뜨갤러리,신내동,중랑구,11,3,35.1,648,11260,3
"12,500",2004,2012,라메즈오피스텔(104-32),상봉동,중랑구,12,11,35.69,104-32,11260,4
"13,800",2003,2012,한일써너스빌,상봉동,중랑구,12,11,32.48,81-5,11260,13
"14,900",2003,2012,한일써너스빌,상봉동,중랑구,12,31,42.04,81-5,11260,22
"12,000",2004,2012,묵동신도주상복합,묵동,중랑구,12,6,28.51,169-10,11260,4
"13,000",2003,2012,금강리빙스텔,신내동,중랑구,12,27,35.1,646,11260,4
"13,100",2003,2012,디아뜨갤러리,신내동,중랑구,12,28,35.1,648,11260,3
"22,500",2008,2013,한일써너스빌리젠시 2단지,망우동,중랑구,1,16,59.61,495,11260,20
"12,000",2003,2013,금강리빙스텔,신내동,중랑구,1,10,33.3,646,11260,4
"13,000",2003,2013,금강리빙스텔,신내동,중랑구,1,21,35.1,646,11260,4
"11,500",2003,2013,금강리빙스텔,신내동,중랑구,1,31,33.3,646,11260,5
"13,500",2003,2013,한일써너스빌,상봉동,중랑구,2,19,32.48,81-5,11260,15
"21,250",2008,2013,한일써너스빌리젠시 1단지,망우동,중랑구,2,4,59.61,479,11260,17
"22,400",2008,2013,한일써너스빌리젠시 1단지,망우동,중랑구,2,13,59.29,479,11260,14
"20,750",2008,2013,한일써너스빌리젠시 2단지,망우동,중랑구,2,21,59.28,495,11260,6
"12,500",2003,2013,금강리빙스텔,신내동,중랑구,2,1,35.1,646,11260,5
"9,000",2003,2013,엘리어트하우스,신내동,중랑구,2,25,37.19,644,11260,4
"14,000",2003,2013,한일써너스빌,상봉동,중랑구,3,3,32.48,81-5,11260,18
"14,500",2003,2013,한일써너스빌,상봉동,중랑구,3,26,37.56,81-5,11260,20
"7,800",2012,2013,(171-29),묵동,중랑구,3,16,16.38,171-29,11260,3
"7,800",2012,2013,(171-29),묵동,중랑구,3,16,17.94,171-29,11260,3
"8,000",2012,2013,(171-29),묵동,중랑구,3,16,20.3,171-29,11260,3
"8,000",2012,2013,(171-29),묵동,중랑구,3,16,20.15,171-29,11260,3
"21,300",2008,2013,한일써너스빌리젠시 1단지,망우동,중랑구,3,14,59.61,479,11260,3
"12,400",2003,2013,디아뜨갤러리,신내동,중랑구,3,22,35.1,648,11260,3
"12,300",2003,2013,디아뜨갤러리,신내동,중랑구,4,5,35.1,648,11260,4
"9,200",2003,2013,엘리어트하우스,신내동,중랑구,4,8,23.93,644,11260,5
"12,000",2003,2013,금강리빙스텔,신내동,중랑구,4,17,35.1,646,11260,4
"7,200",2002,2013,서일타운,면목동,중랑구,5,14,25.76,68-2,11260,5
"9,000",1988,2013,상봉오피스텔,상봉동,중랑구,5,3,35.64,137-15,11260,2
"13,400",2003,2013,한일써너스빌,상봉동,중랑구,5,23,32.48,81-5,11260,10
"12,770",2003,2013,디아뜨갤러리,신내동,중랑구,5,7,35.1,648,11260,5
"12,300",2003,2013,디아뜨갤러리,신내동,중랑구,5,10,35.1,648,11260,2
"12,800",2003,2013,디아뜨갤러리,신내동,중랑구,5,23,35.1,648,11260,5
"12,400",2003,2013,디아뜨갤러리,신내동,중랑구,5,24,35.1,648,11260,3
"13,500",2003,2013,한일써너스빌,상봉동,중랑구,6,3,32.48,81-5,11260,19
"13,450",2003,2013,한일써너스빌,상봉동,중랑구,6,25,32.48,81-5,11260,15
"12,200",2004,2013,묵동신도주상복합,묵동,중랑구,6,3,28.51,169-10,11260,3
"22,900",2008,2013,한일써너스빌리젠시 1단지,망우동,중랑구,6,15,59.29,479,11260,24
"12,000",2003,2013,디아뜨갤러리,신내동,중랑구,6,8,35.1,648,11260,3
"12,600",2003,2013,디아뜨갤러리,신내동,중랑구,6,13,35.1,648,11260,4
"12,600",2003,2013,금강리빙스텔,신내동,중랑구,6,15,35.1,646,11260,3
"12,400",2003,2013,디아뜨갤러리,신내동,중랑구,6,26,36.66,648,11260,2
"8,800",2000,2013,시네마시티,상봉동,중랑구,7,4,38.88,92-2,11260,10
"13,000",2003,2013,한일써너스빌,상봉동,중랑구,7,10,32.48,81-5,11260,6
"13,470",2003,2013,한일써너스빌,상봉동,중랑구,7,16,32.48,81-5,11260,21
"14,500",2003,2013,한일써너스빌,상봉동,중랑구,7,22,37.56,81-5,11260,24
"13,000",2003,2013,디아뜨갤러리,신내동,중랑구,7,5,36.66,648,11260,3
"7,450",2002,2013,서일타운,면목동,중랑구,8,30,28.18,68-2,11260,4
"9,000",1988,2013,상봉오피스텔,상봉동,중랑구,8,22,35.64,137-15,11260,2
"13,100",2003,2013,한일써너스빌,상봉동,중랑구,8,28,32.48,81-5,11260,16
"13,300",2003,2013,한일써너스빌,상봉동,중랑구,8,30,32.48,81-5,11260,20
"11,950",2003,2013,디아뜨갤러리,신내동,중랑구,8,17,35.1,648,11260,4
"12,600",2003,2013,디아뜨갤러리,신내동,중랑구,8,27,35.1,648,11260,2
"12,800",2003,2013,디아뜨갤러리,신내동,중랑구,8,30,36.66,648,11260,4
"15,800",2003,2013,한일써너스빌,상봉동,중랑구,9,9,42.04,81-5,11260,21
"8,150",2000,2013,시네마시티,상봉동,중랑구,9,9,38.88,92-2,11260,13
"9,900",1988,2013,상봉오피스텔,상봉동,중랑구,9,10,35.64,137-15,11260,5
"16,000",2004,2013,묵동신도주상복합,묵동,중랑구,9,26,37.67,169-10,11260,3
"22,000",2008,2013,한일써너스빌리젠시 1단지,망우동,중랑구,9,2,59.29,479,11260,17
"22,500",2008,2013,한일써너스빌리젠시 2단지,망우동,중랑구,9,11,59.28,495,11260,5
"13,300",2003,2013,한일써너스빌,상봉동,중랑구,10,5,32.48,81-5,11260,22
"13,020",2003,2013,디아뜨갤러리,신내동,중랑구,10,4,35.1,648,11260,5
"11,800",2003,2013,금강리빙스텔,신내동,중랑구,10,16,33.3,646,11260,5
"9,000",2003,2013,엘리어트하우스,신내동,중랑구,10,18,18.59,644,11260,4
"12,000",2003,2013,디아뜨갤러리,신내동,중랑구,10,28,35.1,648,11260,4
"12,000",2003,2013,금강리빙스텔,신내동,중랑구,11,7,33.3,646,11260,5
"9,500",2003,2013,엘리어트하우스,신내동,중랑구,11,18,37.19,644,11260,5
"11,000",2003,2013,디아뜨갤러리,신내동,중랑구,11,18,35.1,648,11260,3
"9,500",2003,2013,엘리어트하우스,신내동,중랑구,11,18,37.19,644,11260,4
"12,900",2003,2013,금강리빙스텔,신내동,중랑구,11,18,37.8,646,11260,4
"23,000",2008,2013,한일써너스빌리젠시 1단지,망우동,중랑구,12,2,59.61,479,11260,24
"12,050",2003,2013,금강리빙스텔,신내동,중랑구,12,1,35.1,646,11260,5
"9,200",2003,2013,엘리어트하우스,신내동,중랑구,12,20,21.65,644,11260,3
"13,400",2003,2014,한일써너스빌,상봉동,중랑구,1,21,32.48,81-5,11260,15
"12,600",2004,2014,묵동신도주상복합,묵동,중랑구,1,27,28.51,169-10,11260,4
"21,000",2008,2014,한일써너스빌리젠시 1단지,망우동,중랑구,1,8,59.63,479,11260,3
"21,500",2008,2014,한일써너스빌리젠시 1단지,망우동,중랑구,1,18,59.63,479,11260,6
"11,000",2003,2014,디아뜨갤러리,신내동,중랑구,1,16,35.1,648,11260,4
"12,000",2003,2014,금강리빙스텔,신내동,중랑구,1,25,33.3,646,11260,4
"13,000",2003,2014,디아뜨갤러리,신내동,중랑구,1,27,35.1,648,11260,5
"12,700",2003,2014,한일써너스빌,상봉동,중랑구,2,7,27.53,81-5,11260,5
"15,750",2003,2014,한일써너스빌,상봉동,중랑구,2,24,42.04,81-5,11260,14
"13,700",2003,2014,한일써너스빌,상봉동,중랑구,2,26,32.48,81-5,11260,12
"15,200",2003,2014,한일써너스빌,상봉동,중랑구,2,26,42.04,81-5,11260,8
"11,000",2004,2014,묵동신도주상복합,묵동,중랑구,2,24,28.51,169-10,11260,4
"23,000",2008,2014,한일써너스빌리젠시 1단지,망우동,중랑구,2,11,59.61,479,11260,12
"23,000",2008,2014,한일써너스빌리젠시 1단지,망우동,중랑구,2,18,59.61,479,11260,15
"21,950",2008,2014,한일써너스빌리젠시 2단지,망우동,중랑구,2,27,59.61,495,11260,4
"12,850",2003,2014,금강리빙스텔,신내동,중랑구,2,6,35.1,646,11260,3
"10,500",2003,2014,디아뜨갤러리,신내동,중랑구,2,15,35.1,648,11260,2
"13,000",2003,2014,디아뜨갤러리,신내동,중랑구,2,15,35.1,648,11260,3
"13,000",2003,2014,금강리빙스텔,신내동,중랑구,2,18,35.1,646,11260,4
"12,800",2003,2014,디아뜨갤러리,신내동,중랑구,2,19,35.1,648,11260,5
"12,900",2003,2014,디아뜨갤러리,신내동,중랑구,2,24,35.1,648,11260,5
"12,500",2003,2014,디아뜨갤러리,신내동,중랑구,2,26,35.1,648,11260,2
"9,350",1988,2014,상봉오피스텔,상봉동,중랑구,3,3,35.64,137-15,11260,4
"21,800",2008,2014,한일써너스빌리젠시 1단지,망우동,중랑구,3,2,59.29,479,11260,4
"22,500",2008,2014,한일써너스빌리젠시 1단지,망우동,중랑구,3,30,59.29,479,11260,22
"13,000",2003,2014,디아뜨갤러리,신내동,중랑구,3,10,35.1,648,11260,4
"12,800",2003,2014,금강리빙스텔,신내동,중랑구,3,10,35.1,646,11260,5
"12,800",2003,2014,디아뜨갤러리,신내동,중랑구,3,11,35.1,648,11260,2
"13,500",2003,2014,디아뜨갤러리,신내동,중랑구,3,12,38.25,648,11260,4
"12,400",2003,2014,금강리빙스텔,신내동,중랑구,3,12,33.3,646,11260,5
"11,300",2013,2014,중랑 지웰 에스테이트,면목동,중랑구,4,7,19.6,538,11260,3
"9,300",1988,2014,상봉오피스텔,상봉동,중랑구,4,14,35.64,137-15,11260,3
"12,650",2003,2014,금강리빙스텔,신내동,중랑구,4,23,35.1,646,11260,3
"9,000",2003,2014,엘리어트하우스,신내동,중랑구,4,30,21.65,644,11260,3
"7,400",2002,2014,서일타운,면목동,중랑구,5,10,29.38,68-2,11260,4
"7,400",2002,2014,서일타운,면목동,중랑구,5,16,29.38,68-2,11260,6
"13,700",2003,2014,한일써너스빌,상봉동,중랑구,5,17,32.48,81-5,11260,13
"13,780",2003,2014,한일써너스빌,상봉동,중랑구,5,23,32.48,81-5,11260,7
"14,850",2003,2014,한일써너스빌,상봉동,중랑구,5,28,37.56,81-5,11260,14
"8,100",2000,2014,시네마시티,상봉동,중랑구,5,28,38.88,92-2,11260,12
"13,000",2003,2014,금강리빙스텔,신내동,중랑구,5,9,35.1,646,11260,4
"9,300",2003,2014,엘리어트하우스,신내동,중랑구,5,29,23.93,644,11260,3
"7,200",2002,2014,서일타운,면목동,중랑구,6,30,28.18,68-2,11260,7
"13,800",2003,2014,한일써너스빌,상봉동,중랑구,6,13,32.48,81-5,11260,15
"13,900",2003,2014,한일써너스빌,상봉동,중랑구,6,13,32.48,81-5,11260,12
"22,700",2008,2014,한일써너스빌리젠시 1단지,망우동,중랑구,6,7,59.29,479,11260,15
"22,500",2008,2014,한일써너스빌리젠시 2단지,망우동,중랑구,6,9,59.28,495,11260,9
"22,950",2008,2014,한일써너스빌리젠시 1단지,망우동,중랑구,6,13,59.61,479,11260,9
"22,970",2008,2014,한일써너스빌리젠시 2단지,망우동,중랑구,6,23,59.61,495,11260,22
"8,000",2003,2014,엘리어트하우스,신내동,중랑구,6,9,18.59,644,11260,5
"12,000",2003,2014,금강리빙스텔,신내동,중랑구,6,9,33.3,646,11260,3
"13,000",2003,2014,디아뜨갤러리,신내동,중랑구,6,10,36.66,648,11260,5
"9,100",2003,2014,엘리어트하우스,신내동,중랑구,6,11,18.59,644,11260,4
"12,900",2003,2014,디아뜨갤러리,신내동,중랑구,6,11,35.1,648,11260,3
"14,500",2003,2014,디아뜨갤러리,신내동,중랑구,6,12,42.02,648,11260,2
"13,000",2003,2014,디아뜨갤러리,신내동,중랑구,6,24,35.1,648,11260,3
"9,300",2003,2014,엘리어트하우스,신내동,중랑구,6,24,21.65,644,11260,3
"17,000",2003,2014,디아뜨갤러리,신내동,중랑구,6,26,49.5,648,11260,5
"12,900",2003,2014,디아뜨갤러리,신내동,중랑구,6,28,35.1,648,11260,4
"13,700",2003,2014,한일써너스빌,상봉동,중랑구,7,25,32.48,81-5,11260,5
"21,850",2008,2014,한일써너스빌리젠시 1단지,망우동,중랑구,7,31,59.28,479,11260,13
"12,900",2003,2014,디아뜨갤러리,신내동,중랑구,8,11,35.1,648,11260,2
"12,950",2003,2014,디아뜨갤러리,신내동,중랑구,8,16,35.1,648,11260,2
"10,500",1988,2014,상봉오피스텔,상봉동,중랑구,9,24,35.64,137-15,11260,3
"10,718",2012,2014,중화동 범양프레체,중화동,중랑구,9,6,22.21,208-4,11260,3
"10,718",2012,2014,중화동 범양프레체,중화동,중랑구,9,22,22.21,208-4,11260,3
"22,300",2008,2014,한일써너스빌리젠시 1단지,망우동,중랑구,9,1,59.61,479,11260,4
"22,500",2008,2014,한일써너스빌리젠시 2단지,망우동,중랑구,9,6,59.2,495,11260,9
"22,500",2008,2014,한일써너스빌리젠시 1단지,망우동,중랑구,9,13,59.28,479,11260,15
"23,000",2008,2014,한일써너스빌리젠시 1단지,망우동,중랑구,9,15,59.2,479,11260,16
"23,500",2008,2014,한일써너스빌리젠시 2단지,망우동,중랑구,9,20,59.61,495,11260,23
"23,450",2008,2014,한일써너스빌리젠시 1단지,망우동,중랑구,9,23,59.29,479,11260,21
"13,100",2003,2014,금강리빙스텔,신내동,중랑구,9,23,35.1,646,11260,5
"7,200",2000,2014,시네마시티,상봉동,중랑구,10,15,31.68,92-2,11260,9
"8,000",2000,2014,시네마시티,상봉동,중랑구,10,24,38.88,92-2,11260,10
"13,900",2003,2014,한일써너스빌,상봉동,중랑구,10,30,32.48,81-5,11260,17
"22,700",2008,2014,한일써너스빌리젠시 2단지,망우동,중랑구,10,23,59.61,495,11260,15
"21,750",2008,2014,한일써너스빌리젠시 2단지,망우동,중랑구,10,25,59.63,495,11260,4
"12,500",2003,2014,디아뜨갤러리,신내동,중랑구,10,11,35.1,648,11260,2
"12,900",2003,2014,디아뜨갤러리,신내동,중랑구,10,14,35.1,648,11260,4
"12,700",2003,2014,디아뜨갤러리,신내동,중랑구,10,31,35.1,648,11260,2
"13,800",2003,2014,한일써너스빌,상봉동,중랑구,11,1,32.48,81-5,11260,9
"11,100",2004,2014,묵동신도주상복합,묵동,중랑구,11,10,26.45,169-10,11260,3
"12,200",2004,2014,묵동신도주상복합,묵동,중랑구,11,22,28.51,169-10,11260,3
"22,250",2008,2014,한일써너스빌리젠시 2단지,망우동,중랑구,11,4,59.28,495,11260,3
"21,800",2008,2014,한일써너스빌리젠시 1단지,망우동,중랑구,11,24,59.63,479,11260,13
"12,500",2003,2014,디아뜨갤러리,신내동,중랑구,11,22,35.1,648,11260,2
"13,000",2003,2014,한일써너스빌,상봉동,중랑구,12,2,31.88,81-5,11260,2
"13,900",2003,2014,한일써너스빌,상봉동,중랑구,12,31,32.48,81-5,11260,6
"15,900",2003,2014,한일써너스빌,상봉동,중랑구,12,31,42.04,81-5,11260,23
"22,250",2008,2014,한일써너스빌리젠시 1단지,망우동,중랑구,12,26,59.29,479,11260,4
"14,000",2003,2015,한일써너스빌,상봉동,중랑구,1,2,32.48,81-5,11260,11
"12,950",2003,2015,한일써너스빌,상봉동,중랑구,1,15,30.88,81-5,11260,4
"13,200",2003,2015,한일써너스빌,상봉동,중랑구,1,28,31.88,81-5,11260,2
"22,000",2008,2015,한일써너스빌리젠시 2단지,망우동,중랑구,1,8,59.2,495,11260,24
"22,400",2008,2015,한일써너스빌리젠시 2단지,망우동,중랑구,1,12,59.2,495,11260,19
"22,700",2008,2015,한일써너스빌리젠시 2단지,망우동,중랑구,1,19,59.61,495,11260,14
"21,900",2008,2015,한일써너스빌리젠시 2단지,망우동,중랑구,1,24,59.2,495,11260,3
"22,500",2008,2015,한일써너스빌리젠시 2단지,망우동,중랑구,1,25,59.29,495,11260,11
"13,000",2003,2015,디아뜨갤러리,신내동,중랑구,1,15,35.1,648,11260,2
"7,350",2002,2015,서일타운,면목동,중랑구,2,27,26.57,68-2,11260,6
"12,930",2003,2015,한일써너스빌,상봉동,중랑구,2,10,30.88,81-5,11260,4
"8,000",2000,2015,시네마시티,상봉동,중랑구,2,15,38.88,92-2,11260,7
"17,000",2012,2015,예원캐슬,망우동,중랑구,2,9,47.03,508-34,11260,2
"24,000",2008,2015,한일써너스빌리젠시 2단지,망우동,중랑구,2,14,59.28,495,11260,21
"13,000",2003,2015,디아뜨갤러리,신내동,중랑구,2,3,36.66,648,11260,3
"13,450",2003,2015,금강리빙스텔,신내동,중랑구,2,5,37.8,646,11260,3
"13,000",2003,2015,디아뜨갤러리,신내동,중랑구,2,5,35.1,648,11260,4
"12,950",2003,2015,디아뜨갤러리,신내동,중랑구,2,7,35.1,648,11260,2
"12,800",2003,2015,금강리빙스텔,신내동,중랑구,2,17,33.3,646,11260,5
"13,650",2003,2015,디아뜨갤러리,신내동,중랑구,2,28,36.66,648,11260,5
"13,650",2003,2015,디아뜨갤러리,신내동,중랑구,2,28,36.66,648,11260,5
"13,850",2003,2015,한일써너스빌,상봉동,중랑구,3,6,32.48,81-5,11260,23
"12,900",2003,2015,한일써너스빌,상봉동,중랑구,3,12,30.88,81-5,11260,4
"7,300",2000,2015,시네마시티,상봉동,중랑구,3,14,31.68,92-2,11260,13
"14,300",2003,2015,한일써너스빌,상봉동,중랑구,3,16,32.48,81-5,11260,21
"14,300",2003,2015,한일써너스빌,상봉동,중랑구,3,16,32.48,81-5,11260,24
"14,250",2003,2015,한일써너스빌,상봉동,중랑구,3,16,32.48,81-5,11260,14
"14,200",2003,2015,한일써너스빌,상봉동,중랑구,3,31,32.48,81-5,11260,15
"23,500",2008,2015,한일써너스빌리젠시 1단지,망우동,중랑구,3,6,59.29,479,11260,18
"23,000",2008,2015,한일써너스빌리젠시 1단지,망우동,중랑구,3,13,59.2,479,11260,23
"23,400",2008,2015,한일써너스빌리젠시 1단지,망우동,중랑구,3,14,59.61,479,11260,24
"23,300",2008,2015,한일써너스빌리젠시 1단지,망우동,중랑구,3,15,59.2,479,11260,8
"23,500",2008,2015,한일써너스빌리젠시 2단지,망우동,중랑구,3,21,59.28,495,11260,17
"24,000",2008,2015,한일써너스빌리젠시 2단지,망우동,중랑구,3,24,59.28,495,11260,14
"22,900",2008,2015,한일써너스빌리젠시 1단지,망우동,중랑구,3,30,59.29,479,11260,6
"13,000",2003,2015,금강리빙스텔,신내동,중랑구,3,5,33.3,646,11260,5
"13,400",2003,2015,디아뜨갤러리,신내동,중랑구,3,18,36.66,648,11260,3
"12,800",2003,2015,금강리빙스텔,신내동,중랑구,3,21,35.1,646,11260,3
"12,800",2003,2015,금강리빙스텔,신내동,중랑구,3,21,33.3,646,11260,3
"9,150",2003,2015,엘리어트하우스,신내동,중랑구,3,21,18.59,644,11260,4
"14,000",2003,2015,디아뜨갤러리,신내동,중랑구,3,24,35.1,648,11260,5
"12,800",2003,2015,한일써너스빌,상봉동,중랑구,4,9,27.53,81-5,11260,5
"16,500",2003,2015,한일써너스빌,상봉동,중랑구,4,11,42.04,81-5,11260,20
"7,100",2000,2015,시네마시티,상봉동,중랑구,4,14,31.68,92-2,11260,14
"17,000",2003,2015,한일써너스빌,상봉동,중랑구,4,24,42.04,81-5,11260,21
"10,000",2012,2015,중화동 범양프레체,중화동,중랑구,4,6,22.21,208-4,11260,3
"12,500",2004,2015,묵동신도주상복합,묵동,중랑구,4,2,28.51,169-10,11260,4
"23,950",2008,2015,한일써너스빌리젠시 1단지,망우동,중랑구,4,10,59.63,479,11260,13
"23,300",2008,2015,한일써너스빌리젠시 1단지,망우동,중랑구,4,17,59.61,479,11260,7
"23,400",2008,2015,한일써너스빌리젠시 2단지,망우동,중랑구,4,20,59.63,495,11260,15
"24,000",2008,2015,한일써너스빌리젠시 1단지,망우동,중랑구,4,26,59.2,479,11260,20
"23,500",2008,2015,한일써너스빌리젠시 1단지,망우동,중랑구,4,27,59.63,479,11260,21
"14,000",2003,2015,금강리빙스텔,신내동,중랑구,4,10,37.35,646,11260,3
"15,500",2003,2015,디아뜨갤러리,신내동,중랑구,4,11,42.02,648,11260,5
"13,270",2003,2015,금강리빙스텔,신내동,중랑구,4,22,35.1,646,11260,3
"14,300",2003,2015,한일써너스빌,상봉동,중랑구,5,14,32.48,81-5,11260,23
"14,400",2003,2015,한일써너스빌,상봉동,중랑구,5,21,32.48,81-5,11260,13
"23,500",2008,2015,한일써너스빌리젠시 2단지,망우동,중랑구,5,6,84.48,495,11260,17
"24,000",2008,2015,한일써너스빌리젠시 2단지,망우동,중랑구,5,9,59.2,495,11260,23
"23,500",2008,2015,한일써너스빌리젠시 1단지,망우동,중랑구,5,16,59.28,479,11260,6
"23,950",2008,2015,한일써너스빌리젠시 2단지,망우동,중랑구,5,17,59.28,495,11260,13
"23,970",2008,2015,한일써너스빌리젠시 2단지,망우동,중랑구,5,24,59.61,495,11260,19
"13,950",2003,2015,디아뜨갤러리,신내동,중랑구,5,7,38.25,648,11260,3
"14,000",2003,2015,디아뜨갤러리,신내동,중랑구,5,12,35.1,648,11260,4
"14,600",2003,2015,한일써너스빌,상봉동,중랑구,6,1,32.48,81-5,11260,15
"8,300",2000,2015,시네마시티,상봉동,중랑구,6,5,38.88,92-2,11260,11
"8,300",2000,2015,시네마시티,상봉동,중랑구,6,14,38.88,92-2,11260,11
"10,950",2012,2015,중화동 범양프레체,중화동,중랑구,6,23,22.21,208-4,11260,3
"22,000",2015,2015,(176-8),묵동,중랑구,6,9,39.84,176-8,11260,4
"22,000",2015,2015,(176-8),묵동,중랑구,6,9,39.84,176-8,11260,4
"16,000",2004,2015,묵동신도주상복합,묵동,중랑구,6,25,37.67,169-10,11260,3
"18,000",2014,2015,(171-17),묵동,중랑구,6,27,27.56,171-17,11260,4
"18,000",2014,2015,(171-17),묵동,중랑구,6,27,27.56,171-17,11260,4
"22,400",2008,2015,한일써너스빌리젠시 2단지,망우동,중랑구,6,19,59.2,495,11260,5
"23,000",2008,2015,한일써너스빌리젠시 2단지,망우동,중랑구,6,20,59.61,495,11260,4
"24,000",2008,2015,한일써너스빌리젠시 1단지,망우동,중랑구,6,26,84.74,479,11260,15
"14,300",2003,2015,디아뜨갤러리,신내동,중랑구,6,9,42.02,648,11260,2
"13,000",2003,2015,금강리빙스텔,신내동,중랑구,6,17,33.3,646,11260,4
"12,600",2003,2015,금강리빙스텔,신내동,중랑구,6,18,33.3,646,11260,3
"11,500",2004,2015,라메즈오피스텔(104-32),상봉동,중랑구,7,7,26.6,104-32,11260,3
"4,650",2000,2015,시네마시티,상봉동,중랑구,7,10,16.8,92-2,11260,12
"17,000",2004,2015,묵동신도주상복합,묵동,중랑구,7,15,37.67,169-10,11260,4
"23,750",2008,2015,한일써너스빌리젠시 2단지,망우동,중랑구,7,4,84.14,495,11260,16
"24,000",2008,2015,한일써너스빌리젠시 1단지,망우동,중랑구,7,8,84.74,479,11260,9
"13,200",2003,2015,디아뜨갤러리,신내동,중랑구,7,3,35.1,648,11260,4
"14,400",2003,2015,디아뜨갤러리,신내동,중랑구,7,11,35.1,648,11260,5
"23,500",2008,2015,한일써너스빌리젠시 2단지,망우동,중랑구,8,6,84.14,495,11260,9
"25,000",2008,2015,한일써너스빌리젠시 1단지,망우동,중랑구,8,22,59.61,479,11260,20
"14,000",2003,2015,디아뜨갤러리,신내동,중랑구,8,20,36.66,648,11260,3
"14,300",2003,2015,디아뜨갤러리,신내동,중랑구,8,24,35.1,648,11260,5
"7,800",2002,2015,서일타운,면목동,중랑구,9,24,28.18,68-2,11260,5
"14,650",2003,2015,한일써너스빌,상봉동,중랑구,9,1,34.8,81-5,11260,6
"16,800",2003,2015,한일써너스빌,상봉동,중랑구,9,6,42.04,81-5,11260,16
"15,000",2003,2015,한일써너스빌,상봉동,중랑구,9,23,42.04,81-5,11260,23
"14,300",2003,2015,한일써너스빌,상봉동,중랑구,9,24,32.48,81-5,11260,6
"11,450",2012,2015,중화동 범양프레체,중화동,중랑구,9,23,22.21,208-4,11260,3
"24,200",2008,2015,한일써너스빌리젠시 2단지,망우동,중랑구,9,3,59.2,495,11260,7
"26,000",2008,2015,한일써너스빌리젠시 1단지,망우동,중랑구,9,19,59.29,479,11260,19
"14,000",2003,2015,디아뜨갤러리,신내동,중랑구,9,2,36.66,648,11260,2
"7,500",2002,2015,서일타운,면목동,중랑구,10,12,27.41,68-2,11260,4
"14,420",2003,2015,한일써너스빌,상봉동,중랑구,10,6,32.48,81-5,11260,11
"14,600",2003,2015,한일써너스빌,상봉동,중랑구,10,7,32.48,81-5,11260,16
"14,200",2003,2015,한일써너스빌,상봉동,중랑구,10,16,30.88,81-5,11260,3
"25,000",2008,2015,한일써너스빌리젠시 1단지,망우동,중랑구,10,6,59.29,479,11260,13
"25,000",2008,2015,한일써너스빌리젠시 2단지,망우동,중랑구,10,19,84.48,495,11260,8
"26,000",2008,2015,한일써너스빌리젠시 1단지,망우동,중랑구,10,23,59.2,479,11260,15
"13,400",2003,2015,금강리빙스텔,신내동,중랑구,10,19,35.1,646,11260,4
"13,400",2003,2015,금강리빙스텔,신내동,중랑구,10,22,35.1,646,11260,4
"9,500",2003,2015,엘리어트하우스,신내동,중랑구,10,26,18.59,644,11260,3
"13,000",2003,2015,금강리빙스텔,신내동,중랑구,10,30,33.3,646,11260,3
"16,500",2003,2015,한일써너스빌,상봉동,중랑구,11,6,42.04,81-5,11260,11
"13,500",2003,2015,한일써너스빌,상봉동,중랑구,11,23,27.53,81-5,11260,3
"24,300",2008,2015,한일써너스빌리젠시 1단지,망우동,중랑구,11,23,59.63,479,11260,5
"13,500",2003,2015,금강리빙스텔,신내동,중랑구,11,3,35.1,646,11260,3
"13,400",2003,2015,금강리빙스텔,신내동,중랑구,11,12,33.3,646,11260,3
"13,600",2003,2015,한일써너스빌,상봉동,중랑구,12,1,27.53,81-5,11260,3
"15,200",2004,2015,(128-5),상봉동,중랑구,12,14,46.81,128-5,11260,3
"14,700",2003,2015,한일써너스빌,상봉동,중랑구,12,24,32.48,81-5,11260,24
"13,500",2003,2015,디아뜨갤러리,신내동,중랑구,12,11,35.1,648,11260,2
"13,350",2003,2015,금강리빙스텔,신내동,중랑구,12,22,35.1,646,11260,5
"14,000",2003,2015,디아뜨갤러리,신내동,중랑구,12,22,35.1,648,11260,3
"9,388",2013,2016,중랑 지웰 에스테이트,면목동,중랑구,1,9,17.66,538,11260,3
"12,350",2004,2016,라메즈오피스텔(104-32),상봉동,중랑구,1,16,26.6,104-32,11260,5
"25,700",2008,2016,한일써너스빌리젠시 2단지,망우동,중랑구,1,18,59.28,495,11260,6
"14,500",2003,2016,디아뜨갤러리,신내동,중랑구,1,15,35.1,648,11260,2
"14,400",2003,2016,디아뜨갤러리,신내동,중랑구,1,16,35.1,648,11260,5
"14,400",2003,2016,디아뜨갤러리,신내동,중랑구,1,16,35.1,648,11260,3
"9,500",2003,2016,엘리어트하우스,신내동,중랑구,1,27,18.59,644,11260,4
"13,450",2003,2016,금강리빙스텔,신내동,중랑구,1,29,33.3,646,11260,3
"15,000",2003,2016,한일써너스빌,상봉동,중랑구,2,11,32.48,81-5,11260,8
"12,000",1988,2016,상봉오피스텔,상봉동,중랑구,2,16,35.64,137-15,11260,3
"11,400",2012,2016,중화동 범양프레체,중화동,중랑구,2,24,22.21,208-4,11260,4
"25,900",2008,2016,한일써너스빌리젠시 2단지,망우동,중랑구,2,24,59.63,495,11260,11
"7,800",2003,2016,엘리어트하우스,신내동,중랑구,2,16,18.59,644,11260,3
"17,000",2003,2016,디아뜨갤러리,신내동,중랑구,2,28,42.02,648,11260,5
"9,700",2000,2016,시네마시티,상봉동,중랑구,3,3,38.88,92-2,11260,10
"16,000",2003,2016,한일써너스빌,상봉동,중랑구,3,5,37.56,81-5,11260,16
"11,400",2012,2016,중화동 범양프레체,중화동,중랑구,3,7,22.21,208-4,11260,4
"11,950",2012,2016,중화동 범양프레체,중화동,중랑구,3,11,22.21,208-4,11260,7
"11,500",2004,2016,묵동신도주상복합,묵동,중랑구,3,21,25.48,169-10,11260,4
"25,900",2008,2016,한일써너스빌리젠시 1단지,망우동,중랑구,3,4,59.2,479,11260,14
"25,900",2008,2016,한일써너스빌리젠시 1단지,망우동,중랑구,3,26,59.2,479,11260,10
"14,500",2003,2016,디아뜨갤러리,신내동,중랑구,3,5,36.66,648,11260,5
"15,000",2003,2016,디아뜨갤러리,신내동,중랑구,3,5,38.7,648,11260,3
"9,400",2003,2016,엘리어트하우스,신내동,중랑구,3,10,21.65,644,11260,5
"9,475",2003,2016,엘리어트하우스,신내동,중랑구,3,26,18.59,644,11260,5
"14,180",2003,2016,디아뜨갤러리,신내동,중랑구,3,27,35.1,648,11260,4
"15,300",2015,2016,건원 베스트원,면목동,중랑구,4,5,29.96,105-4,11260,4
"9,000",2004,2016,라메즈오피스텔(104-32),상봉동,중랑구,4,9,28.4,104-32,11260,7
"16,750",2003,2016,한일써너스빌,상봉동,중랑구,4,19,42.04,81-5,11260,12
"11,000",2012,2016,중화동 범양프레체,중화동,중랑구,4,1,22.21,208-4,11260,4
"14,430",2003,2016,디아뜨갤러리,신내동,중랑구,4,16,35.1,648,11260,4
"13,300",2003,2016,디아뜨갤러리,신내동,중랑구,4,23,35.1,648,11260,3
"13,300",2003,2016,디아뜨갤러리,신내동,중랑구,4,23,35.1,648,11260,4
"13,500",2003,2016,금강리빙스텔,신내동,중랑구,4,26,33.3,646,11260,4
"8,821",2013,2016,중랑 지웰 에스테이트,면목동,중랑구,5,18,17.01,538,11260,2
"8,900",2013,2016,중랑 지웰 에스테이트,면목동,중랑구,5,18,17.01,538,11260,2
"8,259",2013,2016,중랑 지웰 에스테이트,면목동,중랑구,5,25,17.01,538,11260,2
"8,300",2013,2016,중랑 지웰 에스테이트,면목동,중랑구,5,25,17.01,538,11260,2
"8,459",2013,2016,중랑 지웰 에스테이트,면목동,중랑구,5,25,17.01,538,11260,2
"8,776",2013,2016,중랑 지웰 에스테이트,면목동,중랑구,5,25,17.01,538,11260,3
"8,012",2013,2016,중랑 지웰 에스테이트,면목동,중랑구,5,25,15.35,538,11260,3
"8,012",2013,2016,중랑 지웰 에스테이트,면목동,중랑구,5,25,15.35,538,11260,3
"8,300",2013,2016,중랑 지웰 에스테이트,면목동,중랑구,5,25,17.01,538,11260,2
"8,500",2000,2016,시네마시티,상봉동,중랑구,5,10,38.88,92-2,11260,13
"11,800",2004,2016,라메즈오피스텔(104-32),상봉동,중랑구,5,13,26.6,104-32,11260,4
"15,000",2003,2016,한일써너스빌,상봉동,중랑구,5,30,32.48,81-5,11260,5
"11,500",2012,2016,중화동 범양프레체,중화동,중랑구,5,17,22.21,208-4,11260,2
"11,100",2012,2016,중화동 범양프레체,중화동,중랑구,5,20,22.21,208-4,11260,4
"11,300",2012,2016,중화동 범양프레체,중화동,중랑구,5,30,22.21,208-4,11260,2
"26,500",2008,2016,한일써너스빌리젠시 2단지,망우동,중랑구,5,6,59.63,495,11260,24
"15,000",2003,2016,디아뜨갤러리,신내동,중랑구,5,5,36.66,648,11260,5
"10,300",2003,2016,엘리어트하우스,신내동,중랑구,5,6,29.69,644,11260,3
"14,000",2003,2016,금강리빙스텔,신내동,중랑구,5,10,35.1,646,11260,4
"13,750",2003,2016,디아뜨갤러리,신내동,중랑구,5,13,35.1,648,11260,2
"13,300",2003,2016,금강리빙스텔,신내동,중랑구,5,17,33.3,646,11260,5
"14,000",2003,2016,디아뜨갤러리,신내동,중랑구,5,27,35.1,648,11260,3
"5,200",2002,2016,서일타운,면목동,중랑구,6,12,13.5,68-2,11260,7
"11,200",2013,2016,중랑 지웰 에스테이트,면목동,중랑구,6,24,19.6,538,11260,3
"10,000",2006,2016,오피스텔 리움,상봉동,중랑구,6,14,24.36,128-9,11260,3
"40,000",2006,2016,오피스텔 리움,상봉동,중랑구,6,14,118.81,128-9,11260,9
"10,400",2006,2016,오피스텔 리움,상봉동,중랑구,6,14,25.4,128-9,11260,8
"10,400",2006,2016,오피스텔 리움,상봉동,중랑구,6,14,25.4,128-9,11260,7
"10,400",2006,2016,오피스텔 리움,상봉동,중랑구,6,14,25.4,128-9,11260,6
"10,400",2006,2016,오피스텔 리움,상봉동,중랑구,6,14,25.4,128-9,11260,5
"10,400",2006,2016,오피스텔 리움,상봉동,중랑구,6,14,25.4,128-9,11260,4
"10,400",2006,2016,오피스텔 리움,상봉동,중랑구,6,14,25.4,128-9,11260,3
"9,600",2006,2016,오피스텔 리움,상봉동,중랑구,6,14,23.32,128-9,11260,2
"9,600",2006,2016,오피스텔 리움,상봉동,중랑구,6,14,23.32,128-9,11260,3
"9,600",2006,2016,오피스텔 리움,상봉동,중랑구,6,14,23.32,128-9,11260,4
"9,600",2006,2016,오피스텔 리움,상봉동,중랑구,6,14,23.32,128-9,11260,5
"9,600",2006,2016,오피스텔 리움,상봉동,중랑구,6,14,23.32,128-9,11260,6
"9,600",2006,2016,오피스텔 리움,상봉동,중랑구,6,14,23.32,128-9,11260,7
"9,600",2006,2016,오피스텔 리움,상봉동,중랑구,6,14,23.32,128-9,11260,8
"9,900",2006,2016,오피스텔 리움,상봉동,중랑구,6,14,24.14,128-9,11260,2
"9,900",2006,2016,오피스텔 리움,상봉동,중랑구,6,14,24.14,128-9,11260,3
"9,900",2006,2016,오피스텔 리움,상봉동,중랑구,6,14,24.14,128-9,11260,4
"9,900",2006,2016,오피스텔 리움,상봉동,중랑구,6,14,24.14,128-9,11260,5
"9,900",2006,2016,오피스텔 리움,상봉동,중랑구,6,14,24.14,128-9,11260,6
"9,900",2006,2016,오피스텔 리움,상봉동,중랑구,6,14,24.14,128-9,11260,7
"9,900",2006,2016,오피스텔 리움,상봉동,중랑구,6,14,24.14,128-9,11260,8
"10,000",2006,2016,오피스텔 리움,상봉동,중랑구,6,14,24.36,128-9,11260,2
"10,000",2006,2016,오피스텔 리움,상봉동,중랑구,6,14,24.36,128-9,11260,4
"10,000",2006,2016,오피스텔 리움,상봉동,중랑구,6,14,24.36,128-9,11260,5
"10,000",2006,2016,오피스텔 리움,상봉동,중랑구,6,14,24.36,128-9,11260,6
"10,000",2006,2016,오피스텔 리움,상봉동,중랑구,6,14,24.36,128-9,11260,7
"10,000",2006,2016,오피스텔 리움,상봉동,중랑구,6,14,24.36,128-9,11260,8
"10,400",2006,2016,오피스텔 리움,상봉동,중랑구,6,14,25.4,128-9,11260,2
"14,100",2003,2016,한일써너스빌,상봉동,중랑구,6,17,30.88,81-5,11260,3
"15,000",2003,2016,한일써너스빌,상봉동,중랑구,6,24,37.56,81-5,11260,24
"11,200",2012,2016,중화동 범양프레체,중화동,중랑구,6,3,22.21,208-4,11260,2
"26,500",2008,2016,한일써너스빌리젠시 1단지,망우동,중랑구,6,3,59.63,479,11260,22
"26,850",2008,2016,한일써너스빌리젠시 1단지,망우동,중랑구,6,11,59.29,479,11260,22
"26,800",2008,2016,한일써너스빌리젠시 2단지,망우동,중랑구,6,20,59.29,495,11260,21
"9,350",2003,2016,엘리어트하우스,신내동,중랑구,6,6,18.59,644,11260,4
"13,400",2003,2016,금강리빙스텔,신내동,중랑구,6,16,33.3,646,11260,3
"17,500",2003,2016,한일써너스빌,상봉동,중랑구,7,2,42.04,81-5,11260,19
"17,500",2003,2016,한일써너스빌,상봉동,중랑구,7,4,42.04,81-5,11260,11
"14,000",2004,2016,라메즈오피스텔(104-32),상봉동,중랑구,7,11,35.69,104-32,11260,7
"14,000",2003,2016,한일써너스빌,상봉동,중랑구,7,13,27.53,81-5,11260,3
"9,000",2000,2016,시네마시티,상봉동,중랑구,7,24,38.88,92-2,11260,10
"7,700",1988,2016,상봉오피스텔,상봉동,중랑구,7,25,23.1,137-15,11260,3
"11,000",2012,2016,중화동 범양프레체,중화동,중랑구,7,14,22.21,208-4,11260,2
"11,200",2012,2016,중화동 범양프레체,중화동,중랑구,7,14,22.21,208-4,11260,2
"10,500",2012,2016,(506-8),망우동,중랑구,7,7,17.64,506-8,11260,2
"27,500",2008,2016,한일써너스빌리젠시 1단지,망우동,중랑구,7,29,59.63,479,11260,19
"17,000",2003,2016,디아뜨갤러리,신내동,중랑구,7,13,49.5,648,11260,3
"14,400",2003,2016,디아뜨갤러리,신내동,중랑구,7,15,35.1,648,11260,2
"14,750",2003,2016,디아뜨갤러리,신내동,중랑구,7,24,35.1,648,11260,5
"13,800",2003,2016,금강리빙스텔,신내동,중랑구,7,30,35.1,646,11260,5
"9,000",2013,2016,중랑 지웰 에스테이트,면목동,중랑구,8,12,17.01,538,11260,3
"13,000",2004,2016,라메즈오피스텔(104-32),상봉동,중랑구,8,6,26.6,104-32,11260,3
"26,500",2008,2016,한일써너스빌리젠시 1단지,망우동,중랑구,8,4,59.2,479,11260,12
"24,498",2008,2016,한일써너스빌리젠시 1단지,망우동,중랑구,8,25,59.29,479,11260,3
"26,500",2008,2016,한일써너스빌리젠시 2단지,망우동,중랑구,8,27,59.2,495,11260,9
"26,300",2008,2016,한일써너스빌리젠시 2단지,망우동,중랑구,8,31,59.2,495,11260,6
"14,100",2003,2016,디아뜨갤러리,신내동,중랑구,8,2,36.66,648,11260,2
"14,700",2003,2016,디아뜨갤러리,신내동,중랑구,8,5,35.1,648,11260,4
"14,300",2003,2016,디아뜨갤러리,신내동,중랑구,8,17,36.66,648,11260,2
"14,700",2003,2016,디아뜨갤러리,신내동,중랑구,8,18,35.1,648,11260,3
"14,480",2003,2016,디아뜨갤러리,신내동,중랑구,8,29,35.1,648,11260,3
"11,000",2012,2016,중화동 범양프레체,중화동,중랑구,9,21,22.21,208-4,11260,2
"11,500",2012,2016,중화동 범양프레체,중화동,중랑구,9,29,22.21,208-4,11260,3
"26,200",2008,2016,한일써너스빌리젠시 2단지,망우동,중랑구,9,2,59.29,495,11260,6
"12,500",2016,2016,효성 써너스빌 에코,망우동,중랑구,9,11,18.5,508-2,11260,19
"26,500",2008,2016,한일써너스빌리젠시 1단지,망우동,중랑구,9,13,59.63,479,11260,8
"26,800",2008,2016,한일써너스빌리젠시 2단지,망우동,중랑구,9,21,59.63,495,11260,13
"26,700",2008,2016,한일써너스빌리젠시 2단지,망우동,중랑구,9,22,59.2,495,11260,10
"27,500",2008,2016,한일써너스빌리젠시 1단지,망우동,중랑구,9,29,59.2,479,11260,22
"9,600",2003,2016,엘리어트하우스,신내동,중랑구,9,23,23.93,644,11260,3
"15,100",2003,2016,한일써너스빌,상봉동,중랑구,10,10,34.8,81-5,11260,6
"16,500",2003,2016,한일써너스빌,상봉동,중랑구,10,10,42.04,81-5,11260,20
"15,500",2003,2016,한일써너스빌,상봉동,중랑구,10,13,32.48,81-5,11260,21
"8,800",1988,2016,상봉오피스텔,상봉동,중랑구,10,16,35.64,137-15,11260,1
"15,450",2003,2016,한일써너스빌,상봉동,중랑구,10,20,32.48,81-5,11260,15
"8,000",2004,2016,경운오피스텔,상봉동,중랑구,10,20,19.39,88-46,11260,6
"26,400",2008,2016,한일써너스빌리젠시 2단지,망우동,중랑구,10,1,59.61,495,11260,12
"27,200",2008,2016,한일써너스빌리젠시 2단지,망우동,중랑구,10,15,59.29,495,11260,8
"26,700",2008,2016,한일써너스빌리젠시 1단지,망우동,중랑구,10,20,59.29,479,11260,7
"14,300",2003,2016,금강리빙스텔,신내동,중랑구,10,10,35.1,646,11260,5
"14,400",2003,2016,디아뜨갤러리,신내동,중랑구,10,21,36.66,648,11260,4
"14,400",2003,2016,디아뜨갤러리,신내동,중랑구,10,22,35.1,648,11260,4
"14,000",2003,2016,금강리빙스텔,신내동,중랑구,10,28,35.1,646,11260,3
"14,500",2003,2016,금강리빙스텔,신내동,중랑구,10,29,35.1,646,11260,4
"14,900",2003,2016,디아뜨갤러리,신내동,중랑구,10,31,35.1,648,11260,3
"11,900",2016,2016,효성 써너스빌 에코,망우동,중랑구,11,7,18.5,508-2,11260,10
"15,400",2003,2016,디아뜨갤러리,신내동,중랑구,11,5,42.02,648,11260,4
"10,000",2013,2016,중랑 지웰 에스테이트,면목동,중랑구,12,5,17.66,538,11260,3
"9,500",2004,2016,라메즈오피스텔(104-32),상봉동,중랑구,12,3,26.6,104-32,11260,3
"9,000",2000,2016,시네마시티,상봉동,중랑구,12,10,38.88,92-2,11260,14
"9,000",2000,2016,시네마시티,상봉동,중랑구,12,10,38.88,92-2,11260,9
"9,500",2000,2016,시네마시티,상봉동,중랑구,12,10,38.88,92-2,11260,12
"7,400",2000,2016,시네마시티,상봉동,중랑구,12,28,31.68,92-2,11260,10
"11,500",2012,2016,중화동 범양프레체,중화동,중랑구,12,5,22.21,208-4,11260,4
"12,000",2012,2016,중화동 범양프레체,중화동,중랑구,12,22,22.21,208-4,11260,7
"27,500",2008,2016,한일써너스빌리젠시 2단지,망우동,중랑구,12,2,59.63,495,11260,18
"27,500",2008,2016,한일써너스빌리젠시 2단지,망우동,중랑구,12,7,59.63,495,11260,20
"27,400",2008,2016,한일써너스빌리젠시 2단지,망우동,중랑구,12,8,59.61,495,11260,20
"9,300",2012,2016,(506-8),망우동,중랑구,12,9,17.64,506-8,11260,4
"9,300",2012,2016,(506-8),망우동,중랑구,12,9,17.64,506-8,11260,3
"9,300",2012,2016,(506-8),망우동,중랑구,12,9,17.64,506-8,11260,2
"11,800",2016,2016,효성 써너스빌 에코,망우동,중랑구,12,16,18.5,508-2,11260,10
"27,500",2008,2016,한일써너스빌리젠시 2단지,망우동,중랑구,12,17,59.63,495,11260,22
"12,500",2016,2016,효성 써너스빌 에코,망우동,중랑구,12,21,18.5,508-2,11260,10
"9,300",2012,2016,(506-8),망우동,중랑구,12,28,18.03,506-8,11260,4
"26,500",2008,2016,한일써너스빌리젠시 2단지,망우동,중랑구,12,28,59.28,495,11260,16
"9,700",2003,2016,엘리어트하우스,신내동,중랑구,12,5,18.59,644,11260,4
"14,300",2003,2016,금강리빙스텔,신내동,중랑구,12,7,33.3,646,11260,3
"14,100",2003,2016,디아뜨갤러리,신내동,중랑구,12,9,36.66,648,11260,2
"9,200",2003,2016,엘리어트하우스,신내동,중랑구,12,17,18.59,644,11260,5
"8,900",2013,2017,중랑 지웰 에스테이트,면목동,중랑구,1,4,17.01,538,11260,3
"7,500",2002,2017,서일타운,면목동,중랑구,1,9,28.18,68-2,11260,6
"7,300",2002,2017,서일타운,면목동,중랑구,1,12,25.76,68-2,11260,5
"13,000",2003,2017,한일써너스빌,상봉동,중랑구,1,11,32.48,81-5,11260,14
"14,300",2003,2017,한일써너스빌,상봉동,중랑구,1,14,30.88,81-5,11260,4
"29,720",,2017,스마트빌,상봉동,중랑구,1,16,60.54,129-19,11260,6
"10,800",2012,2017,중화동 범양프레체,중화동,중랑구,1,11,22.21,208-4,11260,2
"9,500",2012,2017,(506-8),망우동,중랑구,1,12,18.03,506-8,11260,4
"26,500",2008,2017,한일써너스빌리젠시 1단지,망우동,중랑구,1,19,59.28,479,11260,7
"27,000",2008,2017,한일써너스빌리젠시 1단지,망우동,중랑구,1,19,59.29,479,11260,14
"15,500",2003,2017,금강리빙스텔,신내동,중랑구,1,24,38.7,646,11260,5
"7,400",2002,2017,서일타운,면목동,중랑구,2,28,28.18,68-2,11260,5
"4,178",2012,2017,(113-28),상봉동,중랑구,2,14,13.07,113-28,11260,4
"4,178",2012,2017,(113-28),상봉동,중랑구,2,14,13.07,113-28,11260,4
"4,178",2012,2017,(113-28),상봉동,중랑구,2,14,13.07,113-28,11260,4
"4,178",2012,2017,(113-28),상봉동,중랑구,2,14,13.07,113-28,11260,4
"9,300",2004,2017,경운오피스텔,상봉동,중랑구,2,18,23.5,88-46,11260,4
"14,839",2003,2017,디아뜨갤러리,신내동,중랑구,2,1,36.66,648,11260,4
"14,700",2003,2017,금강리빙스텔,신내동,중랑구,2,1,33.3,646,11260,4
"9,000",2013,2017,중랑 지웰 에스테이트,면목동,중랑구,3,18,17.01,538,11260,2
"15,200",2003,2017,한일써너스빌,상봉동,중랑구,3,5,32.48,81-5,11260,7
"9,500",2000,2017,시네마시티,상봉동,중랑구,3,5,38.88,92-2,11260,11
"10,000",2000,2017,시네마시티,상봉동,중랑구,3,14,38.88,92-2,11260,10
"10,000",2004,2017,라메즈오피스텔(104-32),상봉동,중랑구,3,22,28.4,104-32,11260,5
"15,480",2003,2017,한일써너스빌,상봉동,중랑구,3,31,32.48,81-5,11260,20
"11,000",2012,2017,중화동 범양프레체,중화동,중랑구,3,10,22.21,208-4,11260,2
"12,300",2016,2017,효성 써너스빌 에코,망우동,중랑구,3,6,18.5,508-2,11260,8
"27,500",2008,2017,한일써너스빌리젠시 1단지,망우동,중랑구,3,29,59.2,479,11260,16
"27,500",2008,2017,한일써너스빌리젠시 2단지,망우동,중랑구,3,29,59.63,495,11260,21
"14,000",2003,2017,금강리빙스텔,신내동,중랑구,3,2,37.35,646,11260,5
"14,700",2003,2017,금강리빙스텔,신내동,중랑구,3,15,35.1,646,11260,5
"14,850",2003,2017,디아뜨갤러리,신내동,중랑구,3,20,35.1,648,11260,3
"15,000",2003,2017,디아뜨갤러리,신내동,중랑구,3,26,35.1,648,11260,2
"17,800",2017,2017,브라운캐슬,면목동,중랑구,4,4,41.44,194-10,11260,2
"9,200",2013,2017,중랑 지웰 에스테이트,면목동,중랑구,4,10,17.01,538,11260,3
"7,400",2002,2017,서일타운,면목동,중랑구,4,22,28.18,68-2,11260,7
"15,500",2003,2017,한일써너스빌,상봉동,중랑구,4,11,32.48,81-5,11260,23
"16,400",2003,2017,한일써너스빌,상봉동,중랑구,4,20,37.56,81-5,11260,7
"8,500",2000,2017,시네마시티,상봉동,중랑구,4,24,31.68,92-2,11260,9
"27,000",2016,2017,도시앤미,상봉동,중랑구,4,25,64.44,129-23,11260,3
"28,200",,2017,청솔하이빌,상봉동,중랑구,4,26,57.53,127-18,11260,3
"13,000",2016,2017,효성 써너스빌 에코,망우동,중랑구,4,21,18.5,508-2,11260,18
"13,000",2016,2017,효성 써너스빌 에코,망우동,중랑구,4,29,18.5,508-2,11260,10
"15,500",2003,2017,디아뜨갤러리,신내동,중랑구,4,4,35.1,648,11260,4
"10,300",2003,2017,엘리어트하우스,신내동,중랑구,4,10,37.19,644,11260,5
"11,500",2003,2017,엘리어트하우스,신내동,중랑구,4,15,37.38,644,11260,4
"14,500",2003,2017,금강리빙스텔,신내동,중랑구,4,17,33.3,646,11260,3
"14,800",2003,2017,디아뜨갤러리,신내동,중랑구,4,20,35.1,648,11260,2
"14,500",2003,2017,디아뜨갤러리,신내동,중랑구,4,26,35.1,648,11260,3
"8,450",2013,2017,중랑 지웰 에스테이트,면목동,중랑구,5,11,15.35,538,11260,2
"11,100",2013,2017,중랑 지웰 에스테이트,면목동,중랑구,5,17,19.6,538,11260,2
"27,800",,2017,청솔하이빌,상봉동,중랑구,5,9,57.53,127-18,11260,2
"9,500",2000,2017,시네마시티,상봉동,중랑구,5,11,38.88,92-2,11260,9
"8,800",2000,2017,시네마시티,상봉동,중랑구,5,11,31.68,92-2,11260,11
"15,500",2003,2017,한일써너스빌,상봉동,중랑구,5,13,32.48,81-5,11260,24
"9,200",2000,2017,시네마시티,상봉동,중랑구,5,17,38.88,92-2,11260,14
"8,800",2000,2017,시네마시티,상봉동,중랑구,5,25,31.68,92-2,11260,14
"8,300",2000,2017,시네마시티,상봉동,중랑구,5,26,31.68,92-2,11260,8
"11,300",2012,2017,중화동 범양프레체,중화동,중랑구,5,18,22.21,208-4,11260,4
"13,500",2004,2017,묵동신도주상복합,묵동,중랑구,5,25,25.48,169-10,11260,3
"9,500",2012,2017,(506-8),망우동,중랑구,5,19,17.64,506-8,11260,2
"9,500",2012,2017,(506-8),망우동,중랑구,5,22,17.3,506-8,11260,4
"27,500",2008,2017,한일써너스빌리젠시 2단지,망우동,중랑구,5,23,59.28,495,11260,15
"10,000",2012,2017,(506-8),망우동,중랑구,5,31,17.64,506-8,11260,4
"10,300",2003,2017,엘리어트하우스,신내동,중랑구,5,26,37.19,644,11260,4
"8,300",2000,2017,시네마시티,상봉동,중랑구,6,6,31.68,92-2,11260,7
"8,900",2000,2017,시네마시티,상봉동,중랑구,6,6,31.68,92-2,11260,11
"16,400",2003,2017,한일써너스빌,상봉동,중랑구,6,12,37.56,81-5,11260,24
"15,500",2003,2017,한일써너스빌,상봉동,중랑구,6,14,32.48,81-5,11260,24
"8,500",2000,2017,시네마시티,상봉동,중랑구,6,17,31.68,92-2,11260,8
"9,700",2000,2017,시네마시티,상봉동,중랑구,6,21,38.88,92-2,11260,14
"26,000",,2017,청솔하이빌,상봉동,중랑구,6,27,52.36,127-18,11260,4
"11,350",2012,2017,중화동 범양프레체,중화동,중랑구,6,14,22.21,208-4,11260,4
"27,500",2008,2017,한일써너스빌리젠시 2단지,망우동,중랑구,6,7,59.2,495,11260,14
"12,450",2016,2017,효성 써너스빌 에코,망우동,중랑구,6,20,18.5,508-2,11260,9
"10,000",2003,2017,엘리어트하우스,신내동,중랑구,6,5,21.65,644,11260,4
"15,350",2003,2017,디아뜨갤러리,신내동,중랑구,6,7,35.1,648,11260,4
"13,420",2003,2017,디아뜨갤러리,신내동,중랑구,6,21,35.1,648,11260,4
"9,400",2013,2017,중랑 지웰 에스테이트,면목동,중랑구,7,4,17.01,538,11260,2
"7,470",2002,2017,서일타운,면목동,중랑구,7,15,26.57,68-2,11260,5
"9,400",2013,2017,중랑 지웰 에스테이트,면목동,중랑구,7,21,17.01,538,11260,2
"8,800",2000,2017,시네마시티,상봉동,중랑구,7,1,31.68,92-2,11260,12
"24,000",2016,2017,도시앤미,상봉동,중랑구,7,12,61.85,129-23,11260,4
"14,500",2003,2017,한일써너스빌,상봉동,중랑구,7,12,30.88,81-5,11260,4
"9,000",2000,2017,시네마시티,상봉동,중랑구,7,15,31.68,92-2,11260,10
"15,500",2003,2017,한일써너스빌,상봉동,중랑구,7,18,32.48,81-5,11260,9
"27,000",,2017,청솔하이빌,상봉동,중랑구,7,18,52.36,127-18,11260,3
"18,500",2003,2017,한일써너스빌,상봉동,중랑구,7,22,42.04,81-5,11260,13
"8,500",2000,2017,시네마시티,상봉동,중랑구,7,24,38.88,92-2,11260,12
"10,800",2012,2017,중화동 범양프레체,중화동,중랑구,7,5,22.21,208-4,11260,2
"11,950",2012,2017,중화동 범양프레체,중화동,중랑구,7,8,22.21,208-4,11260,7
"11,000",2012,2017,중화동 범양프레체,중화동,중랑구,7,19,22.21,208-4,11260,3
"29,500",2017,2017,화인하우스,중화동,중랑구,7,25,70.32,307-4,11260,3
"12,300",2016,2017,효성 써너스빌 에코,망우동,중랑구,7,17,18.5,508-2,11260,6
"12,400",2016,2017,효성 써너스빌 에코,망우동,중랑구,7,19,18.5,508-2,11260,12
"27,900",2008,2017,한일써너스빌리젠시 1단지,망우동,중랑구,7,31,59.61,479,11260,24
"15,000",2003,2017,디아뜨갤러리,신내동,중랑구,7,12,36.66,648,11260,3
"15,300",2003,2017,금강리빙스텔,신내동,중랑구,7,22,35.1,646,11260,5
"8,850",2013,2017,중랑 지웰 에스테이트,면목동,중랑구,8,22,17.01,538,11260,3
"9,000",2000,2017,시네마시티,상봉동,중랑구,8,4,31.68,92-2,11260,14
"15,500",2003,2017,한일써너스빌,상봉동,중랑구,8,9,32.48,81-5,11260,14
"7,700",2004,2017,경운오피스텔,상봉동,중랑구,8,31,28.82,88-46,11260,5
"27,500",2008,2017,한일써너스빌리젠시 2단지,망우동,중랑구,8,3,59.2,495,11260,24
"12,000",2016,2017,효성 써너스빌 에코,망우동,중랑구,8,23,18.5,508-2,11260,7
"12,850",2016,2017,효성 써너스빌 에코,망우동,중랑구,8,27,18.5,508-2,11260,6
"12,800",2016,2017,효성 써너스빌 에코,망우동,중랑구,8,31,18.5,508-2,11260,11
"14,700",2003,2017,금강리빙스텔,신내동,중랑구,8,3,33.3,646,11260,4
"15,000",2003,2017,금강리빙스텔,신내동,중랑구,8,7,37.35,646,11260,4
"14,700",2003,2017,디아뜨갤러리,신내동,중랑구,8,11,38.25,648,11260,4
"10,000",2003,2017,엘리어트하우스,신내동,중랑구,8,12,18.59,644,11260,3
"14,400",2003,2017,디아뜨갤러리,신내동,중랑구,8,17,35.1,648,11260,3
"10,000",2013,2017,중랑 지웰 에스테이트,면목동,중랑구,9,13,17.66,538,11260,2
"11,000",2013,2017,중랑 지웰 에스테이트,면목동,중랑구,9,13,19.6,538,11260,3
"9,050",2013,2017,중랑 지웰 에스테이트,면목동,중랑구,9,21,17.01,538,11260,2
"7,500",2002,2017,서일타운,면목동,중랑구,9,25,28.18,68-2,11260,4
"9,050",2013,2017,중랑 지웰 에스테이트,면목동,중랑구,9,25,17.01,538,11260,2
"26,200",2016,2017,도시앤미,상봉동,중랑구,9,6,68.62,129-23,11260,4
"26,700",,2017,청솔하이빌,상봉동,중랑구,9,11,52.36,127-18,11260,2
"12,000",2003,2017,한일써너스빌,상봉동,중랑구,9,15,37.56,81-5,11260,10
"27,000",2016,2017,도시앤미,상봉동,중랑구,9,16,64.44,129-23,11260,2
"15,500",2003,2017,한일써너스빌,상봉동,중랑구,9,21,32.48,81-5,11260,12
"16,100",2003,2017,한일써너스빌,상봉동,중랑구,9,25,37.56,81-5,11260,25
"12,900",2016,2017,효성 써너스빌 에코,망우동,중랑구,9,5,18.5,508-2,11260,18
"12,400",2016,2017,효성 써너스빌 에코,망우동,중랑구,9,6,18.5,508-2,11260,6
"15,200",2003,2017,디아뜨갤러리,신내동,중랑구,9,1,35.1,648,11260,3
"21,300",2003,2017,디아뜨갤러리,신내동,중랑구,9,5,60.3,648,11260,2
"14,500",2003,2017,금강리빙스텔,신내동,중랑구,9,20,33.3,646,11260,3
"7,550",2002,2017,서일타운,면목동,중랑구,10,17,26.57,68-2,11260,5
"17,900",2003,2017,한일써너스빌,상봉동,중랑구,10,21,42.04,81-5,11260,18
"11,600",2012,2017,중화동 범양프레체,중화동,중랑구,10,30,22.21,208-4,11260,4
"14,300",2003,2017,금강리빙스텔,신내동,중랑구,10,17,35.1,646,11260,3
"13,000",2016,2017,효성 써너스빌 에코,망우동,중랑구,11,4,18.5,508-2,11260,14
"9,250",2012,2017,(506-8),망우동,중랑구,11,8,17.64,506-8,11260,3
"14,500",2003,2017,금강리빙스텔,신내동,중랑구,11,25,35.1,646,11260,4
"7,450",2002,2017,서일타운,면목동,중랑구,12,9,25.76,68-2,11260,5
"7,500",2002,2017,서일타운,면목동,중랑구,12,30,28.18,68-2,11260,7
"10,000",2000,2017,시네마시티,상봉동,중랑구,12,18,38.88,92-2,11260,14
"11,000",2004,2017,라메즈오피스텔(104-32),상봉동,중랑구,12,20,26.6,104-32,11260,3
"15,500",2003,2017,한일써너스빌,상봉동,중랑구,12,23,32.48,81-5,11260,17
"8,500",2000,2017,시네마시티,상봉동,중랑구,12,23,31.68,92-2,11260,10
"16,350",2003,2017,한일써너스빌,상봉동,중랑구,12,26,36.87,81-5,11260,2
"16,650",2003,2017,한일써너스빌,상봉동,중랑구,12,28,37.56,81-5,11260,17
"9,250",2003,2017,엘리어트하우스,신내동,중랑구,12,4,18.59,644,11260,4
"9,800",2003,2017,엘리어트하우스,신내동,중랑구,12,11,21.65,644,11260,3
"11,000",2003,2017,금강리빙스텔,신내동,중랑구,12,22,33.3,646,11260,5
"14,300",2003,2017,디아뜨갤러리,신내동,중랑구,12,30,38.25,648,11260,3
"7,220",2002,2018,서일타운,면목동,중랑구,1,16,28.18,68-2,11260,7
"24,000",,2018,포시즌,면목동,중랑구,1,25,54.08,177-45,11260,2
"24,500",,2018,청솔하이빌,상봉동,중랑구,1,11,52.4,127-18,11260,2
"15,500",2003,2018,한일써너스빌,상봉동,중랑구,1,20,32.48,81-5,11260,18
"15,500",2003,2018,한일써너스빌,상봉동,중랑구,1,30,32.48,81-5,11260,22
"13,000",2016,2018,효성 써너스빌 에코,망우동,중랑구,1,6,18.5,508-2,11260,13
"13,500",2003,2018,금강리빙스텔,신내동,중랑구,1,10,33.3,646,11260,3
"9,700",2003,2018,엘리어트하우스,신내동,중랑구,1,20,25.5,644,11260,3
"7,150",2002,2018,서일타운,면목동,중랑구,2,27,25.76,68-2,11260,7
"15,500",2003,2018,한일써너스빌,상봉동,중랑구,2,6,32.48,81-5,11260,9
"15,500",2003,2018,한일써너스빌,상봉동,중랑구,2,8,32.48,81-5,11260,19
"8,200",2004,2018,경운오피스텔,상봉동,중랑구,2,12,28.82,88-46,11260,2
"10,000",2000,2018,시네마시티,상봉동,중랑구,2,12,31.68,92-2,11260,8
"18,100",2003,2018,한일써너스빌,상봉동,중랑구,2,25,42.04,81-5,11260,11
"15,350",2003,2018,한일써너스빌,상봉동,중랑구,3,8,32.48,81-5,11260,5
"21,000",2017,2018,그랜드캐슬빌,상봉동,중랑구,3,11,41.04,127-17,11260,4
"12,000",2004,2018,라메즈오피스텔(104-32),상봉동,중랑구,3,22,28.4,104-32,11260,5
"15,600",2003,2018,한일써너스빌,상봉동,중랑구,3,23,32.48,81-5,11260,24
"11,900",2012,2018,중화동 범양프레체,중화동,중랑구,3,31,22.21,208-4,11260,7
"13,000",2016,2018,효성 써너스빌 에코,망우동,중랑구,3,1,18.5,508-2,11260,8
"12,800",2016,2018,효성 써너스빌 에코,망우동,중랑구,3,21,18.5,508-2,11260,13
"14,800",2003,2018,금강리빙스텔,신내동,중랑구,3,15,35.1,646,11260,4
"14,100",2003,2018,디아뜨갤러리,신내동,중랑구,3,16,35.1,648,11260,3
"14,400",2003,2018,금강리빙스텔,신내동,중랑구,3,24,35.1,646,11260,5
"14,700",2003,2018,금강리빙스텔,신내동,중랑구,3,24,37.8,646,11260,4
"15,300",2003,2018,디아뜨갤러리,신내동,중랑구,3,26,36.66,648,11260,5
"8,450",2013,2018,중랑 지웰 에스테이트,면목동,중랑구,4,18,15.35,538,11260,2
"7,800",2002,2018,서일타운,면목동,중랑구,4,20,29.38,68-2,11260,4
"25,000",,2018,스마트빌,면목동,중랑구,4,23,56.55,117-4,11260,3
"10,000",2004,2018,라메즈오피스텔(104-32),상봉동,중랑구,4,14,28.4,104-32,11260,2
"11,500",2000,2018,시네마시티,상봉동,중랑구,4,24,38.88,92-2,11260,9
"15,000",2003,2018,디아뜨갤러리,신내동,중랑구,4,6,35.1,648,11260,3
"22,000",2003,2018,디아뜨갤러리,신내동,중랑구,4,7,54,648,11260,5
"14,000",2003,2018,금강리빙스텔,신내동,중랑구,4,16,39.15,646,11260,3
"14,000",2003,2018,디아뜨갤러리,신내동,중랑구,4,17,35.1,648,11260,4
"18,300",2003,2018,한일써너스빌,상봉동,중랑구,5,2,42.04,81-5,11260,7
"15,500",2003,2018,한일써너스빌,상봉동,중랑구,5,11,32.48,81-5,11260,5
"16,000",2003,2018,한일써너스빌,상봉동,중랑구,5,17,32.48,81-5,11260,14
"11,400",2012,2018,중화동 범양프레체,중화동,중랑구,5,14,22.21,208-4,11260,3
"24,000",2008,2018,한일써너스빌리젠시 2단지,망우동,중랑구,5,19,59.29,495,11260,3
"28,000",2008,2018,한일써너스빌리젠시 2단지,망우동,중랑구,5,22,59.61,495,11260,4
"14,500",2003,2018,디아뜨갤러리,신내동,중랑구,5,23,35.1,648,11260,4
"10,500",2004,2018,라메즈오피스텔(104-32),상봉동,중랑구,6,21,28.4,104-32,11260,3
"10,500",2012,2018,중화동 범양프레체,중화동,중랑구,6,22,22.21,208-4,11260,7
"11,000",2012,2018,중화동 범양프레체,중화동,중랑구,6,29,22.21,208-4,11260,2
"12,500",2016,2018,효성 써너스빌 에코,망우동,중랑구,6,22,18.5,508-2,11260,19
"8,300",2012,2018,(506-8),망우동,중랑구,6,26,17.64,506-8,11260,2
"15,200",2003,2018,디아뜨갤러리,신내동,중랑구,6,2,35.1,648,11260,5
"7,400",2002,2018,서일타운,면목동,중랑구,7,4,28.18,68-2,11260,5
"15,830",2003,2018,한일써너스빌,상봉동,중랑구,7,10,32.48,81-5,11260,9
"10,000",2000,2018,시네마시티,상봉동,중랑구,7,12,31.68,92-2,11260,13
"11,000",2012,2018,중화동 범양프레체,중화동,중랑구,7,21,22.21,208-4,11260,6
"12,400",2016,2018,효성 써너스빌 에코,망우동,중랑구,7,14,18.5,508-2,11260,18
"13,500",2016,2018,효성 써너스빌 에코,망우동,중랑구,7,28,18.5,508-2,11260,14
"14,000",2003,2018,디아뜨갤러리,신내동,중랑구,7,14,35.1,648,11260,5
"14,900",2003,2018,디아뜨갤러리,신내동,중랑구,7,18,35.1,648,11260,3
"15,400",2003,2018,디아뜨갤러리,신내동,중랑구,7,21,35.1,648,11260,3
"15,450",2003,2018,한일써너스빌,상봉동,중랑구,8,17,30.88,81-5,11260,4
"16,750",2003,2018,한일써너스빌,상봉동,중랑구,8,26,37.56,81-5,11260,5
"13,000",2016,2018,효성 써너스빌 에코,망우동,중랑구,8,4,18.5,508-2,11260,8
"12,300",2016,2018,효성 써너스빌 에코,망우동,중랑구,8,7,18.5,508-2,11260,6
"30,000",2008,2018,한일써너스빌리젠시 2단지,망우동,중랑구,8,26,59.2,495,11260,19
"14,500",2003,2018,금강리빙스텔,신내동,중랑구,8,28,35.1,646,11260,4
"7,400",2002,2018,서일타운,면목동,중랑구,9,10,28.18,68-2,11260,5
"15,600",2003,2018,한일써너스빌,상봉동,중랑구,9,1,32.48,81-5,11260,9
"17,200",2003,2018,한일써너스빌,상봉동,중랑구,9,10,37.56,81-5,11260,24
"11,000",2000,2018,시네마시티,상봉동,중랑구,9,19,38.88,92-2,11260,11
"11,800",2012,2018,중화동 범양프레체,중화동,중랑구,9,21,22.21,208-4,11260,7
"30,000",2008,2018,한일써너스빌리젠시 2단지,망우동,중랑구,9,13,59.2,495,11260,8
"14,000",2003,2018,디아뜨갤러리,신내동,중랑구,9,3,35.1,648,11260,2
"10,000",2000,2018,시네마시티,상봉동,중랑구,10,12,31.68,92-2,11260,11
"15,700",2003,2018,한일써너스빌,상봉동,중랑구,10,14,32.48,81-5,11260,21
"15,800",2003,2018,한일써너스빌,상봉동,중랑구,10,18,32.48,81-5,11260,23
"19,100",2003,2018,한일써너스빌,상봉동,중랑구,10,24,42.04,81-5,11260,25
"15,800",2003,2018,한일써너스빌,상봉동,중랑구,10,25,32.48,81-5,11260,20
"10,900",2012,2018,중화동 범양프레체,중화동,중랑구,10,4,22.21,208-4,11260,4
"14,600",2003,2018,디아뜨갤러리,신내동,중랑구,10,22,35.1,648,11260,3
"7,200",2002,2018,서일타운,면목동,중랑구,11,15,29.38,68-2,11260,7
"6,000",2000,2018,시네마시티,상봉동,중랑구,11,7,16.8,92-2,11260,14
"15,200",2003,2018,한일써너스빌,상봉동,중랑구,11,20,30.88,81-5,11260,4
"11,000",2004,2018,라메즈오피스텔(104-32),상봉동,중랑구,11,20,26.6,104-32,11260,2
"10,000",2000,2018,시네마시티,상봉동,중랑구,11,26,31.68,92-2,11260,8
"16,500",2004,2018,묵동신도주상복합,묵동,중랑구,11,27,37.67,169-10,11260,3
"13,500",2004,2018,묵동신도주상복합,묵동,중랑구,11,30,26.45,169-10,11260,3
"31,200",2008,2018,한일써너스빌리젠시 1단지,망우동,중랑구,11,2,59.61,479,11260,20
"12,500",2016,2018,효성 써너스빌 에코,망우동,중랑구,11,16,18.5,508-2,11260,19
"14,950",2003,2018,디아뜨갤러리,신내동,중랑구,11,1,36.66,648,11260,4
"14,000",2003,2018,금강리빙스텔,신내동,중랑구,11,9,33.3,646,11260,4
"7,200",2002,2018,서일타운,면목동,중랑구,12,8,26.57,68-2,11260,7
"14,300",2003,2018,금강리빙스텔,신내동,중랑구,12,1,33.3,646,11260,5
"14,500",2003,2018,디아뜨갤러리,신내동,중랑구,12,18,35.1,648,11260,5
"11,200",2000,2019,시네마시티,상봉동,중랑구,1,5,38.88,92-2,11260,13
"9,700",2000,2019,시네마시티,상봉동,중랑구,1,14,38.88,92-2,11260,10
"11,650",2012,2019,중화동 범양프레체,중화동,중랑구,1,7,22.21,208-4,11260,4
"7,000",2012,2019,(506-8),망우동,중랑구,1,29,17.64,506-8,11260,2
"15,950",2003,2019,한일써너스빌,상봉동,중랑구,2,22,32.48,81-5,11260,21
"15,900",2003,2019,한일써너스빌,상봉동,중랑구,2,24,34.8,81-5,11260,6
"13,500",2003,2019,금강리빙스텔,신내동,중랑구,2,7,33.3,646,11260,4
"8,250",2003,2019,엘리어트하우스,신내동,중랑구,2,23,18.59,644,11260,3
"7,450",2002,2019,서일타운,면목동,중랑구,3,9,26.57,68-2,11260,6
"15,900",2003,2019,한일써너스빌,상봉동,중랑구,3,19,34.8,81-5,11260,5
"10,000",2000,2019,시네마시티,상봉동,중랑구,3,28,31.68,92-2,11260,10
"13,700",2003,2019,금강리빙스텔,신내동,중랑구,3,4,35.1,646,11260,4
"14,350",2003,2019,금강리빙스텔,신내동,중랑구,3,8,35.1,646,11260,5
"23,200",2003,2019,디아뜨갤러리,신내동,중랑구,3,15,54,648,11260,3
"7,530",2002,2019,서일타운,면목동,중랑구,4,30,25.76,68-2,11260,5
"19,000",2003,2019,1,상봉동,중랑구,4,2,61.5,128-4,11260,5
"10,000",2004,2019,라메즈오피스텔(104-32),상봉동,중랑구,4,26,26.6,104-32,11260,4
"9,200",2003,2019,엘리어트하우스,신내동,중랑구,4,12,18.59,644,11260,5
"14,000",2004,2019,라메즈오피스텔(104-32),상봉동,중랑구,5,1,35.69,104-32,11260,7
"15,200",2003,2019,한일써너스빌,상봉동,중랑구,5,26,27.53,81-5,11260,5
"14,200",2003,2019,디아뜨갤러리,신내동,중랑구,5,11,35.1,648,11260,3
"10,000",2003,2019,엘리어트하우스,신내동,중랑구,5,13,37.19,644,11260,3
"8,100",2013,2019,중랑 지웰 에스테이트,면목동,중랑구,6,12,15.35,538,11260,2
"16,000",2003,2019,한일써너스빌,상봉동,중랑구,6,28,32.48,81-5,11260,6
"19,900",2018,2019,Major Officetel,상봉동,중랑구,6,29,21.23,104-70,11260,4
"11,000",2016,2019,효성 써너스빌 에코,망우동,중랑구,6,8,18.5,508-2,11260,13
"13,600",2003,2019,금강리빙스텔,신내동,중랑구,6,13,35.1,646,11260,3
"21,000",2018,2019,예지다움,상봉동,중랑구,7,4,29.84,128-33,11260,6
"10,000",2000,2019,시네마시티,상봉동,중랑구,7,24,38.88,92-2,11260,10
"30,400",2008,2019,한일써너스빌리젠시 1단지,망우동,중랑구,7,30,59.28,479,11260,9
"13,700",2003,2019,금강리빙스텔,신내동,중랑구,7,1,33.3,646,11260,5
"13,900",2003,2019,금강리빙스텔,신내동,중랑구,7,2,35.1,646,11260,4
"12,000",2003,2019,엘리어트하우스,신내동,중랑구,7,3,37.19,644,11260,5
"25,300",,2019,포시즌,면목동,중랑구,8,25,54.54,177-45,11260,3
"8,300",2013,2019,중랑 지웰 에스테이트,면목동,중랑구,8,25,15.35,538,11260,2
"16,500",2003,2019,한일써너스빌,상봉동,중랑구,8,7,32.48,81-5,11260,11
"10,300",2000,2019,시네마시티,상봉동,중랑구,8,19,38.88,92-2,11260,10
"20,000",2018,2019,예지다움,상봉동,중랑구,8,28,29.93,128-33,11260,5
"31,600",2008,2019,한일써너스빌리젠시 1단지,망우동,중랑구,8,22,59.63,479,11260,19
"8,650",2003,2019,엘리어트하우스,신내동,중랑구,8,8,18.59,644,11260,4
"7,450",2002,2019,서일타운,면목동,중랑구,9,23,28.18,68-2,11260,4
"9,900",2000,2019,시네마시티,상봉동,중랑구,9,26,38.88,92-2,11260,9
"10,073",2019,2019,이안채 S타워 B,상봉동,중랑구,10,20,15.3,102-52,11260,3
"26,128",2019,2019,이안채 S타워 B,상봉동,중랑구,10,20,37.81,102-52,11260,5
"26,128",2019,2019,이안채 S타워 B,상봉동,중랑구,10,20,37.81,102-52,11260,4
"26,128",2019,2019,이안채 S타워 B,상봉동,중랑구,10,20,37.81,102-52,11260,3
"17,045",2019,2019,이안채 S타워 B,상봉동,중랑구,10,20,25.39,102-52,11260,5
"17,045",2019,2019,이안채 S타워 B,상봉동,중랑구,10,20,25.39,102-52,11260,4
"17,045",2019,2019,이안채 S타워 B,상봉동,중랑구,10,20,25.39,102-52,11260,3
"11,197",2019,2019,이안채 S타워 B,상봉동,중랑구,10,20,17.65,102-52,11260,2
"10,073",2019,2019,이안채 S타워 B,상봉동,중랑구,10,20,15.3,102-52,11260,5
"10,073",2019,2019,이안채 S타워 B,상봉동,중랑구,10,20,15.3,102-52,11260,5
"10,073",2019,2019,이안채 S타워 B,상봉동,중랑구,10,20,15.3,102-52,11260,3
"10,073",2019,2019,이안채 S타워 B,상봉동,중랑구,10,20,15.3,102-52,11260,3
"10,073",2019,2019,이안채 S타워 B,상봉동,중랑구,10,20,15.3,102-52,11260,4
"10,073",2019,2019,이안채 S타워 B,상봉동,중랑구,10,20,15.3,102-52,11260,4
"10,073",2019,2019,이안채 S타워 B,상봉동,중랑구,10,20,15.3,102-52,11260,4
"10,073",2019,2019,이안채 S타워 B,상봉동,중랑구,10,20,15.3,102-52,11260,5
"23,770",2019,2019,더클래스,상봉동,중랑구,10,27,41.83,85-4,11260,5
"20,000",2018,2019,예지다움,상봉동,중랑구,10,29,29.84,128-33,11260,7
"9,000",2004,2019,라메즈오피스텔(104-32),상봉동,중랑구,10,30,26.6,104-32,11260,6
"12,000",2004,2019,묵동신도주상복합,묵동,중랑구,10,14,28.51,169-10,11260,4
"12,800",2004,2019,묵동신도주상복합,묵동,중랑구,10,16,28.51,169-10,11260,3
"30,500",2008,2019,한일써너스빌리젠시 1단지,망우동,중랑구,10,5,59.61,479,11260,12
"30,500",2008,2019,한일써너스빌리젠시 1단지,망우동,중랑구,10,24,59.61,479,11260,19
"14,550",2003,2019,디아뜨갤러리,신내동,중랑구,10,11,36.66,648,11260,3
"14,400",2003,2019,금강리빙스텔,신내동,중랑구,10,14,33.3,646,11260,3
"13,950",2003,2019,디아뜨갤러리,신내동,중랑구,10,22,35.1,648,11260,3
"31,500",2019,2019,휴먼럭스빌,면목동,중랑구,11,13,50.03,131-4,11260,2
"21,300",2018,2019,예지다움,상봉동,중랑구,11,8,29.93,128-33,11260,2
"17,000",2003,2019,한일써너스빌,상봉동,중랑구,11,18,42.04,81-5,11260,19
"12,000",2000,2019,시네마시티,상봉동,중랑구,11,20,38.88,92-2,11260,8
"14,707",2019,2019,동일씨엘로,상봉동,중랑구,11,23,17.05,102-7,11260,5
"14,917",2019,2019,동일씨엘로,상봉동,중랑구,11,28,17.05,102-7,11260,7
"17,649",2019,2019,동일씨엘로,상봉동,중랑구,11,28,22.3,102-7,11260,4
"28,100",2017,2019,화인하우스,중화동,중랑구,11,1,76.88,307-4,11260,3
"8,500",2012,2019,(506-8),망우동,중랑구,11,8,17.3,506-8,11260,4
"30,800",2008,2019,한일써너스빌리젠시 1단지,망우동,중랑구,11,29,59.63,479,11260,21
"12,000",2003,2019,엘리어트하우스,신내동,중랑구,11,9,37.19,644,11260,4
"13,300",2003,2019,금강리빙스텔,신내동,중랑구,11,30,33.3,646,11260,4
"17,550",2019,2019,킴스타워,면목동,중랑구,12,16,18.96,637-2,11260,3
"17,550",2019,2019,킴스타워,면목동,중랑구,12,16,18.96,637-2,11260,4
"19,700",2019,2019,킴스타워,면목동,중랑구,12,16,21.96,637-2,11260,5
"19,700",2019,2019,킴스타워,면목동,중랑구,12,16,21.96,637-2,11260,4
"19,700",2019,2019,킴스타워,면목동,중랑구,12,16,21.96,637-2,11260,3
"18,400",2019,2019,킴스타워,면목동,중랑구,12,16,20.31,637-2,11260,5
"18,400",2019,2019,킴스타워,면목동,중랑구,12,16,20.31,637-2,11260,4
"18,400",2019,2019,킴스타워,면목동,중랑구,12,16,20.31,637-2,11260,3
"18,250",2019,2019,킴스타워,면목동,중랑구,12,16,20.14,637-2,11260,5
"18,250",2019,2019,킴스타워,면목동,중랑구,12,16,20.14,637-2,11260,4
"18,250",2019,2019,킴스타워,면목동,중랑구,12,16,20.14,637-2,11260,3
"17,950",2019,2019,킴스타워,면목동,중랑구,12,16,19.6,637-2,11260,5
"17,550",2019,2019,킴스타워,면목동,중랑구,12,16,18.96,637-2,11260,5
"17,700",2019,2019,킴스타워,면목동,중랑구,12,16,19.11,637-2,11260,3
"17,700",2019,2019,킴스타워,면목동,중랑구,12,16,19.11,637-2,11260,3
"17,700",2019,2019,킴스타워,면목동,중랑구,12,16,19.11,637-2,11260,4
"17,700",2019,2019,킴스타워,면목동,중랑구,12,16,19.11,637-2,11260,4
"17,700",2019,2019,킴스타워,면목동,중랑구,12,16,19.11,637-2,11260,5
"17,700",2019,2019,킴스타워,면목동,중랑구,12,16,19.11,637-2,11260,5
"17,950",2019,2019,킴스타워,면목동,중랑구,12,16,19.6,637-2,11260,3
"17,950",2019,2019,킴스타워,면목동,중랑구,12,16,19.6,637-2,11260,3
"17,950",2019,2019,킴스타워,면목동,중랑구,12,16,19.6,637-2,11260,4
"17,950",2019,2019,킴스타워,면목동,중랑구,12,16,19.6,637-2,11260,4
"17,950",2019,2019,킴스타워,면목동,중랑구,12,16,19.6,637-2,11260,5
"16,703",2019,2019,동일씨엘로,상봉동,중랑구,12,8,19.54,102-7,11260,5
"14,707",2019,2019,동일씨엘로,상봉동,중랑구,12,8,17.05,102-7,11260,4
"16,703",2019,2019,동일씨엘로,상봉동,중랑구,12,8,19.54,102-7,11260,5
"13,000",2004,2019,라메즈오피스텔(104-32),상봉동,중랑구,12,13,26.6,104-32,11260,5
"16,913",2019,2019,동일씨엘로,상봉동,중랑구,12,14,19.54,102-7,11260,7
"10,950",2012,2019,중화동 범양프레체,중화동,중랑구,12,14,22.21,208-4,11260,5
"30,200",2008,2019,한일써너스빌리젠시 1단지,망우동,중랑구,12,13,59.29,479,11260,4
"31,800",2008,2019,한일써너스빌리젠시 1단지,망우동,중랑구,12,19,59.61,479,11260,21
"30,800",2008,2019,한일써너스빌리젠시 1단지,망우동,중랑구,12,28,59.28,479,11260,7
"14,400",2003,2019,디아뜨갤러리,신내동,중랑구,12,2,38.25,648,11260,3
"13,750",2003,2019,금강리빙스텔,신내동,중랑구,12,12,35.55,646,11260,3
